{"first_round": ["Montreal Canadiens", "Ottawa Senators", "Tampa Bay Lightning", "Detroit Red Wings", "New York Rangers", "Pittsburgh Penguins", "New York Islanders", "Washington Capitals", "St. Louis Blues", "Minnesota Wild", "Nashville Predators", "Chicago Blackhawks", "Anaheim Ducks", "Winnipeg Jets", "Vancouver Canucks", "Calgary Flames"], "second_round": ["Montreal Canadiens", "Tampa Bay Lightning", "New York Rangers", "Washington Capitals", "Minnesota Wild", "Chicago Blackhawks", "Anaheim Ducks", "Calgary Flames"], "conference_finals": ["Tampa Bay Lightning", "New York Rangers", "Chicago Blackhawks", "Anaheim Ducks"], "final": ["Tampa Bay Lightning", "Chicago Blackhawks"], "winner": ["Chicago Blackhawks"]}