visitor_team_name,visitor_goals,home_team_name,home_goals,overtimes,attendance,game_duration,game_remarks,date_game
Philadelphia Flyers,1,Boston Bruins,2,,"17,565",,,2014-10-08
Vancouver Canucks,4,Calgary Flames,2,,"19,289",,,2014-10-08
San Jose Sharks,4,Los Angeles Kings,0,,"18,514",,,2014-10-08
Montreal Canadiens,4,Toronto Maple Leafs,3,,"19,745",,,2014-10-08
Winnipeg Jets,6,Arizona Coyotes,2,,"17,125",,,2014-10-09
Columbus Blue Jackets,3,Buffalo Sabres,1,,"18,215",,,2014-10-09
Chicago Blackhawks,3,Dallas Stars,2,SO,"18,768",,,2014-10-09
Boston Bruins,1,Detroit Red Wings,2,,"20,027",,,2014-10-09
Calgary Flames,5,Edmonton Oilers,2,,"16,839",,,2014-10-09
Colorado Avalanche,0,Minnesota Wild,5,,"19,098",,,2014-10-09
Ottawa Senators,2,Nashville Predators,3,,"17,113",,,2014-10-09
New Jersey Devils,6,Philadelphia Flyers,4,,"19,801",,,2014-10-09
Anaheim Ducks,4,Pittsburgh Penguins,6,,"18,633",,,2014-10-09
New York Rangers,3,St. Louis Blues,2,,"19,183",,,2014-10-09
Florida Panthers,2,Tampa Bay Lightning,3,OT,"19,204",,,2014-10-09
Montreal Canadiens,2,Washington Capitals,1,SO,"18,506",,,2014-10-09
New York Islanders,5,Carolina Hurricanes,3,,"18,680",,,2014-10-10
Los Angeles Kings,2,Arizona Coyotes,3,OT,"12,859",,,2014-10-11
Washington Capitals,4,Boston Bruins,0,,"17,565",,,2014-10-11
New York Rangers,2,Columbus Blue Jackets,5,,"18,922",,,2014-10-11
Buffalo Sabres,2,Chicago Blackhawks,6,,"22,012",,,2014-10-11
Minnesota Wild,3,Colorado Avalanche,0,,"18,139",,,2014-10-11
Anaheim Ducks,3,Detroit Red Wings,2,,"20,027",,,2014-10-11
New Jersey Devils,5,Florida Panthers,1,,"11,419",,,2014-10-11
Dallas Stars,1,Nashville Predators,4,,"17,113",,,2014-10-11
Carolina Hurricanes,3,New York Islanders,4,,"16,170",,,2014-10-11
Montreal Canadiens,4,Philadelphia Flyers,3,SO,"19,745",,,2014-10-11
Winnipeg Jets,0,San Jose Sharks,3,,"17,562",,,2014-10-11
Calgary Flames,1,St. Louis Blues,4,,"17,120",,,2014-10-11
Ottawa Senators,3,Tampa Bay Lightning,2,SO,"19,204",,,2014-10-11
Pittsburgh Penguins,5,Toronto Maple Leafs,2,,"19,039",,,2014-10-11
Edmonton Oilers,4,Vancouver Canucks,5,SO,"18,870",,,2014-10-11
Winnipeg Jets,1,Los Angeles Kings,4,,"18,230",,,2014-10-12
Toronto Maple Leafs,6,New York Rangers,3,,"18,006",,,2014-10-12
Colorado Avalanche,2,Boston Bruins,1,,"17,565",,,2014-10-13
Anaheim Ducks,5,Buffalo Sabres,1,,"18,912",,,2014-10-13
Ottawa Senators,1,Florida Panthers,0,,"7,311",,,2014-10-13
Montreal Canadiens,1,Tampa Bay Lightning,7,,"17,622",,,2014-10-13
Buffalo Sabres,4,Carolina Hurricanes,3,SO,"14,930",,,2014-10-14
Dallas Stars,4,Columbus Blue Jackets,2,,"15,995",,,2014-10-14
Edmonton Oilers,1,Los Angeles Kings,6,,"18,230",,,2014-10-14
Calgary Flames,3,Nashville Predators,2,SO,"15,654",,,2014-10-14
New York Islanders,6,New York Rangers,3,,"18,006",,,2014-10-14
Anaheim Ducks,4,Philadelphia Flyers,3,SO,"19,589",,,2014-10-14
New Jersey Devils,2,Tampa Bay Lightning,1,,"18,064",,,2014-10-14
Colorado Avalanche,2,Toronto Maple Leafs,3,OT,"18,754",,,2014-10-14
San Jose Sharks,6,Washington Capitals,5,SO,"18,506",,,2014-10-14
Edmonton Oilers,4,Arizona Coyotes,7,,"11,648",,,2014-10-15
Calgary Flames,2,Chicago Blackhawks,1,OT,"21,112",,,2014-10-15
Boston Bruins,3,Detroit Red Wings,2,SO,"20,027",,,2014-10-15
St. Louis Blues,0,Los Angeles Kings,1,SO,"18,230",,,2014-10-16
Boston Bruins,4,Montreal Canadiens,6,,"21,287",,,2014-10-16
San Jose Sharks,3,New York Islanders,4,SO,"11,248",,,2014-10-16
Carolina Hurricanes,1,New York Rangers,2,SO,"18,006",,,2014-10-16
Colorado Avalanche,3,Ottawa Senators,5,,"19,913",,,2014-10-16
Dallas Stars,3,Pittsburgh Penguins,2,,"18,615",,,2014-10-16
New Jersey Devils,2,Washington Capitals,6,,"18,506",,,2014-10-16
Minnesota Wild,1,Anaheim Ducks,2,,"17,306",,,2014-10-17
Florida Panthers,1,Buffalo Sabres,0,,"17,864",,,2014-10-17
Calgary Flames,2,Columbus Blue Jackets,3,,"15,987",,,2014-10-17
Vancouver Canucks,2,Edmonton Oilers,0,,"16,839",,,2014-10-17
Detroit Red Wings,4,Toronto Maple Leafs,1,,"19,054",,,2014-10-17
Nashville Predators,2,Winnipeg Jets,0,,"15,016",,,2014-10-17
St. Louis Blues,6,Arizona Coyotes,1,,"11,100",,,2014-10-18
Boston Bruins,4,Buffalo Sabres,0,,"18,685",,,2014-10-18
Nashville Predators,1,Chicago Blackhawks,2,OT,"21,640",,,2014-10-18
Philadelphia Flyers,6,Dallas Stars,5,OT,"18,532",,,2014-10-18
Toronto Maple Leafs,0,Detroit Red Wings,1,OT,"20,027",,,2014-10-18
Colorado Avalanche,2,Montreal Canadiens,3,,"21,287",,,2014-10-18
San Jose Sharks,4,New Jersey Devils,2,,"16,592",,,2014-10-18
Columbus Blue Jackets,2,Ottawa Senators,3,,"18,994",,,2014-10-18
New York Islanders,1,Pittsburgh Penguins,3,,"18,655",,,2014-10-18
Tampa Bay Lightning,4,Vancouver Canucks,2,,"18,647",,,2014-10-18
Florida Panthers,1,Washington Capitals,2,SO,"18,506",,,2014-10-18
St. Louis Blues,0,Anaheim Ducks,3,,"15,687",,,2014-10-19
Minnesota Wild,1,Los Angeles Kings,2,,"18,230",,,2014-10-19
San Jose Sharks,0,New York Rangers,4,,"18,006",,,2014-10-19
Calgary Flames,4,Winnipeg Jets,1,,"15,016",,,2014-10-19
Tampa Bay Lightning,2,Edmonton Oilers,3,,"16,839",,,2014-10-20
San Jose Sharks,3,Boston Bruins,5,,"17,565",,,2014-10-21
Tampa Bay Lightning,2,Calgary Flames,1,OT,"19,289",,,2014-10-21
Philadelphia Flyers,0,Chicago Blackhawks,4,,"21,162",,,2014-10-21
Florida Panthers,4,Colorado Avalanche,3,OT,"14,440",,,2014-10-21
Vancouver Canucks,3,Dallas Stars,6,,"15,678",,,2014-10-21
Detroit Red Wings,1,Montreal Canadiens,2,OT,"21,287",,,2014-10-21
New York Rangers,4,New Jersey Devils,3,OT,"14,484",,,2014-10-21
Arizona Coyotes,3,Nashville Predators,4,SO,"15,694",,,2014-10-21
Toronto Maple Leafs,5,New York Islanders,2,,"11,408",,,2014-10-21
Carolina Hurricanes,1,Winnipeg Jets,3,,"15,016",,,2014-10-21
Buffalo Sabres,1,Anaheim Ducks,4,,"16,067",,,2014-10-22
Washington Capitals,2,Edmonton Oilers,3,,"16,839",,,2014-10-22
Philadelphia Flyers,5,Pittsburgh Penguins,3,,"18,661",,,2014-10-22
New York Islanders,3,Boston Bruins,2,,"17,565",,,2014-10-23
Carolina Hurricanes,0,Calgary Flames,5,,"19,289",,,2014-10-23
Pittsburgh Penguins,3,Detroit Red Wings,4,OT,"20,027",,,2014-10-23
Buffalo Sabres,0,Los Angeles Kings,2,,"18,230",,,2014-10-23
Arizona Coyotes,0,Minnesota Wild,2,,"18,554",,,2014-10-23
Chicago Blackhawks,2,Nashville Predators,3,,"17,157",,,2014-10-23
Columbus Blue Jackets,5,San Jose Sharks,4,,"17,562",,,2014-10-23
Vancouver Canucks,4,St. Louis Blues,1,,"16,099",,,2014-10-23
Columbus Blue Jackets,1,Anaheim Ducks,4,,"15,778",,,2014-10-24
Vancouver Canucks,3,Colorado Avalanche,7,,"17,119",,,2014-10-24
Carolina Hurricanes,3,Edmonton Oilers,6,,"16,839",,,2014-10-24
Dallas Stars,3,New Jersey Devils,2,SO,"14,657",,,2014-10-24
Tampa Bay Lightning,4,Winnipeg Jets,2,,"15,016",,,2014-10-24
Florida Panthers,1,Arizona Coyotes,2,OT,"13,202",,,2014-10-25
Washington Capitals,3,Calgary Flames,1,,"19,095",,,2014-10-25
Tampa Bay Lightning,2,Minnesota Wild,7,,"18,884",,,2014-10-25
New York Rangers,1,Montreal Canadiens,3,,"21,287",,,2014-10-25
Pittsburgh Penguins,3,Nashville Predators,0,,"17,218",,,2014-10-25
Dallas Stars,5,New York Islanders,7,,"15,208",,,2014-10-25
New Jersey Devils,3,Ottawa Senators,2,OT,"19,266",,,2014-10-25
Detroit Red Wings,2,Philadelphia Flyers,4,,"19,867",,,2014-10-25
Buffalo Sabres,2,San Jose Sharks,1,,"17,370",,,2014-10-25
Chicago Blackhawks,2,St. Louis Blues,3,,"19,434",,,2014-10-25
Boston Bruins,4,Toronto Maple Leafs,1,,"19,132",,,2014-10-25
San Jose Sharks,4,Anaheim Ducks,1,,"16,954",,,2014-10-26
Ottawa Senators,1,Chicago Blackhawks,2,,"21,310",,,2014-10-26
Columbus Blue Jackets,2,Los Angeles Kings,5,,"18,230",,,2014-10-26
Washington Capitals,2,Vancouver Canucks,4,,"18,427",,,2014-10-26
Colorado Avalanche,1,Winnipeg Jets,2,OT,"15,016",,,2014-10-26
Montreal Canadiens,0,Edmonton Oilers,3,,"16,839",,,2014-10-27
Minnesota Wild,4,New York Rangers,5,,"18,006",,,2014-10-27
Minnesota Wild,4,Boston Bruins,3,,"17,565",,,2014-10-28
Ottawa Senators,5,Columbus Blue Jackets,2,,"14,749",,,2014-10-28
Montreal Canadiens,2,Calgary Flames,1,SO,"19,289",,,2014-10-28
Anaheim Ducks,1,Chicago Blackhawks,0,,"21,233",,,2014-10-28
San Jose Sharks,3,Colorado Avalanche,2,SO,"14,552",,,2014-10-28
St. Louis Blues,4,Dallas Stars,3,OT,"16,232",,,2014-10-28
Winnipeg Jets,4,New York Islanders,3,,"11,508",,,2014-10-28
Los Angeles Kings,2,Philadelphia Flyers,3,OT,"19,873",,,2014-10-28
New Jersey Devils,3,Pittsburgh Penguins,8,,"18,650",,,2014-10-28
Arizona Coyotes,3,Tampa Bay Lightning,7,,"17,511",,,2014-10-28
Buffalo Sabres,0,Toronto Maple Leafs,4,,"18,898",,,2014-10-28
Carolina Hurricanes,1,Vancouver Canucks,4,,"18,234",,,2014-10-28
Nashville Predators,4,Edmonton Oilers,1,,"16,839",,,2014-10-29
Detroit Red Wings,4,Washington Capitals,2,,"18,506",,,2014-10-29
Boston Bruins,3,Buffalo Sabres,2,OT,"17,477",,,2014-10-30
New York Islanders,0,Colorado Avalanche,5,,"12,892",,,2014-10-30
Arizona Coyotes,1,Florida Panthers,2,,"7,691",,,2014-10-30
San Jose Sharks,3,Minnesota Wild,4,SO,"18,633",,,2014-10-30
Winnipeg Jets,1,New Jersey Devils,2,SO,"12,897",,,2014-10-30
Chicago Blackhawks,5,Ottawa Senators,4,SO,"17,529",,,2014-10-30
Los Angeles Kings,0,Pittsburgh Penguins,3,,"18,570",,,2014-10-30
Anaheim Ducks,0,St. Louis Blues,2,,"16,723",,,2014-10-30
Philadelphia Flyers,3,Tampa Bay Lightning,4,,"18,642",,,2014-10-30
Montreal Canadiens,2,Vancouver Canucks,3,OT,"18,870",,,2014-10-30
Toronto Maple Leafs,4,Columbus Blue Jackets,1,,"14,479",,,2014-10-31
Nashville Predators,3,Calgary Flames,4,,"18,505",,,2014-10-31
Anaheim Ducks,2,Dallas Stars,1,OT,"15,343",,,2014-10-31
Los Angeles Kings,2,Detroit Red Wings,5,,"20,027",,,2014-10-31
Ottawa Senators,2,Boston Bruins,4,,"17,565",,,2014-11-01
Arizona Coyotes,0,Carolina Hurricanes,3,,"10,870",,,2014-11-01
Vancouver Canucks,3,Edmonton Oilers,2,,"16,839",,,2014-11-01
Philadelphia Flyers,1,Florida Panthers,2,,"9,774",,,2014-11-01
Dallas Stars,1,Minnesota Wild,4,,"19,088",,,2014-11-01
Columbus Blue Jackets,2,New Jersey Devils,3,,"13,542",,,2014-11-01
Winnipeg Jets,1,New York Rangers,0,SO,"18,006",,,2014-11-01
Buffalo Sabres,0,Pittsburgh Penguins,5,,"18,652",,,2014-11-01
New York Islanders,1,San Jose Sharks,3,,"17,562",,,2014-11-01
Colorado Avalanche,2,St. Louis Blues,3,SO,"17,498",,,2014-11-01
Washington Capitals,3,Tampa Bay Lightning,4,,"19,119",,,2014-11-01
Chicago Blackhawks,2,Toronto Maple Leafs,3,,"19,138",,,2014-11-01
Detroit Red Wings,2,Buffalo Sabres,3,SO,"17,815",,,2014-11-02
Los Angeles Kings,2,Carolina Hurricanes,3,,"10,519",,,2014-11-02
Winnipeg Jets,1,Chicago Blackhawks,0,,"21,204",,,2014-11-02
Anaheim Ducks,3,Colorado Avalanche,2,,"15,310",,,2014-11-02
Calgary Flames,6,Montreal Canadiens,2,,"21,287",,,2014-11-02
Nashville Predators,3,Vancouver Canucks,1,,"18,395",,,2014-11-02
Arizona Coyotes,6,Washington Capitals,5,,"18,506",,,2014-11-02
St. Louis Blues,4,New York Rangers,3,SO,"18,006",,,2014-11-03
Toronto Maple Leafs,2,Arizona Coyotes,3,,"14,202",,,2014-11-04
Florida Panthers,1,Boston Bruins,2,OT,"17,565",,,2014-11-04
Carolina Hurricanes,4,Columbus Blue Jackets,2,,"15,638",,,2014-11-04
Vancouver Canucks,5,Colorado Avalanche,2,,"13,221",,,2014-11-04
Los Angeles Kings,3,Dallas Stars,1,,"16,567",,,2014-11-04
Pittsburgh Penguins,4,Minnesota Wild,1,,"18,788",,,2014-11-04
Chicago Blackhawks,5,Montreal Canadiens,0,,"21,287",,,2014-11-04
St. Louis Blues,1,New Jersey Devils,0,,"15,102",,,2014-11-04
Detroit Red Wings,1,Ottawa Senators,3,,"16,436",,,2014-11-04
Edmonton Oilers,1,Philadelphia Flyers,4,,"19,566",,,2014-11-04
Nashville Predators,1,Winnipeg Jets,3,,"15,016",,,2014-11-04
Calgary Flames,4,Washington Capitals,3,OT,"18,506",,,2014-11-04
New York Islanders,3,Anaheim Ducks,2,OT,"16,448",,,2014-11-05
Montreal Canadiens,2,Buffalo Sabres,1,SO,"17,837",,,2014-11-05
Detroit Red Wings,3,New York Rangers,4,OT,"18,006",,,2014-11-05
Edmonton Oilers,2,Boston Bruins,5,,"17,565",,,2014-11-06
Toronto Maple Leafs,3,Colorado Avalanche,4,SO,"15,036",,,2014-11-06
Nashville Predators,3,Dallas Stars,2,,"17,054",,,2014-11-06
New York Islanders,2,Los Angeles Kings,1,SO,"18,230",,,2014-11-06
Minnesota Wild,0,Ottawa Senators,3,,"16,867",,,2014-11-06
Florida Panthers,1,Philadelphia Flyers,4,,"19,777",,,2014-11-06
Vancouver Canucks,3,San Jose Sharks,2,,"17,562",,,2014-11-06
New Jersey Devils,3,St. Louis Blues,4,,"16,523",,,2014-11-06
Calgary Flames,2,Tampa Bay Lightning,5,,"18,276",,,2014-11-06
Pittsburgh Penguins,4,Winnipeg Jets,3,SO,"15,016",,,2014-11-06
Arizona Coyotes,3,Anaheim Ducks,2,SO,"16,235",,,2014-11-07
Edmonton Oilers,3,Buffalo Sabres,2,,"17,490",,,2014-11-07
Columbus Blue Jackets,2,Carolina Hurricanes,3,OT,"11,540",,,2014-11-07
Washington Capitals,3,Chicago Blackhawks,2,,"21,892",,,2014-11-07
New Jersey Devils,2,Detroit Red Wings,4,,"20,027",,,2014-11-07
New York Islanders,1,Arizona Coyotes,0,,"14,689",,,2014-11-08
Pittsburgh Penguins,6,Buffalo Sabres,1,,"19,070",,,2014-11-08
Tampa Bay Lightning,7,Columbus Blue Jackets,4,,"14,892",,,2014-11-08
San Jose Sharks,5,Dallas Stars,3,,"17,023",,,2014-11-08
Calgary Flames,6,Florida Panthers,4,,"9,230",,,2014-11-08
Vancouver Canucks,1,Los Angeles Kings,5,,"18,230",,,2014-11-08
Minnesota Wild,1,Montreal Canadiens,4,,"21,287",,,2014-11-08
Winnipeg Jets,2,Ottawa Senators,1,SO,"19,189",,,2014-11-08
Colorado Avalanche,3,Philadelphia Flyers,4,,"19,792",,,2014-11-08
Nashville Predators,2,St. Louis Blues,1,,"18,869",,,2014-11-08
New York Rangers,4,Toronto Maple Leafs,5,,"19,320",,,2014-11-08
Carolina Hurricanes,3,Washington Capitals,4,OT,"18,506",,,2014-11-08
Vancouver Canucks,2,Anaheim Ducks,1,SO,"16,749",,,2014-11-09
San Jose Sharks,2,Chicago Blackhawks,5,,"21,489",,,2014-11-09
Tampa Bay Lightning,4,Detroit Red Wings,3,SO,"20,027",,,2014-11-09
Edmonton Oilers,3,New York Rangers,1,,"18,006",,,2014-11-09
Toronto Maple Leafs,5,Ottawa Senators,3,,"19,229",,,2014-11-09
New Jersey Devils,2,Boston Bruins,4,,"17,565",,,2014-11-10
Calgary Flames,1,Carolina Hurricanes,4,,"9,906",,,2014-11-10
Dallas Stars,4,Arizona Coyotes,3,,"11,866",,,2014-11-11
Tampa Bay Lightning,2,Chicago Blackhawks,3,SO,"21,345",,,2014-11-11
San Jose Sharks,1,Florida Panthers,4,,"8,075",,,2014-11-11
Winnipeg Jets,0,Montreal Canadiens,3,,"21,287",,,2014-11-11
Minnesota Wild,1,New Jersey Devils,3,,"14,256",,,2014-11-11
Edmonton Oilers,2,Nashville Predators,3,,"17,129",,,2014-11-11
Colorado Avalanche,0,New York Islanders,6,,"12,888",,,2014-11-11
Pittsburgh Penguins,0,New York Rangers,5,,"18,006",,,2014-11-11
Buffalo Sabres,1,St. Louis Blues,6,,"17,570",,,2014-11-11
Ottawa Senators,3,Vancouver Canucks,4,OT,"18,775",,,2014-11-11
Columbus Blue Jackets,2,Washington Capitals,4,,"18,506",,,2014-11-11
Los Angeles Kings,5,Anaheim Ducks,6,SO,"17,245",,,2014-11-12
Boston Bruins,1,Toronto Maple Leafs,6,,"19,264",,,2014-11-12
Winnipeg Jets,3,Carolina Hurricanes,1,,"10,005",,,2014-11-13
Arizona Coyotes,3,Calgary Flames,5,,"18,698",,,2014-11-13
Ottawa Senators,4,Edmonton Oilers,3,OT,"16,839",,,2014-11-13
Dallas Stars,2,Los Angeles Kings,0,,"18,230",,,2014-11-13
Buffalo Sabres,3,Minnesota Wild,6,,"18,925",,,2014-11-13
Boston Bruins,1,Montreal Canadiens,5,,"21,287",,,2014-11-13
Colorado Avalanche,4,New York Rangers,3,SO,"18,006",,,2014-11-13
Nashville Predators,3,St. Louis Blues,4,,"15,702",,,2014-11-13
San Jose Sharks,2,Tampa Bay Lightning,1,,"19,004",,,2014-11-13
Chicago Blackhawks,1,Detroit Red Wings,4,,"20,027",,,2014-11-14
New York Islanders,4,Florida Panthers,3,SO,"10,010",,,2014-11-14
Columbus Blue Jackets,4,Philadelphia Flyers,3,,"19,789",,,2014-11-14
Pittsburgh Penguins,2,Toronto Maple Leafs,1,,"19,295",,,2014-11-14
Arizona Coyotes,5,Vancouver Canucks,0,,"18,708",,,2014-11-14
New Jersey Devils,1,Washington Capitals,0,,"18,506",,,2014-11-14
Carolina Hurricanes,1,Boston Bruins,2,,"17,565",,,2014-11-15
Toronto Maple Leafs,2,Buffalo Sabres,6,,"19,070",,,2014-11-15
San Jose Sharks,1,Columbus Blue Jackets,2,,"15,950",,,2014-11-15
Ottawa Senators,2,Calgary Flames,4,,"19,289",,,2014-11-15
Minnesota Wild,2,Dallas Stars,1,,"17,543",,,2014-11-15
Anaheim Ducks,2,Los Angeles Kings,3,OT,"18,230",,,2014-11-15
Philadelphia Flyers,3,Montreal Canadiens,6,,"21,287",,,2014-11-15
Colorado Avalanche,3,New Jersey Devils,2,,"15,626",,,2014-11-15
Winnipeg Jets,1,Nashville Predators,2,,"17,113",,,2014-11-15
New York Rangers,2,Pittsburgh Penguins,3,SO,"18,652",,,2014-11-15
Washington Capitals,1,St. Louis Blues,4,,"19,339",,,2014-11-15
New York Islanders,2,Tampa Bay Lightning,5,,"19,204",,,2014-11-15
Florida Panthers,6,Anaheim Ducks,2,,"16,128",,,2014-11-16
San Jose Sharks,2,Carolina Hurricanes,0,,"12,784",,,2014-11-16
Dallas Stars,2,Chicago Blackhawks,6,,"21,671",,,2014-11-16
Montreal Canadiens,4,Detroit Red Wings,1,,"20,027",,,2014-11-16
Arizona Coyotes,2,Edmonton Oilers,1,,"16,839",,,2014-11-16
Winnipeg Jets,3,Minnesota Wild,4,OT,"18,808",,,2014-11-16
Tampa Bay Lightning,5,New York Rangers,1,,"18,006",,,2014-11-17
Washington Capitals,2,Arizona Coyotes,1,OT,"11,769",,,2014-11-18
St. Louis Blues,0,Boston Bruins,2,,"17,565",,,2014-11-18
San Jose Sharks,1,Buffalo Sabres,4,,"17,435",,,2014-11-18
Detroit Red Wings,5,Columbus Blue Jackets,0,,"15,438",,,2014-11-18
Anaheim Ducks,3,Calgary Flames,4,SO,"18,421",,,2014-11-18
Carolina Hurricanes,6,Dallas Stars,4,,"15,678",,,2014-11-18
Florida Panthers,2,Los Angeles Kings,5,,"18,230",,,2014-11-18
Pittsburgh Penguins,4,Montreal Canadiens,0,,"21,287",,,2014-11-18
Tampa Bay Lightning,2,New York Islanders,5,,"12,908",,,2014-11-18
Nashville Predators,9,Toronto Maple Leafs,2,,"19,012",,,2014-11-18
New Jersey Devils,1,Winnipeg Jets,3,,"15,016",,,2014-11-18
Vancouver Canucks,5,Edmonton Oilers,4,,"16,839",,,2014-11-19
Philadelphia Flyers,0,New York Rangers,2,,"18,006",,,2014-11-19
Chicago Blackhawks,4,Calgary Flames,3,,"19,289",,,2014-11-20
Washington Capitals,3,Colorado Avalanche,2,,"16,476",,,2014-11-20
Arizona Coyotes,1,Dallas Stars,3,,"16,078",,,2014-11-20
Carolina Hurricanes,2,Los Angeles Kings,3,,"18,230",,,2014-11-20
St. Louis Blues,1,Montreal Canadiens,4,,"21,287",,,2014-11-20
Nashville Predators,2,Ottawa Senators,3,,"16,796",,,2014-11-20
Minnesota Wild,3,Philadelphia Flyers,2,,"19,919",,,2014-11-20
Florida Panthers,3,San Jose Sharks,2,SO,"17,331",,,2014-11-20
Tampa Bay Lightning,2,Toronto Maple Leafs,5,,"19,089",,,2014-11-20
Anaheim Ducks,4,Vancouver Canucks,3,SO,"18,870",,,2014-11-20
Detroit Red Wings,4,Winnipeg Jets,3,,"15,016",,,2014-11-20
Boston Bruins,4,Columbus Blue Jackets,3,SO,"15,030",,,2014-11-21
New Jersey Devils,2,Edmonton Oilers,0,,"16,839",,,2014-11-21
New York Islanders,5,Pittsburgh Penguins,4,SO,"18,653",,,2014-11-21
Montreal Canadiens,2,Boston Bruins,0,,"17,565",,,2014-11-22
New Jersey Devils,4,Calgary Flames,5,SO,"18,874",,,2014-11-22
Carolina Hurricanes,3,Colorado Avalanche,4,,"17,208",,,2014-11-22
Los Angeles Kings,4,Dallas Stars,5,,"18,111",,,2014-11-22
Chicago Blackhawks,7,Edmonton Oilers,1,,"16,839",,,2014-11-22
Florida Panthers,2,Nashville Predators,3,SO,"17,163",,,2014-11-22
Pittsburgh Penguins,1,New York Islanders,4,,"16,170",,,2014-11-22
St. Louis Blues,3,Ottawa Senators,2,,"18,479",,,2014-11-22
Columbus Blue Jackets,2,Philadelphia Flyers,4,,"19,846",,,2014-11-22
Arizona Coyotes,4,San Jose Sharks,3,SO,"17,297",,,2014-11-22
Minnesota Wild,1,Tampa Bay Lightning,2,,"19,204",,,2014-11-22
Detroit Red Wings,1,Toronto Maple Leafs,4,,"19,311",,,2014-11-22
Buffalo Sabres,2,Washington Capitals,1,,"18,506",,,2014-11-22
Arizona Coyotes,1,Anaheim Ducks,2,,"15,928",,,2014-11-23
Montreal Canadiens,0,New York Rangers,5,,"18,006",,,2014-11-23
Chicago Blackhawks,1,Vancouver Canucks,4,,"18,663",,,2014-11-23
St. Louis Blues,4,Winnipeg Jets,2,,"15,016",,,2014-11-23
Pittsburgh Penguins,3,Boston Bruins,2,OT,"17,565",,,2014-11-24
Ottawa Senators,3,Detroit Red Wings,4,,"20,027",,,2014-11-24
Minnesota Wild,4,Florida Panthers,1,,"8,426",,,2014-11-24
Philadelphia Flyers,0,New York Islanders,1,SO,"12,409",,,2014-11-24
Calgary Flames,2,Anaheim Ducks,3,,"17,174",,,2014-11-25
Colorado Avalanche,4,Arizona Coyotes,3,OT,"12,163",,,2014-11-25
Winnipeg Jets,4,Columbus Blue Jackets,2,,"13,745",,,2014-11-25
Edmonton Oilers,2,Dallas Stars,3,,"16,322",,,2014-11-25
Los Angeles Kings,3,Nashville Predators,4,SO,"17,181",,,2014-11-25
Ottawa Senators,3,St. Louis Blues,2,SO,"16,680",,,2014-11-25
New Jersey Devils,0,Vancouver Canucks,2,,"18,606",,,2014-11-25
Winnipeg Jets,2,Buffalo Sabres,1,,"18,442",,,2014-11-26
Chicago Blackhawks,3,Colorado Avalanche,2,,"18,007",,,2014-11-26
Philadelphia Flyers,2,Detroit Red Wings,5,,"20,027",,,2014-11-26
Carolina Hurricanes,0,Florida Panthers,1,,"8,119",,,2014-11-26
Los Angeles Kings,4,Minnesota Wild,0,,"19,038",,,2014-11-26
Washington Capitals,2,New York Islanders,3,OT,"16,170",,,2014-11-26
Toronto Maple Leafs,3,Pittsburgh Penguins,4,OT,"18,645",,,2014-11-26
Calgary Flames,2,San Jose Sharks,0,,"17,353",,,2014-11-26
New York Rangers,3,Tampa Bay Lightning,4,,"19,204",,,2014-11-26
Edmonton Oilers,0,Nashville Predators,1,OT,"17,113",,,2014-11-27
Chicago Blackhawks,4,Anaheim Ducks,1,,"17,355",,,2014-11-28
Winnipeg Jets,1,Boston Bruins,2,OT,"17,565",,,2014-11-28
Montreal Canadiens,1,Buffalo Sabres,2,,"19,070",,,2014-11-28
Vancouver Canucks,5,Columbus Blue Jackets,0,,"14,121",,,2014-11-28
Minnesota Wild,5,Dallas Stars,4,OT,"18,532",,,2014-11-28
Ottawa Senators,2,Florida Panthers,3,,"9,758",,,2014-11-28
Detroit Red Wings,5,New Jersey Devils,4,SO,"16,592",,,2014-11-28
New York Rangers,3,Philadelphia Flyers,0,,"19,969",,,2014-11-28
Carolina Hurricanes,4,Pittsburgh Penguins,2,,"18,665",,,2014-11-28
Edmonton Oilers,3,St. Louis Blues,4,OT,"17,666",,,2014-11-28
New York Islanders,2,Washington Capitals,5,,"18,506",,,2014-11-28
Calgary Flames,3,Arizona Coyotes,0,,"13,530",,,2014-11-29
Pittsburgh Penguins,3,Carolina Hurricanes,2,,"11,225",,,2014-11-29
Dallas Stars,2,Colorado Avalanche,5,,"15,761",,,2014-11-29
Chicago Blackhawks,4,Los Angeles Kings,1,,"18,471",,,2014-11-29
St. Louis Blues,3,Minnesota Wild,2,SO,"19,124",,,2014-11-29
Buffalo Sabres,4,Montreal Canadiens,3,SO,"21,287",,,2014-11-29
Columbus Blue Jackets,1,Nashville Predators,2,,"16,548",,,2014-11-29
New Jersey Devils,1,New York Islanders,3,,"16,170",,,2014-11-29
Philadelphia Flyers,2,New York Rangers,5,,"18,006",,,2014-11-29
Anaheim Ducks,4,San Jose Sharks,6,,"17,352",,,2014-11-29
Ottawa Senators,1,Tampa Bay Lightning,4,,"19,204",,,2014-11-29
Washington Capitals,2,Toronto Maple Leafs,6,,"19,161",,,2014-11-29
Vancouver Canucks,3,Detroit Red Wings,5,,"20,027",,,2014-11-30
Boston Bruins,2,Anaheim Ducks,3,,"16,457",,,2014-12-01
Florida Panthers,1,Columbus Blue Jackets,2,,"12,309",,,2014-12-01
Montreal Canadiens,4,Colorado Avalanche,3,,"14,038",,,2014-12-01
Arizona Coyotes,5,Edmonton Oilers,2,,"16,839",,,2014-12-01
Tampa Bay Lightning,6,New York Rangers,3,,"18,006",,,2014-12-01
Tampa Bay Lightning,1,Buffalo Sabres,2,SO,"17,772",,,2014-12-02
Nashville Predators,1,Carolina Hurricanes,2,,"9,161",,,2014-12-02
Arizona Coyotes,2,Calgary Flames,5,,"18,837",,,2014-12-02
Florida Panthers,4,Detroit Red Wings,3,,"20,027",,,2014-12-02
Boston Bruins,0,Los Angeles Kings,2,,"18,230",,,2014-12-02
Ottawa Senators,2,New York Islanders,3,OT,"13,888",,,2014-12-02
New Jersey Devils,0,Pittsburgh Penguins,1,,"18,572",,,2014-12-02
Philadelphia Flyers,1,San Jose Sharks,2,,"17,159",,,2014-12-02
Dallas Stars,3,Toronto Maple Leafs,5,,"19,021",,,2014-12-02
Vancouver Canucks,4,Washington Capitals,3,,"18,506",,,2014-12-02
Philadelphia Flyers,4,Anaheim Ducks,5,SO,"15,691",,,2014-12-03
St. Louis Blues,1,Chicago Blackhawks,4,,"21,514",,,2014-12-03
Montreal Canadiens,1,Minnesota Wild,2,,"19,034",,,2014-12-03
Edmonton Oilers,2,Winnipeg Jets,3,OT,"15,016",,,2014-12-03
Los Angeles Kings,4,Arizona Coyotes,0,,"12,254",,,2014-12-04
Washington Capitals,2,Carolina Hurricanes,1,,"10,783",,,2014-12-04
Colorado Avalanche,3,Calgary Flames,4,OT,"18,651",,,2014-12-04
Dallas Stars,2,Detroit Red Wings,5,,"20,027",,,2014-12-04
Columbus Blue Jackets,4,Florida Panthers,3,SO,"7,788",,,2014-12-04
St. Louis Blues,3,Nashville Predators,4,,"16,409",,,2014-12-04
New York Islanders,2,Ottawa Senators,1,,"20,511",,,2014-12-04
Vancouver Canucks,3,Pittsburgh Penguins,0,,"18,463",,,2014-12-04
Boston Bruins,4,San Jose Sharks,7,,"17,404",,,2014-12-04
Buffalo Sabres,0,Tampa Bay Lightning,5,,"17,767",,,2014-12-04
New Jersey Devils,5,Toronto Maple Leafs,3,,"18,877",,,2014-12-04
Montreal Canadiens,3,Chicago Blackhawks,4,,"22,087",,,2014-12-05
Anaheim Ducks,5,Minnesota Wild,4,,"19,044",,,2014-12-05
Colorado Avalanche,2,Winnipeg Jets,6,,"15,016",,,2014-12-05
Boston Bruins,5,Arizona Coyotes,2,,"13,114",,,2014-12-06
San Jose Sharks,3,Calgary Flames,2,,"18,818",,,2014-12-06
Montreal Canadiens,1,Dallas Stars,4,,"16,098",,,2014-12-06
New York Rangers,2,Detroit Red Wings,3,,"20,027",,,2014-12-06
Buffalo Sabres,2,Florida Panthers,3,,"8,597",,,2014-12-06
Philadelphia Flyers,2,Los Angeles Kings,1,,"18,230",,,2014-12-06
Washington Capitals,4,New Jersey Devils,1,,"15,230",,,2014-12-06
Chicago Blackhawks,3,Nashville Predators,1,,"17,212",,,2014-12-06
St. Louis Blues,6,New York Islanders,4,,"16,170",,,2014-12-06
Ottawa Senators,2,Pittsburgh Penguins,3,,"18,492",,,2014-12-06
Columbus Blue Jackets,3,Tampa Bay Lightning,1,,"17,467",,,2014-12-06
Vancouver Canucks,2,Toronto Maple Leafs,5,,"19,346",,,2014-12-06
Detroit Red Wings,3,Carolina Hurricanes,1,,"13,489",,,2014-12-07
San Jose Sharks,1,Edmonton Oilers,2,,"16,839",,,2014-12-07
Vancouver Canucks,3,Ottawa Senators,4,OT,"16,870",,,2014-12-07
Anaheim Ducks,4,Winnipeg Jets,3,OT,"15,016",,,2014-12-07
New Jersey Devils,2,Carolina Hurricanes,1,,"9,815",,,2014-12-08
Pittsburgh Penguins,3,New York Rangers,4,OT,"18,006",,,2014-12-08
Florida Panthers,2,St. Louis Blues,4,,"17,330",,,2014-12-08
Los Angeles Kings,0,Buffalo Sabres,1,,"18,438",,,2014-12-09
Philadelphia Flyers,2,Columbus Blue Jackets,3,OT,"14,196",,,2014-12-09
Nashville Predators,3,Colorado Avalanche,0,,"12,689",,,2014-12-09
Winnipeg Jets,5,Dallas Stars,2,,"15,987",,,2014-12-09
New York Islanders,4,Minnesota Wild,5,,"18,904",,,2014-12-09
Vancouver Canucks,1,Montreal Canadiens,3,,"21,286",,,2014-12-09
Chicago Blackhawks,3,New Jersey Devils,2,SO,"16,210",,,2014-12-09
Edmonton Oilers,2,San Jose Sharks,5,,"17,007",,,2014-12-09
Washington Capitals,5,Tampa Bay Lightning,3,,"17,109",,,2014-12-09
Calgary Flames,1,Toronto Maple Leafs,4,,"19,122",,,2014-12-09
Edmonton Oilers,1,Anaheim Ducks,2,,"16,371",,,2014-12-10
Toronto Maple Leafs,2,Detroit Red Wings,1,SO,"20,027",,,2014-12-10
Nashville Predators,5,Arizona Coyotes,1,,"10,194",,,2014-12-11
Chicago Blackhawks,3,Boston Bruins,2,,"17,565",,,2014-12-11
Calgary Flames,3,Buffalo Sabres,4,,"18,208",,,2014-12-11
Winnipeg Jets,3,Colorado Avalanche,4,SO,"14,300",,,2014-12-11
Los Angeles Kings,5,Ottawa Senators,3,,"17,284",,,2014-12-11
New Jersey Devils,1,Philadelphia Flyers,4,,"19,572",,,2014-12-11
Minnesota Wild,1,San Jose Sharks,2,,"17,097",,,2014-12-11
New York Islanders,3,St. Louis Blues,6,,"18,028",,,2014-12-11
Carolina Hurricanes,1,Tampa Bay Lightning,2,,"18,104",,,2014-12-11
Columbus Blue Jackets,3,Washington Capitals,2,OT,"18,506",,,2014-12-11
Florida Panthers,3,Detroit Red Wings,2,SO,"20,027",,,2014-12-12
Anaheim Ducks,4,Edmonton Oilers,2,,"16,839",,,2014-12-12
Los Angeles Kings,2,Montreal Canadiens,6,,"21,287",,,2014-12-12
Calgary Flames,1,Pittsburgh Penguins,3,,"18,471",,,2014-12-12
Minnesota Wild,4,Arizona Coyotes,3,SO,"13,975",,,2014-12-13
Ottawa Senators,3,Boston Bruins,2,SO,"17,565",,,2014-12-13
Florida Panthers,3,Buffalo Sabres,4,OT,"18,450",,,2014-12-13
Pittsburgh Penguins,3,Columbus Blue Jackets,4,SO,"18,663",,,2014-12-13
St. Louis Blues,3,Colorado Avalanche,2,OT,"17,806",,,2014-12-13
New Jersey Devils,3,Dallas Stars,4,,"16,110",,,2014-12-13
Chicago Blackhawks,2,New York Islanders,3,,"16,170",,,2014-12-13
Carolina Hurricanes,1,Philadelphia Flyers,5,,"19,609",,,2014-12-13
Nashville Predators,0,San Jose Sharks,2,,"17,059",,,2014-12-13
Detroit Red Wings,1,Toronto Maple Leafs,4,,"19,063",,,2014-12-13
New York Rangers,5,Vancouver Canucks,1,,"18,870",,,2014-12-13
Anaheim Ducks,4,Winnipeg Jets,1,,"15,016",,,2014-12-13
Tampa Bay Lightning,2,Washington Capitals,4,,"18,506",,,2014-12-13
Calgary Flames,1,Chicago Blackhawks,2,,"21,572",,,2014-12-14
New York Rangers,2,Edmonton Oilers,0,,"16,839",,,2014-12-14
Los Angeles Kings,3,Toronto Maple Leafs,4,SO,"19,219",,,2014-12-14
Ottawa Senators,4,Buffalo Sabres,5,SO,"14,578",,,2014-12-15
New Jersey Devils,2,New York Islanders,3,SO,"13,408",,,2014-12-15
Tampa Bay Lightning,2,Pittsburgh Penguins,4,,"18,487",,,2014-12-15
Edmonton Oilers,1,Arizona Coyotes,2,OT,"12,085",,,2014-12-16
New York Rangers,5,Calgary Flames,2,,"18,352",,,2014-12-16
Minnesota Wild,3,Chicago Blackhawks,5,,"21,472",,,2014-12-16
Columbus Blue Jackets,1,Detroit Red Wings,0,SO,"20,027",,,2014-12-16
Washington Capitals,1,Florida Panthers,2,SO,"10,012",,,2014-12-16
Carolina Hurricanes,1,Montreal Canadiens,4,,"21,286",,,2014-12-16
Boston Bruins,2,Nashville Predators,3,SO,"17,113",,,2014-12-16
Tampa Bay Lightning,3,Philadelphia Flyers,1,,"19,576",,,2014-12-16
Los Angeles Kings,2,St. Louis Blues,5,,"17,212",,,2014-12-16
Anaheim Ducks,2,Toronto Maple Leafs,6,,"18,953",,,2014-12-16
Buffalo Sabres,1,Winnipeg Jets,5,,"15,016",,,2014-12-16
Boston Bruins,3,Minnesota Wild,2,OT,"18,841",,,2014-12-17
Ottawa Senators,2,New Jersey Devils,0,,"15,379",,,2014-12-17
Dallas Stars,2,Vancouver Canucks,0,,"18,755",,,2014-12-17
Toronto Maple Leafs,1,Carolina Hurricanes,4,,"12,332",,,2014-12-18
Washington Capitals,5,Columbus Blue Jackets,4,OT,"13,722",,,2014-12-18
St. Louis Blues,4,Los Angeles Kings,6,,"18,230",,,2014-12-18
Anaheim Ducks,2,Montreal Canadiens,1,,"21,286",,,2014-12-18
Florida Panthers,2,Philadelphia Flyers,1,SO,"19,582",,,2014-12-18
Colorado Avalanche,0,Pittsburgh Penguins,1,OT,"18,603",,,2014-12-18
Edmonton Oilers,3,San Jose Sharks,4,,"17,399",,,2014-12-18
Dallas Stars,2,Calgary Flames,1,,"19,289",,,2014-12-19
New York Islanders,2,Detroit Red Wings,1,,"20,027",,,2014-12-19
Tampa Bay Lightning,2,New Jersey Devils,3,SO,"14,916",,,2014-12-19
Anaheim Ducks,2,Ottawa Senators,6,,"19,443",,,2014-12-19
Boston Bruins,1,Winnipeg Jets,2,,"15,016",,,2014-12-19
Colorado Avalanche,5,Buffalo Sabres,1,,"18,831",,,2014-12-20
New York Rangers,3,Carolina Hurricanes,2,SO,"13,329",,,2014-12-20
Chicago Blackhawks,2,Columbus Blue Jackets,3,SO,"18,164",,,2014-12-20
Arizona Coyotes,2,Los Angeles Kings,4,,"18,230",,,2014-12-20
Nashville Predators,6,Minnesota Wild,5,OT,"19,017",,,2014-12-20
Ottawa Senators,1,Montreal Canadiens,4,,"21,287",,,2014-12-20
Washington Capitals,4,New Jersey Devils,0,,"14,776",,,2014-12-20
Tampa Bay Lightning,1,New York Islanders,3,,"16,170",,,2014-12-20
Florida Panthers,1,Pittsburgh Penguins,3,,"18,668",,,2014-12-20
St. Louis Blues,2,San Jose Sharks,3,OT,"17,562",,,2014-12-20
Philadelphia Flyers,7,Toronto Maple Leafs,4,,"19,343",,,2014-12-20
Calgary Flames,2,Vancouver Canucks,3,OT,"18,747",,,2014-12-20
Buffalo Sabres,3,Boston Bruins,4,OT,"17,565",,,2014-12-21
Toronto Maple Leafs,0,Chicago Blackhawks,4,,"22,131",,,2014-12-21
Colorado Avalanche,2,Detroit Red Wings,1,SO,"20,027",,,2014-12-21
Dallas Stars,6,Edmonton Oilers,5,SO,"16,839",,,2014-12-21
Carolina Hurricanes,0,New York Rangers,1,,"18,006",,,2014-12-21
Philadelphia Flyers,4,Winnipeg Jets,3,OT,"15,016",,,2014-12-21
San Jose Sharks,2,Anaheim Ducks,3,OT,"17,405",,,2014-12-22
Nashville Predators,5,Columbus Blue Jackets,1,,"14,573",,,2014-12-22
Pittsburgh Penguins,3,Florida Panthers,4,SO,"15,947",,,2014-12-22
Calgary Flames,4,Los Angeles Kings,3,OT,"18,230",,,2014-12-22
Arizona Coyotes,1,Vancouver Canucks,7,,"18,794",,,2014-12-22
Ottawa Senators,1,Washington Capitals,2,,"18,506",,,2014-12-22
Nashville Predators,3,Boston Bruins,5,,"17,565",,,2014-12-23
Winnipeg Jets,5,Chicago Blackhawks,1,,"22,095",,,2014-12-23
St. Louis Blues,0,Colorado Avalanche,5,,"17,634",,,2014-12-23
Toronto Maple Leafs,4,Dallas Stars,0,,"18,532",,,2014-12-23
Buffalo Sabres,3,Detroit Red Wings,6,,"20,027",,,2014-12-23
Arizona Coyotes,5,Edmonton Oilers,1,,"16,839",,,2014-12-23
Philadelphia Flyers,5,Minnesota Wild,2,,"19,020",,,2014-12-23
Carolina Hurricanes,2,New Jersey Devils,1,SO,"16,101",,,2014-12-23
Montreal Canadiens,3,New York Islanders,1,,"16,170",,,2014-12-23
Washington Capitals,2,New York Rangers,4,,"18,006",,,2014-12-23
Pittsburgh Penguins,3,Tampa Bay Lightning,4,,"19,204",,,2014-12-23
Anaheim Ducks,1,Arizona Coyotes,2,SO,"13,656",,,2014-12-27
New York Islanders,3,Buffalo Sabres,4,SO,"19,070",,,2014-12-27
Boston Bruins,2,Columbus Blue Jackets,6,,"16,795",,,2014-12-27
Edmonton Oilers,1,Calgary Flames,4,,"19,289",,,2014-12-27
Chicago Blackhawks,5,Colorado Avalanche,2,,"18,085",,,2014-12-27
San Jose Sharks,1,Los Angeles Kings,3,,"18,451",,,2014-12-27
Winnipeg Jets,4,Minnesota Wild,3,OT,"19,177",,,2014-12-27
Philadelphia Flyers,1,Nashville Predators,4,,"17,315",,,2014-12-27
New Jersey Devils,1,New York Rangers,3,,"18,006",,,2014-12-27
Detroit Red Wings,3,Ottawa Senators,2,OT,"17,194",,,2014-12-27
Washington Capitals,3,Pittsburgh Penguins,0,,"18,663",,,2014-12-27
Dallas Stars,4,St. Louis Blues,3,,"19,683",,,2014-12-27
Carolina Hurricanes,1,Tampa Bay Lightning,2,,"19,204",,,2014-12-27
Vancouver Canucks,1,Anaheim Ducks,2,OT,"17,374",,,2014-12-28
Toronto Maple Leafs,4,Florida Panthers,6,,"17,877",,,2014-12-28
Philadelphia Flyers,2,Arizona Coyotes,4,,"16,521",,,2014-12-29
Detroit Red Wings,2,Boston Bruins,5,,"17,565",,,2014-12-29
Montreal Canadiens,3,Carolina Hurricanes,1,,"17,123",,,2014-12-29
Los Angeles Kings,1,Calgary Flames,2,,"19,289",,,2014-12-29
Nashville Predators,4,Chicago Blackhawks,5,SO,"22,208",,,2014-12-29
New York Rangers,2,Dallas Stars,3,,"18,532",,,2014-12-29
Pittsburgh Penguins,1,New Jersey Devils,3,,"16,592",,,2014-12-29
Washington Capitals,3,New York Islanders,4,OT,"16,170",,,2014-12-29
Buffalo Sabres,2,Ottawa Senators,5,,"18,284",,,2014-12-29
Colorado Avalanche,0,St. Louis Blues,3,,"19,749",,,2014-12-29
Toronto Maple Leafs,2,Tampa Bay Lightning,3,,"19,204",,,2014-12-29
Minnesota Wild,3,Winnipeg Jets,2,,"15,016",,,2014-12-29
Los Angeles Kings,2,Edmonton Oilers,3,SO,"16,839",,,2014-12-30
Montreal Canadiens,2,Florida Panthers,1,SO,"19,614",,,2014-12-30
St. Louis Blues,2,Nashville Predators,3,,"17,401",,,2014-12-30
Vancouver Canucks,3,San Jose Sharks,1,,"17,562",,,2014-12-30
San Jose Sharks,3,Anaheim Ducks,0,,"17,174",,,2014-12-31
Toronto Maple Leafs,4,Boston Bruins,3,SO,"17,565",,,2014-12-31
Tampa Bay Lightning,5,Buffalo Sabres,1,,"19,070",,,2014-12-31
Minnesota Wild,1,Columbus Blue Jackets,3,,"18,040",,,2014-12-31
Edmonton Oilers,3,Calgary Flames,4,OT,"19,289",,,2014-12-31
Philadelphia Flyers,3,Colorado Avalanche,4,OT,"18,007",,,2014-12-31
Arizona Coyotes,0,Dallas Stars,6,,"18,532",,,2014-12-31
New Jersey Devils,1,Detroit Red Wings,3,,"20,027",,,2014-12-31
New York Rangers,5,Florida Panthers,2,,"15,090",,,2014-12-31
Carolina Hurricanes,1,Pittsburgh Penguins,2,,"18,639",,,2014-12-31
New York Islanders,5,Winnipeg Jets,2,,"15,016",,,2014-12-31
Los Angeles Kings,3,Vancouver Canucks,2,,"18,870",,,2015-01-01
Chicago Blackhawks,2,Washington Capitals,3,,"42,832",,,2015-01-01
St. Louis Blues,3,Anaheim Ducks,4,,"17,174",,,2015-01-02
Florida Panthers,2,Buffalo Sabres,0,,"19,070",,,2015-01-02
Philadelphia Flyers,1,Carolina Hurricanes,2,,"12,682",,,2015-01-02
New York Islanders,2,Calgary Flames,1,,"19,289",,,2015-01-02
Edmonton Oilers,1,Colorado Avalanche,2,SO,"16,050",,,2015-01-02
Toronto Maple Leafs,1,Minnesota Wild,3,,"19,168",,,2015-01-02
Montreal Canadiens,4,New Jersey Devils,2,,"16,174",,,2015-01-02
Tampa Bay Lightning,3,Pittsburgh Penguins,6,,"18,655",,,2015-01-02
Columbus Blue Jackets,3,Arizona Coyotes,6,,"13,159",,,2015-01-03
Ottawa Senators,3,Boston Bruins,2,OT,"17,565",,,2015-01-03
Minnesota Wild,1,Dallas Stars,7,,"18,532",,,2015-01-03
Nashville Predators,7,Los Angeles Kings,6,OT,"18,230",,,2015-01-03
Philadelphia Flyers,2,New Jersey Devils,5,,"15,066",,,2015-01-03
Buffalo Sabres,1,New York Rangers,6,,"18,006",,,2015-01-03
Montreal Canadiens,4,Pittsburgh Penguins,1,,"18,630",,,2015-01-03
St. Louis Blues,7,San Jose Sharks,2,,"17,562",,,2015-01-03
Detroit Red Wings,1,Vancouver Canucks,4,,"18,870",,,2015-01-03
Toronto Maple Leafs,1,Winnipeg Jets,5,,"15,016",,,2015-01-03
Nashville Predators,3,Anaheim Ducks,4,SO,"16,402",,,2015-01-04
Boston Bruins,1,Carolina Hurricanes,2,SO,"17,212",,,2015-01-04
Dallas Stars,4,Chicago Blackhawks,5,OT,"21,884",,,2015-01-04
Columbus Blue Jackets,4,Colorado Avalanche,3,,"14,780",,,2015-01-04
New York Islanders,2,Edmonton Oilers,5,,"16,839",,,2015-01-04
Tampa Bay Lightning,4,Ottawa Senators,2,,"16,949",,,2015-01-04
Florida Panthers,3,Washington Capitals,4,,"18,506",,,2015-01-04
San Jose Sharks,3,Winnipeg Jets,2,,"15,016",,,2015-01-05
St. Louis Blues,6,Arizona Coyotes,0,,"10,876",,,2015-01-06
Colorado Avalanche,2,Chicago Blackhawks,0,,"21,492",,,2015-01-06
Columbus Blue Jackets,4,Dallas Stars,2,,"17,123",,,2015-01-06
Detroit Red Wings,4,Edmonton Oilers,2,,"16,839",,,2015-01-06
San Jose Sharks,4,Minnesota Wild,3,OT,"19,043",,,2015-01-06
Tampa Bay Lightning,4,Montreal Canadiens,2,,"21,286",,,2015-01-06
Buffalo Sabres,1,New Jersey Devils,4,,"15,162",,,2015-01-06
Carolina Hurricanes,2,Nashville Predators,3,,"15,706",,,2015-01-06
Ottawa Senators,1,Philadelphia Flyers,2,SO,"19,571",,,2015-01-06
New York Islanders,2,Vancouver Canucks,3,,"18,562",,,2015-01-06
New York Rangers,4,Anaheim Ducks,1,,"17,174",,,2015-01-07
Detroit Red Wings,3,Calgary Flames,2,,"19,154",,,2015-01-07
Boston Bruins,3,Pittsburgh Penguins,2,OT,"18,650",,,2015-01-07
Washington Capitals,6,Toronto Maple Leafs,2,,"19,047",,,2015-01-07
Winnipeg Jets,1,Arizona Coyotes,4,,"11,390",,,2015-01-08
New Jersey Devils,0,Boston Bruins,3,,"17,565",,,2015-01-08
Buffalo Sabres,2,Carolina Hurricanes,5,,"9,781",,,2015-01-08
Ottawa Senators,2,Colorado Avalanche,5,,"14,697",,,2015-01-08
New York Rangers,4,Los Angeles Kings,3,,"18,230",,,2015-01-08
Chicago Blackhawks,4,Minnesota Wild,2,,"19,060",,,2015-01-08
Dallas Stars,2,Nashville Predators,3,OT,"17,113",,,2015-01-08
Washington Capitals,2,Philadelphia Flyers,3,OT,"19,703",,,2015-01-08
San Jose Sharks,2,St. Louis Blues,7,,"19,220",,,2015-01-08
Florida Panthers,3,Vancouver Canucks,1,,"18,799",,,2015-01-08
Florida Panthers,6,Calgary Flames,5,,"19,289",,,2015-01-09
Chicago Blackhawks,2,Edmonton Oilers,5,,"16,839",,,2015-01-09
New York Islanders,3,New Jersey Devils,2,OT,"16,592",,,2015-01-09
Buffalo Sabres,1,Tampa Bay Lightning,2,,"19,204",,,2015-01-09
Columbus Blue Jackets,2,Toronto Maple Leafs,5,,"18,965",,,2015-01-09
Ottawa Senators,5,Arizona Coyotes,1,,"14,933",,,2015-01-10
New York Islanders,5,Columbus Blue Jackets,2,,"16,589",,,2015-01-10
Dallas Stars,3,Colorado Avalanche,4,,"18,007",,,2015-01-10
Winnipeg Jets,5,Los Angeles Kings,4,SO,"18,230",,,2015-01-10
Nashville Predators,3,Minnesota Wild,1,,"19,052",,,2015-01-10
Pittsburgh Penguins,2,Montreal Canadiens,1,OT,"21,287",,,2015-01-10
Boston Bruins,3,Philadelphia Flyers,1,,"19,907",,,2015-01-10
New York Rangers,3,San Jose Sharks,1,,"17,562",,,2015-01-10
Carolina Hurricanes,4,St. Louis Blues,5,SO,"19,411",,,2015-01-10
Calgary Flames,1,Vancouver Canucks,0,,"18,870",,,2015-01-10
Detroit Red Wings,1,Washington Capitals,3,,"18,506",,,2015-01-10
Winnipeg Jets,4,Anaheim Ducks,5,SO,"17,356",,,2015-01-11
Minnesota Wild,1,Chicago Blackhawks,4,,"21,809",,,2015-01-11
Florida Panthers,4,Edmonton Oilers,2,,"16,839",,,2015-01-11
Toronto Maple Leafs,0,Los Angeles Kings,2,,"18,230",,,2015-01-12
Tampa Bay Lightning,3,Philadelphia Flyers,7,,"19,598",,,2015-01-12
Colorado Avalanche,1,Washington Capitals,2,,"18,506",,,2015-01-12
San Jose Sharks,3,Arizona Coyotes,2,,"10,631",,,2015-01-13
Tampa Bay Lightning,3,Boston Bruins,4,,"17,565",,,2015-01-13
Detroit Red Wings,3,Buffalo Sabres,1,,"19,070",,,2015-01-13
Colorado Avalanche,2,Carolina Hurricanes,3,SO,"12,965",,,2015-01-13
Ottawa Senators,4,Dallas Stars,5,,"16,213",,,2015-01-13
Vancouver Canucks,1,Nashville Predators,5,,"15,726",,,2015-01-13
New York Islanders,3,New York Rangers,0,,"18,006",,,2015-01-13
Minnesota Wild,2,Pittsburgh Penguins,7,,"18,642",,,2015-01-13
Edmonton Oilers,2,St. Louis Blues,4,,"18,279",,,2015-01-13
Florida Panthers,2,Winnipeg Jets,8,,"15,016",,,2015-01-13
Toronto Maple Leafs,0,Anaheim Ducks,4,,"16,741",,,2015-01-14
Montreal Canadiens,3,Columbus Blue Jackets,2,,"14,964",,,2015-01-14
New Jersey Devils,5,Los Angeles Kings,3,,"18,230",,,2015-01-14
Philadelphia Flyers,0,Washington Capitals,1,,"18,506",,,2015-01-14
Calgary Flames,4,Arizona Coyotes,1,,"12,982",,,2015-01-15
New York Rangers,0,Boston Bruins,3,,"17,565",,,2015-01-15
Minnesota Wild,7,Buffalo Sabres,0,,"18,963",,,2015-01-15
Winnipeg Jets,2,Dallas Stars,1,,"16,221",,,2015-01-15
Colorado Avalanche,4,Florida Panthers,2,,"9,584",,,2015-01-15
Montreal Canadiens,1,Ottawa Senators,4,,"19,893",,,2015-01-15
Vancouver Canucks,4,Philadelphia Flyers,0,,"19,571",,,2015-01-15
Toronto Maple Leafs,1,San Jose Sharks,3,,"17,562",,,2015-01-15
Detroit Red Wings,3,St. Louis Blues,2,OT,"18,543",,,2015-01-15
Edmonton Oilers,2,Tampa Bay Lightning,3,,"18,609",,,2015-01-15
New Jersey Devils,1,Anaheim Ducks,5,,"17,174",,,2015-01-16
Vancouver Canucks,3,Carolina Hurricanes,0,,"13,093",,,2015-01-16
New York Rangers,2,Columbus Blue Jackets,1,,"16,104",,,2015-01-16
Winnipeg Jets,4,Chicago Blackhawks,2,,"22,051",,,2015-01-16
Washington Capitals,3,Nashville Predators,4,,"17,303",,,2015-01-16
Pittsburgh Penguins,3,New York Islanders,6,,"16,170",,,2015-01-16
Columbus Blue Jackets,3,Boston Bruins,1,,"17,565",,,2015-01-17
Philadelphia Flyers,4,Buffalo Sabres,3,,"19,070",,,2015-01-17
Washington Capitals,4,Dallas Stars,5,,"18,532",,,2015-01-17
Nashville Predators,2,Detroit Red Wings,5,,"20,027",,,2015-01-17
Edmonton Oilers,3,Florida Panthers,2,SO,"10,529",,,2015-01-17
Anaheim Ducks,3,Los Angeles Kings,2,SO,"18,422",,,2015-01-17
Arizona Coyotes,1,Minnesota Wild,3,,"19,111",,,2015-01-17
New York Islanders,4,Montreal Canadiens,6,,"21,287",,,2015-01-17
Carolina Hurricanes,3,Ottawa Senators,2,,"17,434",,,2015-01-17
Calgary Flames,4,San Jose Sharks,3,OT,"17,562",,,2015-01-17
Toronto Maple Leafs,0,St. Louis Blues,3,,"19,626",,,2015-01-17
Colorado Avalanche,2,Tampa Bay Lightning,3,SO,"19,204",,,2015-01-17
Dallas Stars,6,Chicago Blackhawks,3,,"22,135",,,2015-01-18
Buffalo Sabres,4,Detroit Red Wings,6,,"20,027",,,2015-01-18
New York Rangers,5,Pittsburgh Penguins,2,,"18,668",,,2015-01-18
Arizona Coyotes,3,Winnipeg Jets,4,SO,"15,016",,,2015-01-18
Vancouver Canucks,2,Florida Panthers,1,,"9,373",,,2015-01-19
Calgary Flames,2,Los Angeles Kings,1,OT,"18,230",,,2015-01-19
Columbus Blue Jackets,3,Minnesota Wild,1,,"19,064",,,2015-01-19
Philadelphia Flyers,4,New York Islanders,7,,"16,170",,,2015-01-19
New Jersey Devils,5,San Jose Sharks,2,,"17,562",,,2015-01-19
Colorado Avalanche,1,St. Louis Blues,3,,"19,187",,,2015-01-19
Carolina Hurricanes,4,Toronto Maple Leafs,1,,"18,979",,,2015-01-19
Arizona Coyotes,1,Chicago Blackhawks,6,,"21,427",,,2015-01-20
Boston Bruins,3,Dallas Stars,1,,"17,432",,,2015-01-20
Minnesota Wild,4,Detroit Red Wings,5,SO,"20,027",,,2015-01-20
Nashville Predators,1,Montreal Canadiens,2,OT,"21,287",,,2015-01-20
Ottawa Senators,2,New York Rangers,3,OT,"18,006",,,2015-01-20
Pittsburgh Penguins,2,Philadelphia Flyers,3,OT,"19,982",,,2015-01-20
Vancouver Canucks,1,Tampa Bay Lightning,4,,"18,517",,,2015-01-20
Edmonton Oilers,5,Washington Capitals,4,SO,"18,506",,,2015-01-20
Calgary Flames,3,Anaheim Ducks,6,,"16,828",,,2015-01-21
Boston Bruins,2,Colorado Avalanche,3,SO,"16,832",,,2015-01-21
Toronto Maple Leafs,3,Ottawa Senators,4,,"18,894",,,2015-01-21
Chicago Blackhawks,3,Pittsburgh Penguins,2,SO,"18,655",,,2015-01-21
Los Angeles Kings,2,San Jose Sharks,4,,"17,562",,,2015-01-21
Columbus Blue Jackets,0,Winnipeg Jets,4,,"15,016",,,2015-01-21
Tampa Bay Lightning,2,Carolina Hurricanes,4,,"12,508",,,2015-01-27
Washington Capitals,3,Columbus Blue Jackets,4,,"16,514",,,2015-01-27
Buffalo Sabres,1,Calgary Flames,4,,"18,563",,,2015-01-27
Minnesota Wild,2,Edmonton Oilers,1,,"16,839",,,2015-01-27
Detroit Red Wings,5,Florida Panthers,4,,"12,190",,,2015-01-27
Dallas Stars,2,Montreal Canadiens,3,,"21,286",,,2015-01-27
Colorado Avalanche,3,Nashville Predators,4,OT,"15,566",,,2015-01-27
New York Rangers,1,New York Islanders,4,,"16,170",,,2015-01-27
Arizona Coyotes,3,Philadelphia Flyers,4,SO,"19,581",,,2015-01-27
Winnipeg Jets,3,Pittsburgh Penguins,5,,"18,627",,,2015-01-27
Anaheim Ducks,4,Vancouver Canucks,0,,"18,813",,,2015-01-27
Chicago Blackhawks,3,Los Angeles Kings,4,,"18,525",,,2015-01-28
Toronto Maple Leafs,1,New Jersey Devils,2,SO,"15,882",,,2015-01-28
Pittsburgh Penguins,0,Washington Capitals,4,,"18,506",,,2015-01-28
Minnesota Wild,1,Calgary Flames,0,,"19,289",,,2015-01-29
Buffalo Sabres,2,Edmonton Oilers,3,,"16,839",,,2015-01-29
Columbus Blue Jackets,2,Florida Panthers,3,,"7,917",,,2015-01-29
Boston Bruins,5,New York Islanders,2,,"16,170",,,2015-01-29
Montreal Canadiens,1,New York Rangers,0,,"18,006",,,2015-01-29
Dallas Stars,6,Ottawa Senators,3,,"18,752",,,2015-01-29
Winnipeg Jets,2,Philadelphia Flyers,5,,"19,673",,,2015-01-29
Anaheim Ducks,3,San Jose Sharks,6,,"17,562",,,2015-01-29
Nashville Predators,4,St. Louis Blues,5,SO,"19,477",,,2015-01-29
Detroit Red Wings,1,Tampa Bay Lightning,5,,"19,204",,,2015-01-29
Arizona Coyotes,3,Toronto Maple Leafs,1,,"18,837",,,2015-01-29
Chicago Blackhawks,4,Anaheim Ducks,1,,"17,497",,,2015-01-30
St. Louis Blues,3,Carolina Hurricanes,2,SO,"13,287",,,2015-01-30
Nashville Predators,0,Colorado Avalanche,3,,"18,064",,,2015-01-30
Pittsburgh Penguins,2,New Jersey Devils,1,OT,"16,592",,,2015-01-30
Buffalo Sabres,2,Vancouver Canucks,5,,"18,570",,,2015-01-30
Los Angeles Kings,1,Boston Bruins,3,,"17,565",,,2015-01-31
Edmonton Oilers,2,Calgary Flames,4,,"19,289",,,2015-01-31
New York Islanders,1,Detroit Red Wings,4,,"20,027",,,2015-01-31
Washington Capitals,0,Montreal Canadiens,1,OT,"21,286",,,2015-01-31
Florida Panthers,1,New Jersey Devils,3,,"16,278",,,2015-01-31
Carolina Hurricanes,1,New York Rangers,4,,"18,006",,,2015-01-31
Arizona Coyotes,2,Ottawa Senators,7,,"18,489",,,2015-01-31
Toronto Maple Leafs,0,Philadelphia Flyers,1,,"19,872",,,2015-01-31
Chicago Blackhawks,0,San Jose Sharks,2,,"17,562",,,2015-01-31
Columbus Blue Jackets,1,Tampa Bay Lightning,3,,"18,477",,,2015-01-31
Dallas Stars,5,Winnipeg Jets,2,,"15,016",,,2015-01-31
Arizona Coyotes,3,Montreal Canadiens,2,,"21,286",,,2015-02-01
Nashville Predators,4,Pittsburgh Penguins,0,,"18,535",,,2015-02-01
Minnesota Wild,4,Vancouver Canucks,2,,"18,438",,,2015-02-01
St. Louis Blues,4,Washington Capitals,3,,"18,506",,,2015-02-01
Winnipeg Jets,2,Calgary Flames,5,,"18,824",,,2015-02-02
Florida Panthers,3,New York Rangers,6,,"18,006",,,2015-02-02
Edmonton Oilers,5,San Jose Sharks,4,SO,"17,376",,,2015-02-02
Carolina Hurricanes,4,Anaheim Ducks,5,OT,"16,274",,,2015-02-03
Arizona Coyotes,4,Columbus Blue Jackets,1,,"14,108",,,2015-02-03
Colorado Avalanche,3,Dallas Stars,2,SO,"16,521",,,2015-02-03
Chicago Blackhawks,0,Minnesota Wild,3,,"19,104",,,2015-02-03
Buffalo Sabres,3,Montreal Canadiens,2,,"21,286",,,2015-02-03
Ottawa Senators,1,New Jersey Devils,2,,"11,461",,,2015-02-03
Toronto Maple Leafs,3,Nashville Predators,4,,"15,667",,,2015-02-03
Florida Panthers,4,New York Islanders,2,,"14,704",,,2015-02-03
Tampa Bay Lightning,1,St. Louis Blues,2,OT,"17,223",,,2015-02-03
Winnipeg Jets,2,Vancouver Canucks,3,OT,"18,509",,,2015-02-03
Los Angeles Kings,0,Washington Capitals,4,,"18,506",,,2015-02-03
San Jose Sharks,1,Calgary Flames,3,,"18,781",,,2015-02-04
Pittsburgh Penguins,2,Edmonton Oilers,0,,"16,839",,,2015-02-04
Boston Bruins,2,New York Rangers,3,,"18,006",,,2015-02-04
Carolina Hurricanes,2,Arizona Coyotes,1,SO,"12,649",,,2015-02-05
St. Louis Blues,3,Buffalo Sabres,0,,"18,912",,,2015-02-05
Detroit Red Wings,3,Colorado Avalanche,0,,"18,087",,,2015-02-05
Tampa Bay Lightning,5,Dallas Stars,3,,"16,010",,,2015-02-05
Los Angeles Kings,2,Florida Panthers,3,,"9,624",,,2015-02-05
Anaheim Ducks,5,Nashville Predators,2,,"17,113",,,2015-02-05
Washington Capitals,2,Ottawa Senators,1,,"16,543",,,2015-02-05
New York Islanders,3,Philadelphia Flyers,2,SO,"19,042",,,2015-02-05
San Jose Sharks,5,Vancouver Canucks,1,,"18,508",,,2015-02-05
St. Louis Blues,1,Columbus Blue Jackets,7,,"16,321",,,2015-02-06
Pittsburgh Penguins,4,Calgary Flames,0,,"19,289",,,2015-02-06
Toronto Maple Leafs,1,New Jersey Devils,4,,"15,594",,,2015-02-06
Chicago Blackhawks,2,Winnipeg Jets,1,OT,"15,016",,,2015-02-06
Anaheim Ducks,2,Washington Capitals,3,SO,"18,506",,,2015-02-06
Detroit Red Wings,3,Arizona Coyotes,1,,"17,125",,,2015-02-07
New York Islanders,1,Boston Bruins,2,,"17,565",,,2015-02-07
Dallas Stars,2,Buffalo Sabres,3,,"18,426",,,2015-02-07
Colorado Avalanche,0,Minnesota Wild,1,,"19,244",,,2015-02-07
New Jersey Devils,2,Montreal Canadiens,6,,"21,287",,,2015-02-07
New York Rangers,2,Nashville Predators,3,,"17,329",,,2015-02-07
Columbus Blue Jackets,4,Ottawa Senators,1,,"16,891",,,2015-02-07
Carolina Hurricanes,5,San Jose Sharks,4,,"17,139",,,2015-02-07
Los Angeles Kings,4,Tampa Bay Lightning,2,,"19,204",,,2015-02-07
Edmonton Oilers,1,Toronto Maple Leafs,5,,"19,248",,,2015-02-07
Pittsburgh Penguins,0,Vancouver Canucks,5,,"18,870",,,2015-02-07
Montreal Canadiens,3,Boston Bruins,1,,"17,565",,,2015-02-08
New York Islanders,3,Buffalo Sabres,2,,"18,900",,,2015-02-08
Nashville Predators,3,Florida Panthers,2,SO,"10,844",,,2015-02-08
Dallas Stars,3,New York Rangers,2,OT,"18,006",,,2015-02-08
Chicago Blackhawks,4,St. Louis Blues,2,,"19,657",,,2015-02-08
Anaheim Ducks,3,Tampa Bay Lightning,5,,"19,204",,,2015-02-08
Colorado Avalanche,3,Winnipeg Jets,5,,"15,016",,,2015-02-08
Philadelphia Flyers,3,Washington Capitals,1,,"18,506",,,2015-02-08
Los Angeles Kings,4,Columbus Blue Jackets,3,,"14,703",,,2015-02-09
Arizona Coyotes,3,Chicago Blackhawks,2,SO,"21,337",,,2015-02-09
Vancouver Canucks,3,Minnesota Wild,5,,"18,804",,,2015-02-09
Edmonton Oilers,2,New Jersey Devils,1,,"11,519",,,2015-02-09
Calgary Flames,4,San Jose Sharks,1,,"17,010",,,2015-02-09
Dallas Stars,5,Boston Bruins,3,,"17,565",,,2015-02-10
Ottawa Senators,2,Buffalo Sabres,1,,"19,070",,,2015-02-10
Anaheim Ducks,2,Florida Panthers,6,,"8,576",,,2015-02-10
Philadelphia Flyers,1,Montreal Canadiens,2,OT,"21,287",,,2015-02-10
Tampa Bay Lightning,2,Nashville Predators,3,OT,"16,362",,,2015-02-10
Edmonton Oilers,2,New York Islanders,3,,"15,608",,,2015-02-10
Arizona Coyotes,1,St. Louis Blues,2,,"17,312",,,2015-02-10
New York Rangers,5,Toronto Maple Leafs,4,,"18,946",,,2015-02-10
Minnesota Wild,1,Winnipeg Jets,2,OT,"15,016",,,2015-02-10
Vancouver Canucks,5,Chicago Blackhawks,4,OT,"21,346",,,2015-02-11
Detroit Red Wings,1,Pittsburgh Penguins,4,,"18,580",,,2015-02-11
Washington Capitals,5,San Jose Sharks,4,OT,"16,956",,,2015-02-11
Anaheim Ducks,2,Carolina Hurricanes,1,,"11,991",,,2015-02-12
New York Rangers,6,Colorado Avalanche,3,,"17,378",,,2015-02-12
Calgary Flames,3,Los Angeles Kings,5,,"18,230",,,2015-02-12
Florida Panthers,1,Minnesota Wild,2,,"19,055",,,2015-02-12
Edmonton Oilers,4,Montreal Canadiens,3,OT,"21,286",,,2015-02-12
Winnipeg Jets,1,Nashville Predators,3,,"16,135",,,2015-02-12
Toronto Maple Leafs,2,New York Islanders,3,,"15,388",,,2015-02-12
Pittsburgh Penguins,5,Ottawa Senators,4,SO,"18,826",,,2015-02-12
St. Louis Blues,6,Tampa Bay Lightning,3,,"18,926",,,2015-02-12
San Jose Sharks,4,Arizona Coyotes,2,,"16,713",,,2015-02-13
Philadelphia Flyers,3,Columbus Blue Jackets,4,OT,"16,403",,,2015-02-13
New Jersey Devils,1,Chicago Blackhawks,3,,"22,186",,,2015-02-13
Florida Panthers,0,Dallas Stars,2,,"18,211",,,2015-02-13
Boston Bruins,2,Vancouver Canucks,5,,"18,870",,,2015-02-13
New York Rangers,5,Arizona Coyotes,1,,"14,719",,,2015-02-14
Vancouver Canucks,2,Calgary Flames,3,,"19,289",,,2015-02-14
Dallas Stars,1,Colorado Avalanche,4,,"18,087",,,2015-02-14
Winnipeg Jets,5,Detroit Red Wings,4,SO,"20,027",,,2015-02-14
Washington Capitals,1,Los Angeles Kings,3,,"18,230",,,2015-02-14
Carolina Hurricanes,3,Minnesota Wild,6,,"19,220",,,2015-02-14
Toronto Maple Leafs,1,Montreal Canadiens,2,SO,"21,287",,,2015-02-14
New Jersey Devils,1,Nashville Predators,3,,"17,333",,,2015-02-14
Columbus Blue Jackets,3,New York Islanders,6,,"15,678",,,2015-02-14
Edmonton Oilers,2,Ottawa Senators,7,,"17,160",,,2015-02-14
Washington Capitals,5,Anaheim Ducks,3,,"17,252",,,2015-02-15
Philadelphia Flyers,2,Buffalo Sabres,1,,"18,759",,,2015-02-15
Pittsburgh Penguins,1,Chicago Blackhawks,2,SO,"22,169",,,2015-02-15
St. Louis Blues,2,Florida Panthers,1,SO,"11,859",,,2015-02-15
Tampa Bay Lightning,5,San Jose Sharks,2,,"17,562",,,2015-02-15
Boston Bruins,3,Calgary Flames,4,OT,"19,289",,,2015-02-16
Arizona Coyotes,2,Colorado Avalanche,5,,"14,132",,,2015-02-16
Montreal Canadiens,2,Detroit Red Wings,0,,"20,027",,,2015-02-16
Tampa Bay Lightning,2,Los Angeles Kings,3,,"18,230",,,2015-02-16
New York Rangers,6,New York Islanders,5,,"16,170",,,2015-02-16
Carolina Hurricanes,6,Ottawa Senators,3,,"16,562",,,2015-02-16
Minnesota Wild,2,Vancouver Canucks,3,,"18,465",,,2015-02-16
Edmonton Oilers,4,Winnipeg Jets,5,SO,"15,016",,,2015-02-16
New York Islanders,4,Carolina Hurricanes,1,,"12,665",,,2015-02-17
Buffalo Sabres,1,New Jersey Devils,2,SO,"13,517",,,2015-02-17
San Jose Sharks,1,Nashville Predators,5,,"16,206",,,2015-02-17
Columbus Blue Jackets,5,Philadelphia Flyers,2,,"19,082",,,2015-02-17
Washington Capitals,3,Pittsburgh Penguins,1,,"18,602",,,2015-02-17
Dallas Stars,4,St. Louis Blues,1,,"18,830",,,2015-02-17
Florida Panthers,3,Toronto Maple Leafs,2,,"19,098",,,2015-02-17
Tampa Bay Lightning,4,Anaheim Ducks,1,,"17,284",,,2015-02-18
Minnesota Wild,3,Calgary Flames,2,OT,"19,277",,,2015-02-18
Detroit Red Wings,3,Chicago Blackhawks,2,SO,"22,112",,,2015-02-18
Los Angeles Kings,4,Colorado Avalanche,1,,"15,786",,,2015-02-18
Boston Bruins,3,Edmonton Oilers,4,SO,"16,839",,,2015-02-18
Montreal Canadiens,2,Ottawa Senators,4,,"18,949",,,2015-02-18
San Jose Sharks,5,Dallas Stars,2,,"17,568",,,2015-02-19
Florida Panthers,3,Montreal Canadiens,2,SO,"21,286",,,2015-02-19
Nashville Predators,2,New York Islanders,5,,"16,170",,,2015-02-19
Vancouver Canucks,5,New York Rangers,4,SO,"18,006",,,2015-02-19
Buffalo Sabres,3,Philadelphia Flyers,2,SO,"19,472",,,2015-02-19
Columbus Blue Jackets,2,Pittsburgh Penguins,1,,"18,597",,,2015-02-19
Winnipeg Jets,1,Washington Capitals,5,,"18,506",,,2015-02-19
New York Rangers,3,Buffalo Sabres,1,,"19,070",,,2015-02-20
Toronto Maple Leafs,1,Carolina Hurricanes,2,,"12,563",,,2015-02-20
Anaheim Ducks,6,Calgary Flames,3,,"19,289",,,2015-02-20
Colorado Avalanche,4,Chicago Blackhawks,1,,"22,103",,,2015-02-20
Minnesota Wild,4,Edmonton Oilers,0,,"16,839",,,2015-02-20
Vancouver Canucks,2,New Jersey Devils,4,,"14,822",,,2015-02-20
Boston Bruins,1,St. Louis Blues,5,,"19,172",,,2015-02-20
Tampa Bay Lightning,4,Arizona Coyotes,2,,"12,997",,,2015-02-21
Detroit Red Wings,7,Dallas Stars,6,OT,"18,532",,,2015-02-21
Anaheim Ducks,2,Edmonton Oilers,1,,"16,839",,,2015-02-21
Columbus Blue Jackets,1,Montreal Canadiens,3,,"21,286",,,2015-02-21
Carolina Hurricanes,1,New Jersey Devils,3,,"15,610",,,2015-02-21
Florida Panthers,1,Ottawa Senators,4,,"16,938",,,2015-02-21
Nashville Predators,2,Philadelphia Flyers,3,SO,"19,680",,,2015-02-21
Los Angeles Kings,2,San Jose Sharks,1,,"70,205",,,2015-02-21
Pittsburgh Penguins,4,St. Louis Blues,2,,"19,621",,,2015-02-21
Winnipeg Jets,3,Toronto Maple Leafs,4,OT,"19,359",,,2015-02-21
New York Islanders,2,Washington Capitals,3,SO,"18,506",,,2015-02-21
Nashville Predators,2,Buffalo Sabres,1,SO,"19,070",,,2015-02-22
Boston Bruins,6,Chicago Blackhawks,2,,"22,104",,,2015-02-22
Tampa Bay Lightning,4,Colorado Avalanche,5,,"17,385",,,2015-02-22
Dallas Stars,2,Minnesota Wild,6,,"18,754",,,2015-02-22
Vancouver Canucks,4,New York Islanders,0,,"16,170",,,2015-02-22
Columbus Blue Jackets,3,New York Rangers,4,SO,"18,006",,,2015-02-22
Washington Capitals,2,Philadelphia Flyers,3,,"19,703",,,2015-02-22
Florida Panthers,1,Pittsburgh Penguins,5,,"18,592",,,2015-02-22
Detroit Red Wings,3,Anaheim Ducks,4,SO,"17,174",,,2015-02-23
Arizona Coyotes,0,New Jersey Devils,3,,"12,159",,,2015-02-23
Vancouver Canucks,2,Boston Bruins,1,,"17,565",,,2015-02-24
Philadelphia Flyers,1,Carolina Hurricanes,4,,"11,024",,,2015-02-24
Buffalo Sabres,4,Columbus Blue Jackets,2,,"13,671",,,2015-02-24
Florida Panthers,2,Chicago Blackhawks,3,SO,"21,526",,,2015-02-24
Detroit Red Wings,0,Los Angeles Kings,1,,"18,203",,,2015-02-24
Edmonton Oilers,2,Minnesota Wild,1,,"19,044",,,2015-02-24
Colorado Avalanche,2,Nashville Predators,5,,"17,113",,,2015-02-24
Arizona Coyotes,1,New York Islanders,5,,"15,888",,,2015-02-24
Calgary Flames,0,New York Rangers,1,,"18,006",,,2015-02-24
Montreal Canadiens,5,St. Louis Blues,2,,"19,383",,,2015-02-24
Dallas Stars,2,Winnipeg Jets,4,,"15,016",,,2015-02-24
Ottawa Senators,3,Anaheim Ducks,0,,"16,673",,,2015-02-25
Calgary Flames,3,New Jersey Devils,1,,"13,662",,,2015-02-25
Pittsburgh Penguins,4,Washington Capitals,3,,"18,506",,,2015-02-25
Vancouver Canucks,3,Buffalo Sabres,6,,"19,070",,,2015-02-26
Montreal Canadiens,5,Columbus Blue Jackets,2,,"12,357",,,2015-02-26
Chicago Blackhawks,3,Florida Panthers,0,,"17,387",,,2015-02-26
Ottawa Senators,1,Los Angeles Kings,0,,"18,230",,,2015-02-26
Minnesota Wild,4,Nashville Predators,2,,"17,113",,,2015-02-26
Arizona Coyotes,3,New York Rangers,4,,"18,006",,,2015-02-26
Detroit Red Wings,3,San Jose Sharks,2,,"17,562",,,2015-02-26
Philadelphia Flyers,2,Toronto Maple Leafs,3,,"18,892",,,2015-02-26
St. Louis Blues,2,Winnipeg Jets,1,SO,"15,016",,,2015-02-26
Los Angeles Kings,2,Anaheim Ducks,4,,"17,413",,,2015-02-27
Washington Capitals,0,Carolina Hurricanes,3,,"13,415",,,2015-02-27
Colorado Avalanche,5,Dallas Stars,4,SO,"15,431",,,2015-02-27
Boston Bruins,3,New Jersey Devils,2,OT,"16,592",,,2015-02-27
Calgary Flames,1,New York Islanders,2,,"16,170",,,2015-02-27
Chicago Blackhawks,0,Tampa Bay Lightning,4,,"19,204",,,2015-02-27
Arizona Coyotes,1,Boston Bruins,4,,"17,565",,,2015-02-28
New Jersey Devils,2,Columbus Blue Jackets,0,,"17,814",,,2015-02-28
Minnesota Wild,3,Colorado Avalanche,1,,"18,087",,,2015-02-28
St. Louis Blues,2,Edmonton Oilers,1,,"16,839",,,2015-02-28
Buffalo Sabres,3,Florida Panthers,5,,"10,374",,,2015-02-28
Toronto Maple Leafs,0,Montreal Canadiens,4,,"21,287",,,2015-02-28
Detroit Red Wings,4,Nashville Predators,3,,"17,361",,,2015-02-28
Carolina Hurricanes,5,New York Islanders,3,,"16,170",,,2015-02-28
New York Rangers,2,Philadelphia Flyers,4,,"19,979",,,2015-02-28
Ottawa Senators,4,San Jose Sharks,2,,"17,562",,,2015-02-28
Anaheim Ducks,3,Dallas Stars,1,,"17,657",,,2015-03-01
Tampa Bay Lightning,3,Florida Panthers,4,,"10,336",,,2015-03-01
Columbus Blue Jackets,3,Pittsburgh Penguins,5,,"18,581",,,2015-03-01
St. Louis Blues,5,Vancouver Canucks,6,SO,"18,870",,,2015-03-01
Los Angeles Kings,2,Winnipeg Jets,5,,"15,916",,,2015-03-01
Toronto Maple Leafs,0,Washington Capitals,4,,"18,506",,,2015-03-01
Carolina Hurricanes,2,Chicago Blackhawks,5,,"21,641",,,2015-03-02
Nashville Predators,1,New York Rangers,4,,"18,006",,,2015-03-02
Montreal Canadiens,0,San Jose Sharks,4,,"17,236",,,2015-03-02
Anaheim Ducks,4,Arizona Coyotes,1,,"11,387",,,2015-03-03
Washington Capitals,5,Columbus Blue Jackets,3,,"12,915",,,2015-03-03
New York Islanders,2,Dallas Stars,3,OT,"17,453",,,2015-03-03
Los Angeles Kings,5,Edmonton Oilers,2,,"16,839",,,2015-03-03
Toronto Maple Leafs,3,Florida Panthers,2,,"10,198",,,2015-03-03
Ottawa Senators,2,Minnesota Wild,3,SO,"19,054",,,2015-03-03
Nashville Predators,1,New Jersey Devils,3,,"13,012",,,2015-03-03
Calgary Flames,3,Philadelphia Flyers,2,OT,"19,513",,,2015-03-03
Buffalo Sabres,0,Tampa Bay Lightning,3,,"18,922",,,2015-03-03
San Jose Sharks,6,Vancouver Canucks,2,,"18,535",,,2015-03-03
Montreal Canadiens,1,Anaheim Ducks,3,,"17,174",,,2015-03-04
Pittsburgh Penguins,1,Colorado Avalanche,3,,"16,905",,,2015-03-04
New York Rangers,1,Detroit Red Wings,2,OT,"20,027",,,2015-03-04
Ottawa Senators,3,Winnipeg Jets,1,,"15,016",,,2015-03-04
Vancouver Canucks,2,Arizona Coyotes,3,SO,"12,589",,,2015-03-05
Calgary Flames,4,Boston Bruins,3,SO,"17,565",,,2015-03-05
Dallas Stars,4,Florida Panthers,3,SO,"8,510",,,2015-03-05
Montreal Canadiens,3,Los Angeles Kings,4,SO,"18,230",,,2015-03-05
New York Islanders,4,Nashville Predators,3,,"17,113",,,2015-03-05
St. Louis Blues,1,Philadelphia Flyers,3,,"12,531",,,2015-03-05
Toronto Maple Leafs,2,Tampa Bay Lightning,4,,"19,204",,,2015-03-05
Minnesota Wild,2,Washington Capitals,1,,"18,506",,,2015-03-05
Pittsburgh Penguins,5,Anaheim Ducks,2,,"17,310",,,2015-03-06
Minnesota Wild,3,Carolina Hurricanes,1,,"10,857",,,2015-03-06
Edmonton Oilers,1,Chicago Blackhawks,2,SO,"22,017",,,2015-03-06
Calgary Flames,5,Detroit Red Wings,2,,"20,027",,,2015-03-06
Columbus Blue Jackets,3,New Jersey Devils,2,,"16,213",,,2015-03-06
Buffalo Sabres,2,Ottawa Senators,3,,"18,241",,,2015-03-06
Montreal Canadiens,2,Arizona Coyotes,0,,"14,094",,,2015-03-07
Philadelphia Flyers,2,Boston Bruins,3,OT,"17,565",,,2015-03-07
Colorado Avalanche,4,Columbus Blue Jackets,0,,"16,599",,,2015-03-07
New York Islanders,3,Florida Panthers,4,SO,"14,474",,,2015-03-07
Pittsburgh Penguins,1,Los Angeles Kings,0,OT,"18,487",,,2015-03-07
Winnipeg Jets,3,Nashville Predators,1,,"17,113",,,2015-03-07
Vancouver Canucks,3,San Jose Sharks,2,,"17,562",,,2015-03-07
Dallas Stars,4,Tampa Bay Lightning,5,,"19,204",,,2015-03-07
St. Louis Blues,6,Toronto Maple Leafs,1,,"19,108",,,2015-03-07
Buffalo Sabres,1,Washington Capitals,6,,"18,506",,,2015-03-07
Detroit Red Wings,3,Boston Bruins,5,,"17,565",,,2015-03-08
Edmonton Oilers,4,Carolina Hurricanes,7,,"12,826",,,2015-03-08
New York Rangers,1,Chicago Blackhawks,0,OT,"22,160",,,2015-03-08
Colorado Avalanche,3,Minnesota Wild,2,,"19,119",,,2015-03-08
Philadelphia Flyers,2,New Jersey Devils,5,,"16,592",,,2015-03-08
Calgary Flames,4,Ottawa Senators,5,SO,"16,840",,,2015-03-08
Nashville Predators,2,Arizona Coyotes,1,OT,"11,227",,,2015-03-09
Edmonton Oilers,2,Detroit Red Wings,5,,"20,027",,,2015-03-09
Pittsburgh Penguins,1,San Jose Sharks,2,SO,"17,336",,,2015-03-09
New York Islanders,4,Toronto Maple Leafs,3,OT,"18,984",,,2015-03-09
Anaheim Ducks,1,Vancouver Canucks,2,,"18,557",,,2015-03-09
Columbus Blue Jackets,4,Carolina Hurricanes,3,SO,"10,418",,,2015-03-10
Los Angeles Kings,5,Colorado Avalanche,2,,"15,724",,,2015-03-10
New Jersey Devils,2,Minnesota Wild,6,,"19,034",,,2015-03-10
Tampa Bay Lightning,1,Montreal Canadiens,0,OT,"21,286",,,2015-03-10
New York Rangers,2,New York Islanders,1,,"16,170",,,2015-03-10
Boston Bruins,3,Ottawa Senators,1,,"18,961",,,2015-03-10
Dallas Stars,2,Philadelphia Flyers,1,,"18,723",,,2015-03-10
Winnipeg Jets,4,St. Louis Blues,5,,"19,297",,,2015-03-10
Anaheim Ducks,3,Calgary Flames,6,,"19,289",,,2015-03-11
Buffalo Sabres,3,Toronto Maple Leafs,4,SO,"18,844",,,2015-03-11
New York Rangers,3,Washington Capitals,1,,"18,506",,,2015-03-11
Chicago Blackhawks,2,Arizona Coyotes,1,,"17,534",,,2015-03-12
Tampa Bay Lightning,2,Boston Bruins,3,SO,"17,565",,,2015-03-12
Dallas Stars,5,Carolina Hurricanes,3,,"10,025",,,2015-03-12
New Jersey Devils,1,Colorado Avalanche,2,SO,"14,607",,,2015-03-12
Columbus Blue Jackets,3,Detroit Red Wings,1,,"20,027",,,2015-03-12
Winnipeg Jets,2,Florida Panthers,4,,"9,819",,,2015-03-12
Ottawa Senators,5,Montreal Canadiens,2,,"21,287",,,2015-03-12
Edmonton Oilers,4,Pittsburgh Penguins,6,,"18,662",,,2015-03-12
Nashville Predators,0,San Jose Sharks,2,,"17,562",,,2015-03-12
Philadelphia Flyers,0,St. Louis Blues,1,SO,"19,600",,,2015-03-12
Los Angeles Kings,4,Vancouver Canucks,0,,"18,663",,,2015-03-12
Edmonton Oilers,4,Columbus Blue Jackets,5,SO,"14,317",,,2015-03-13
Toronto Maple Leafs,3,Calgary Flames,6,,"19,289",,,2015-03-13
Anaheim Ducks,2,Minnesota Wild,1,,"19,045",,,2015-03-13
Ottawa Senators,2,New York Islanders,1,,"16,170",,,2015-03-13
Dallas Stars,4,Washington Capitals,2,,"18,506",,,2015-03-13
New Jersey Devils,4,Arizona Coyotes,1,,"12,425",,,2015-03-14
New York Rangers,2,Buffalo Sabres,0,,"19,070",,,2015-03-14
Florida Panthers,2,Carolina Hurricanes,0,,"11,790",,,2015-03-14
Calgary Flames,2,Colorado Avalanche,3,,"18,007",,,2015-03-14
Nashville Predators,2,Los Angeles Kings,1,,"18,230",,,2015-03-14
Montreal Canadiens,3,New York Islanders,1,,"16,170",,,2015-03-14
Detroit Red Wings,2,Philadelphia Flyers,7,,"19,701",,,2015-03-14
Boston Bruins,2,Pittsburgh Penguins,0,,"18,651",,,2015-03-14
Chicago Blackhawks,6,San Jose Sharks,2,,"17,562",,,2015-03-14
Minnesota Wild,3,St. Louis Blues,1,,"19,638",,,2015-03-14
Winnipeg Jets,2,Tampa Bay Lightning,1,,"19,204",,,2015-03-14
Toronto Maple Leafs,1,Vancouver Canucks,4,,"18,870",,,2015-03-14
Nashville Predators,2,Anaheim Ducks,4,,"17,295",,,2015-03-15
Carolina Hurricanes,3,Columbus Blue Jackets,2,,"15,258",,,2015-03-15
St. Louis Blues,3,Dallas Stars,0,,"18,532",,,2015-03-15
Florida Panthers,1,New York Rangers,2,,"18,006",,,2015-03-15
Philadelphia Flyers,1,Ottawa Senators,2,SO,"17,730",,,2015-03-15
Detroit Red Wings,5,Pittsburgh Penguins,1,,"18,668",,,2015-03-15
Boston Bruins,0,Washington Capitals,2,,"18,506",,,2015-03-15
Washington Capitals,4,Buffalo Sabres,3,SO,"19,070",,,2015-03-16
Toronto Maple Leafs,1,Edmonton Oilers,4,,"16,839",,,2015-03-16
Arizona Coyotes,0,Los Angeles Kings,1,,"18,230",,,2015-03-16
Montreal Canadiens,2,Tampa Bay Lightning,4,,"19,204",,,2015-03-16
Buffalo Sabres,2,Boston Bruins,1,SO,"17,565",,,2015-03-17
Ottawa Senators,2,Carolina Hurricanes,1,OT,"13,469",,,2015-03-17
St. Louis Blues,4,Calgary Flames,0,,"19,289",,,2015-03-17
New York Islanders,1,Chicago Blackhawks,4,,"22,080",,,2015-03-17
Montreal Canadiens,3,Florida Panthers,2,,"18,245",,,2015-03-17
Pittsburgh Penguins,0,New Jersey Devils,2,,"15,848",,,2015-03-17
Minnesota Wild,3,Nashville Predators,2,OT,"17,209",,,2015-03-17
Philadelphia Flyers,1,Vancouver Canucks,4,,"18,870",,,2015-03-17
San Jose Sharks,2,Winnipeg Jets,5,,"15,016",,,2015-03-17
Los Angeles Kings,2,Anaheim Ducks,3,OT,"17,174",,,2015-03-18
Columbus Blue Jackets,4,Edmonton Oilers,3,SO,"16,839",,,2015-03-18
Chicago Blackhawks,1,New York Rangers,0,,"18,006",,,2015-03-18
Colorado Avalanche,5,Arizona Coyotes,2,,"11,684",,,2015-03-19
Philadelphia Flyers,1,Calgary Flames,4,,"19,289",,,2015-03-19
Pittsburgh Penguins,1,Dallas Stars,2,,"18,532",,,2015-03-19
Detroit Red Wings,1,Florida Panthers,3,,"11,458",,,2015-03-19
Washington Capitals,3,Minnesota Wild,2,,"19,044",,,2015-03-19
Carolina Hurricanes,0,Montreal Canadiens,4,,"21,286",,,2015-03-19
Boston Bruins,4,Ottawa Senators,6,,"19,270",,,2015-03-19
San Jose Sharks,4,Toronto Maple Leafs,1,,"18,926",,,2015-03-19
Columbus Blue Jackets,6,Vancouver Canucks,2,,"18,668",,,2015-03-19
St. Louis Blues,1,Winnipeg Jets,2,SO,"15,016",,,2015-03-19
Colorado Avalanche,2,Anaheim Ducks,3,OT,"17,313",,,2015-03-20
New Jersey Devils,3,Buffalo Sabres,1,,"19,070",,,2015-03-20
Detroit Red Wings,1,Tampa Bay Lightning,3,,"19,204",,,2015-03-20
Pittsburgh Penguins,3,Arizona Coyotes,1,,"15,581",,,2015-03-21
New York Rangers,3,Carolina Hurricanes,2,SO,"13,404",,,2015-03-21
Columbus Blue Jackets,3,Calgary Flames,2,OT,"19,289",,,2015-03-21
Chicago Blackhawks,0,Dallas Stars,4,,"18,532",,,2015-03-21
Philadelphia Flyers,4,Edmonton Oilers,5,OT,"16,839",,,2015-03-21
Boston Bruins,1,Florida Panthers,2,SO,"17,044",,,2015-03-21
Vancouver Canucks,4,Los Angeles Kings,1,,"18,230",,,2015-03-21
St. Louis Blues,3,Minnesota Wild,6,,"19,204",,,2015-03-21
San Jose Sharks,0,Montreal Canadiens,2,,"21,286",,,2015-03-21
New York Islanders,3,New Jersey Devils,0,,"16,592",,,2015-03-21
Buffalo Sabres,0,Nashville Predators,3,,"17,113",,,2015-03-21
Toronto Maple Leafs,3,Ottawa Senators,5,,"19,194",,,2015-03-21
Washington Capitals,0,Winnipeg Jets,3,,"15,016",,,2015-03-21
Vancouver Canucks,3,Arizona Coyotes,1,,"12,405",,,2015-03-22
St. Louis Blues,1,Detroit Red Wings,2,OT,"20,027",,,2015-03-22
Anaheim Ducks,2,New York Rangers,7,,"18,006",,,2015-03-22
Boston Bruins,3,Tampa Bay Lightning,5,,"19,204",,,2015-03-22
Chicago Blackhawks,3,Carolina Hurricanes,1,,"13,786",,,2015-03-23
Colorado Avalanche,2,Calgary Flames,3,,"18,613",,,2015-03-23
Buffalo Sabres,3,Dallas Stars,4,,"18,113",,,2015-03-23
Winnipeg Jets,4,Edmonton Oilers,1,,"16,839",,,2015-03-23
Los Angeles Kings,3,New Jersey Devils,1,,"15,721",,,2015-03-23
San Jose Sharks,2,Ottawa Senators,5,,"18,193",,,2015-03-23
Minnesota Wild,2,Toronto Maple Leafs,1,,"18,366",,,2015-03-23
Anaheim Ducks,3,Columbus Blue Jackets,5,,"14,044",,,2015-03-24
Arizona Coyotes,5,Detroit Red Wings,4,OT,"20,027",,,2015-03-24
Montreal Canadiens,2,Nashville Predators,3,OT,"17,113",,,2015-03-24
Minnesota Wild,2,New York Islanders,1,SO,"16,170",,,2015-03-24
Los Angeles Kings,4,New York Rangers,2,,"18,006",,,2015-03-24
St. Louis Blues,3,Pittsburgh Penguins,2,OT,"18,631",,,2015-03-24
Florida Panthers,3,Tampa Bay Lightning,4,,"18,729",,,2015-03-24
Winnipeg Jets,2,Vancouver Canucks,5,,"18,870",,,2015-03-24
Dallas Stars,4,Calgary Flames,3,SO,"19,289",,,2015-03-25
Colorado Avalanche,3,Edmonton Oilers,4,,"16,839",,,2015-03-25
Chicago Blackhawks,1,Philadelphia Flyers,4,,"19,831",,,2015-03-25
Anaheim Ducks,3,Boston Bruins,2,OT,"17,565",,,2015-03-26
Arizona Coyotes,4,Buffalo Sabres,3,OT,"19,070",,,2015-03-26
Pittsburgh Penguins,2,Carolina Hurricanes,5,,"13,738",,,2015-03-26
San Jose Sharks,6,Detroit Red Wings,4,,"20,027",,,2015-03-26
Los Angeles Kings,3,New York Islanders,2,,"16,170",,,2015-03-26
New York Rangers,5,Ottawa Senators,1,,"17,753",,,2015-03-26
Nashville Predators,3,Tampa Bay Lightning,2,,"19,204",,,2015-03-26
Florida Panthers,4,Toronto Maple Leafs,1,,"18,831",,,2015-03-26
Colorado Avalanche,4,Vancouver Canucks,1,,"18,870",,,2015-03-26
Montreal Canadiens,2,Winnipeg Jets,5,,"15,016",,,2015-03-26
New Jersey Devils,2,Washington Capitals,3,OT,"18,506",,,2015-03-26
Columbus Blue Jackets,5,Chicago Blackhawks,2,,"22,187",,,2015-03-27
Dallas Stars,0,Edmonton Oilers,4,,"16,839",,,2015-03-27
Calgary Flames,2,Minnesota Wild,4,,"19,040",,,2015-03-27
New York Rangers,2,Boston Bruins,4,,"17,565",,,2015-03-28
New Jersey Devils,1,Carolina Hurricanes,3,,"12,578",,,2015-03-28
Buffalo Sabres,3,Colorado Avalanche,5,,"18,007",,,2015-03-28
Tampa Bay Lightning,0,Detroit Red Wings,4,,"20,027",,,2015-03-28
Los Angeles Kings,1,Minnesota Wild,4,,"19,204",,,2015-03-28
Florida Panthers,2,Montreal Canadiens,3,OT,"21,287",,,2015-03-28
Anaheim Ducks,3,New York Islanders,2,,"16,170",,,2015-03-28
San Jose Sharks,3,Philadelphia Flyers,2,SO,"18,783",,,2015-03-28
Arizona Coyotes,2,Pittsburgh Penguins,3,,"18,627",,,2015-03-28
Columbus Blue Jackets,4,St. Louis Blues,2,,"19,431",,,2015-03-28
Ottawa Senators,3,Toronto Maple Leafs,4,OT,"18,906",,,2015-03-28
Dallas Stars,4,Vancouver Canucks,3,OT,"18,595",,,2015-03-28
Nashville Predators,4,Washington Capitals,3,,"18,506",,,2015-03-28
Boston Bruins,2,Carolina Hurricanes,1,OT,"14,275",,,2015-03-29
Anaheim Ducks,2,New Jersey Devils,1,,"15,987",,,2015-03-29
Calgary Flames,5,Nashville Predators,2,,"17,113",,,2015-03-29
Detroit Red Wings,4,New York Islanders,5,,"16,170",,,2015-03-29
Washington Capitals,5,New York Rangers,2,,"18,006",,,2015-03-29
Florida Panthers,4,Ottawa Senators,2,,"19,045",,,2015-03-29
San Jose Sharks,2,Pittsburgh Penguins,3,SO,"18,620",,,2015-03-29
Chicago Blackhawks,4,Winnipeg Jets,3,,"15,016",,,2015-03-29
Buffalo Sabres,4,Arizona Coyotes,1,,"13,612",,,2015-03-30
Los Angeles Kings,1,Chicago Blackhawks,4,,"21,848",,,2015-03-30
Edmonton Oilers,4,Colorado Avalanche,1,,"15,493",,,2015-03-30
Calgary Flames,5,Dallas Stars,3,,"17,898",,,2015-03-30
Tampa Bay Lightning,5,Montreal Canadiens,3,,"21,286",,,2015-03-30
Vancouver Canucks,4,St. Louis Blues,1,,"19,204",,,2015-03-30
Florida Panthers,2,Boston Bruins,3,,"17,565",,,2015-03-31
New Jersey Devils,2,Columbus Blue Jackets,3,OT,"14,524",,,2015-03-31
Ottawa Senators,2,Detroit Red Wings,1,SO,"20,027",,,2015-03-31
Vancouver Canucks,5,Nashville Predators,4,SO,"17,113",,,2015-03-31
Tampa Bay Lightning,1,Toronto Maple Leafs,3,,"18,857",,,2015-03-31
New York Rangers,3,Winnipeg Jets,2,,"15,016",,,2015-03-31
Carolina Hurricanes,2,Washington Capitals,4,,"18,506",,,2015-03-31
Edmonton Oilers,1,Anaheim Ducks,5,,"17,174",,,2015-04-01
Toronto Maple Leafs,3,Buffalo Sabres,4,,"19,070",,,2015-04-01
Philadelphia Flyers,4,Pittsburgh Penguins,1,,"18,664",,,2015-04-01
Colorado Avalanche,1,San Jose Sharks,5,,"17,562",,,2015-04-01
New York Islanders,3,Columbus Blue Jackets,4,SO,"15,361",,,2015-04-02
Vancouver Canucks,1,Chicago Blackhawks,3,,"21,901",,,2015-04-02
Boston Bruins,3,Detroit Red Wings,2,,"20,027",,,2015-04-02
Carolina Hurricanes,1,Florida Panthers,6,,"9,827",,,2015-04-02
Edmonton Oilers,2,Los Angeles Kings,8,,"18,230",,,2015-04-02
New York Rangers,3,Minnesota Wild,2,,"19,244",,,2015-04-02
Washington Capitals,5,Montreal Canadiens,4,SO,"21,287",,,2015-04-02
Tampa Bay Lightning,1,Ottawa Senators,2,OT,"18,097",,,2015-04-02
Calgary Flames,1,St. Louis Blues,4,,"19,308",,,2015-04-02
Colorado Avalanche,4,Anaheim Ducks,2,,"17,201",,,2015-04-03
Chicago Blackhawks,4,Buffalo Sabres,3,,"19,070",,,2015-04-03
St. Louis Blues,7,Dallas Stars,5,,"18,532",,,2015-04-03
Montreal Canadiens,2,New Jersey Devils,3,SO,"16,592",,,2015-04-03
Arizona Coyotes,1,San Jose Sharks,3,,"17,562",,,2015-04-03
San Jose Sharks,3,Arizona Coyotes,5,,"14,752",,,2015-04-04
Toronto Maple Leafs,1,Boston Bruins,2,SO,"17,565",,,2015-04-04
Philadelphia Flyers,2,Carolina Hurricanes,3,SO,"12,852",,,2015-04-04
Pittsburgh Penguins,3,Columbus Blue Jackets,5,,"18,513",,,2015-04-04
Calgary Flames,4,Edmonton Oilers,0,,"16,839",,,2015-04-04
Tampa Bay Lightning,4,Florida Panthers,0,,"11,072",,,2015-04-04
Colorado Avalanche,1,Los Angeles Kings,3,,"18,230",,,2015-04-04
Detroit Red Wings,3,Minnesota Wild,2,SO,"19,246",,,2015-04-04
Dallas Stars,4,Nashville Predators,3,OT,"17,113",,,2015-04-04
Buffalo Sabres,0,New York Islanders,3,,"16,170",,,2015-04-04
New Jersey Devils,1,New York Rangers,6,,"18,006",,,2015-04-04
Washington Capitals,3,Ottawa Senators,4,OT,"19,961",,,2015-04-04
Vancouver Canucks,4,Winnipeg Jets,5,,"15,016",,,2015-04-04
St. Louis Blues,2,Chicago Blackhawks,1,,"22,017",,,2015-04-05
Washington Capitals,2,Detroit Red Wings,1,,"20,027",,,2015-04-05
Montreal Canadiens,4,Florida Panthers,1,,"14,112",,,2015-04-05
Pittsburgh Penguins,1,Philadelphia Flyers,4,,"18,435",,,2015-04-05
Ottawa Senators,2,Toronto Maple Leafs,3,SO,"18,919",,,2015-04-05
Carolina Hurricanes,3,Buffalo Sabres,4,,"19,070",,,2015-04-06
Winnipeg Jets,2,Minnesota Wild,0,,"19,010",,,2015-04-06
Columbus Blue Jackets,3,New York Rangers,4,OT,"18,006",,,2015-04-06
Dallas Stars,5,San Jose Sharks,1,,"17,562",,,2015-04-06
Los Angeles Kings,1,Vancouver Canucks,2,SO,"18,870",,,2015-04-06
Arizona Coyotes,2,Calgary Flames,3,,"19,289",,,2015-04-07
Minnesota Wild,2,Chicago Blackhawks,1,,"21,851",,,2015-04-07
Nashville Predators,2,Colorado Avalanche,3,,"13,561",,,2015-04-07
Carolina Hurricanes,2,Detroit Red Wings,3,,"20,027",,,2015-04-07
Los Angeles Kings,2,Edmonton Oilers,4,,"16,839",,,2015-04-07
New York Rangers,4,New Jersey Devils,2,,"16,592",,,2015-04-07
Pittsburgh Penguins,3,Ottawa Senators,4,OT,"20,263",,,2015-04-07
New York Islanders,4,Philadelphia Flyers,5,,"17,927",,,2015-04-07
Winnipeg Jets,1,St. Louis Blues,0,,"19,616",,,2015-04-07
Dallas Stars,4,Anaheim Ducks,0,,"17,252",,,2015-04-08
Toronto Maple Leafs,0,Columbus Blue Jackets,5,,"15,631",,,2015-04-08
Boston Bruins,0,Washington Capitals,3,,"18,506",,,2015-04-08
Los Angeles Kings,1,Calgary Flames,3,,"19,289",,,2015-04-09
Winnipeg Jets,0,Colorado Avalanche,1,SO,"14,802",,,2015-04-09
San Jose Sharks,3,Edmonton Oilers,1,,"16,839",,,2015-04-09
Boston Bruins,2,Florida Panthers,4,,"11,778",,,2015-04-09
Detroit Red Wings,3,Montreal Canadiens,4,OT,"21,287",,,2015-04-09
Minnesota Wild,4,Nashville Predators,2,,"17,236",,,2015-04-09
Ottawa Senators,3,New York Rangers,0,,"18,006",,,2015-04-09
Carolina Hurricanes,3,Philadelphia Flyers,1,,"17,348",,,2015-04-09
Chicago Blackhawks,1,St. Louis Blues,2,,"19,751",,,2015-04-09
New Jersey Devils,3,Tampa Bay Lightning,4,OT,"19,204",,,2015-04-09
Arizona Coyotes,0,Vancouver Canucks,5,,"18,796",,,2015-04-09
Buffalo Sabres,2,Columbus Blue Jackets,4,,"17,855",,,2015-04-10
New York Islanders,3,Pittsburgh Penguins,1,,"18,673",,,2015-04-10
Anaheim Ducks,2,Arizona Coyotes,1,,"15,733",,,2015-04-11
Pittsburgh Penguins,2,Buffalo Sabres,0,,"19,070",,,2015-04-11
Detroit Red Wings,2,Carolina Hurricanes,0,,"16,680",,,2015-04-11
Chicago Blackhawks,2,Colorado Avalanche,3,,"18,049",,,2015-04-11
Nashville Predators,1,Dallas Stars,4,,"18,532",,,2015-04-11
New Jersey Devils,2,Florida Panthers,3,,"12,236",,,2015-04-11
San Jose Sharks,1,Los Angeles Kings,4,,"18,230",,,2015-04-11
Columbus Blue Jackets,5,New York Islanders,4,SO,"16,170",,,2015-04-11
Ottawa Senators,3,Philadelphia Flyers,1,,"17,027",,,2015-04-11
Minnesota Wild,2,St. Louis Blues,4,,"19,155",,,2015-04-11
Boston Bruins,2,Tampa Bay Lightning,3,SO,"19,204",,,2015-04-11
Montreal Canadiens,4,Toronto Maple Leafs,3,SO,"19,308",,,2015-04-11
Edmonton Oilers,5,Vancouver Canucks,6,OT,"18,870",,,2015-04-11
Calgary Flames,1,Winnipeg Jets,5,,"15,016",,,2015-04-11
New York Rangers,4,Washington Capitals,2,,"18,506",,,2015-04-11
