{"first_round": ["Florida Panthers", "New York Islanders", "Tampa Bay Lightning", "Detroit Red Wings", "Washington Capitals", "Philadelphia Flyers", "Pittsburgh Penguins", "New York Rangers", "Dallas Stars", "Minnesota Wild", "St. Louis Blues", "Chicago Blackhawks", "Anaheim Ducks", "Nashville Predators", "Los Angeles Kings", "San Jose Sharks"], "second_round": ["New York Islanders", "Tampa Bay Lightning", "Washington Capitals", "Pittsburgh Penguins", "Dallas Stars", "St. Louis Blues", "Nashville Predators", "San Jose Sharks"], "conference_finals": ["Tampa Bay Lightning", "Pittsburgh Penguins", "St. Louis Blues", "San Jose Sharks"], "final": ["Pittsburgh Penguins", "San Jose Sharks"], "winner": ["Pittsburgh Penguins"]}