visitor_team_name,visitor_goals,home_team_name,home_goals,overtimes,attendance,game_duration,game_remarks,date_game
Vancouver Canucks,5,Calgary Flames,1,,"19,289",2:32,,2015-10-07
New York Rangers,3,Chicago Blackhawks,2,,"22,104",2:28,,2015-10-07
San Jose Sharks,5,Los Angeles Kings,1,,"18,230",2:40,,2015-10-07
Montreal Canadiens,3,Toronto Maple Leafs,1,,"19,241",2:36,,2015-10-07
Winnipeg Jets,6,Boston Bruins,2,,"17,565",2:26,,2015-10-08
Ottawa Senators,3,Buffalo Sabres,1,,"19,070",2:37,,2015-10-08
Minnesota Wild,5,Colorado Avalanche,4,,"18,007",2:36,,2015-10-08
Pittsburgh Penguins,0,Dallas Stars,3,,"18,532",2:41,,2015-10-08
Carolina Hurricanes,1,Nashville Predators,2,,"17,204",2:25,,2015-10-08
Edmonton Oilers,1,St. Louis Blues,3,,"19,327",2:25,,2015-10-08
Philadelphia Flyers,2,Tampa Bay Lightning,3,OT,"19,092",2:34,,2015-10-08
New York Rangers,4,Columbus Blue Jackets,2,,"19,027",2:31,,2015-10-09
Toronto Maple Leafs,0,Detroit Red Wings,4,,"20,027",2:33,,2015-10-09
Arizona Coyotes,4,Los Angeles Kings,1,,"18,230",2:27,,2015-10-09
Winnipeg Jets,3,New Jersey Devils,1,,"14,579",2:26,,2015-10-09
Chicago Blackhawks,3,New York Islanders,2,OT,"15,795",2:37,,2015-10-09
Pittsburgh Penguins,1,Arizona Coyotes,2,,"17,125",2:30,,2015-10-10
Montreal Canadiens,4,Boston Bruins,2,,"17,565",2:50,,2015-10-10
Tampa Bay Lightning,4,Buffalo Sabres,1,,"17,739",2:27,,2015-10-10
Detroit Red Wings,4,Carolina Hurricanes,3,,"18,949",2:29,,2015-10-10
New York Islanders,1,Chicago Blackhawks,4,,"21,392",2:23,,2015-10-10
Dallas Stars,3,Colorado Avalanche,6,,"16,024",2:31,,2015-10-10
Philadelphia Flyers,1,Florida Panthers,7,,"19,434",2:37,,2015-10-10
St. Louis Blues,2,Minnesota Wild,3,,"19,096",2:27,,2015-10-10
Edmonton Oilers,0,Nashville Predators,2,,"17,113",2:32,,2015-10-10
Columbus Blue Jackets,2,New York Rangers,5,,"18,006",2:33,,2015-10-10
Anaheim Ducks,0,San Jose Sharks,2,,"17,562",2:25,,2015-10-10
Ottawa Senators,5,Toronto Maple Leafs,4,SO,"19,187",2:53,,2015-10-10
Calgary Flames,3,Vancouver Canucks,2,OT,"18,570",2:36,,2015-10-10
New Jersey Devils,3,Washington Capitals,5,,"18,506",2:35,,2015-10-10
Montreal Canadiens,3,Ottawa Senators,1,,"19,177",2:40,,2015-10-11
Vancouver Canucks,2,Anaheim Ducks,1,SO,"17,174",2:25,,2015-10-12
Tampa Bay Lightning,6,Boston Bruins,3,,"17,565",2:30,,2015-10-12
Columbus Blue Jackets,2,Buffalo Sabres,4,,"18,075",2:27,,2015-10-12
Winnipeg Jets,2,New York Islanders,4,,"11,183",2:37,,2015-10-12
Florida Panthers,0,Philadelphia Flyers,1,,"19,769",2:29,,2015-10-12
Florida Panthers,4,Carolina Hurricanes,1,,"10,901",2:14,,2015-10-13
St. Louis Blues,4,Calgary Flames,3,,"18,632",2:23,,2015-10-13
Edmonton Oilers,2,Dallas Stars,4,,"16,265",2:30,,2015-10-13
Tampa Bay Lightning,1,Detroit Red Wings,3,,"20,027",2:27,,2015-10-13
Vancouver Canucks,3,Los Angeles Kings,0,,"18,230",2:23,,2015-10-13
Nashville Predators,3,New Jersey Devils,1,,"11,117",2:27,,2015-10-13
Winnipeg Jets,4,New York Rangers,1,,"18,006",2:23,,2015-10-13
Montreal Canadiens,3,Pittsburgh Penguins,2,,"18,626",2:23,,2015-10-13
San Jose Sharks,5,Washington Capitals,0,,"18,506",2:33,,2015-10-13
Arizona Coyotes,4,Anaheim Ducks,0,,"15,172",2:33,,2015-10-14
Ottawa Senators,7,Columbus Blue Jackets,3,,"13,803",2:31,,2015-10-14
Boston Bruins,6,Colorado Avalanche,2,,"15,082",2:17,,2015-10-14
Chicago Blackhawks,0,Philadelphia Flyers,3,,"19,779",2:25,,2015-10-14
Minnesota Wild,4,Arizona Coyotes,3,,"12,029",2:44,,2015-10-15
St. Louis Blues,4,Edmonton Oilers,2,,"16,839",2:27,,2015-10-15
Buffalo Sabres,2,Florida Panthers,3,,"11,616",2:36,,2015-10-15
New York Rangers,0,Montreal Canadiens,3,,"21,288",2:37,,2015-10-15
Nashville Predators,3,New York Islanders,4,,"10,542",2:32,,2015-10-15
Ottawa Senators,0,Pittsburgh Penguins,2,,"18,486",2:29,,2015-10-15
Dallas Stars,5,Tampa Bay Lightning,3,,"19,092",2:31,,2015-10-15
Chicago Blackhawks,1,Washington Capitals,4,,"18,506",2:17,,2015-10-15
Colorado Avalanche,3,Anaheim Ducks,0,,"17,174",2:29,,2015-10-16
Toronto Maple Leafs,6,Columbus Blue Jackets,3,,"13,885",2:37,,2015-10-16
Carolina Hurricanes,5,Detroit Red Wings,3,,"20,027",2:22,,2015-10-16
Minnesota Wild,1,Los Angeles Kings,2,OT,"18,230",2:34,,2015-10-16
San Jose Sharks,2,New Jersey Devils,1,SO,"12,464",2:37,,2015-10-16
St. Louis Blues,4,Vancouver Canucks,3,,"18,362",2:24,,2015-10-16
Calgary Flames,1,Winnipeg Jets,3,,"15,294",2:28,,2015-10-16
Boston Bruins,5,Arizona Coyotes,3,,"13,411",2:35,,2015-10-17
Edmonton Oilers,5,Calgary Flames,2,,"19,289",2:36,,2015-10-17
Columbus Blue Jackets,1,Chicago Blackhawks,4,,"21,563",2:19,,2015-10-17
Dallas Stars,4,Florida Panthers,2,,"12,834",2:30,,2015-10-17
Detroit Red Wings,1,Montreal Canadiens,4,,"21,288",2:35,,2015-10-17
San Jose Sharks,3,New York Islanders,6,,"11,577",2:37,,2015-10-17
Nashville Predators,4,Ottawa Senators,3,SO,"16,895",2:50,,2015-10-17
Toronto Maple Leafs,1,Pittsburgh Penguins,2,,"18,650",2:30,,2015-10-17
Buffalo Sabres,1,Tampa Bay Lightning,2,,"19,092",2:27,,2015-10-17
Carolina Hurricanes,1,Washington Capitals,4,,"18,506",2:26,,2015-10-17
Minnesota Wild,1,Anaheim Ducks,4,,"16,784",2:34,,2015-10-18
Colorado Avalanche,1,Los Angeles Kings,2,,"18,230",2:34,,2015-10-18
New Jersey Devils,2,New York Rangers,1,OT,"18,006",2:23,,2015-10-18
Edmonton Oilers,2,Vancouver Canucks,1,OT,"18,261",2:21,,2015-10-18
St. Louis Blues,4,Winnipeg Jets,2,,"15,294",3:28,,2015-10-18
San Jose Sharks,0,New York Rangers,4,,"18,006",2:19,,2015-10-19
New York Islanders,4,Columbus Blue Jackets,0,,"14,295",2:28,,2015-10-20
Washington Capitals,6,Calgary Flames,2,,"18,303",2:28,,2015-10-20
St. Louis Blues,0,Montreal Canadiens,3,,"21,288",2:40,,2015-10-20
Arizona Coyotes,2,New Jersey Devils,3,OT,"12,171",2:32,,2015-10-20
Tampa Bay Lightning,4,Nashville Predators,5,SO,"17,113",2:43,,2015-10-20
Dallas Stars,2,Philadelphia Flyers,1,,"19,077",2:35,,2015-10-20
Florida Panthers,2,Pittsburgh Penguins,3,OT,"18,471",2:45,,2015-10-20
Philadelphia Flyers,5,Boston Bruins,4,OT,"17,565",2:33,,2015-10-21
Toronto Maple Leafs,1,Buffalo Sabres,2,SO,"17,762",2:47,,2015-10-21
Carolina Hurricanes,1,Colorado Avalanche,0,OT,"12,826",2:24,,2015-10-21
Detroit Red Wings,1,Edmonton Oilers,3,,"16,839",2:25,,2015-10-21
Florida Panthers,2,Chicago Blackhawks,3,,"21,591",2:34,,2015-10-22
Columbus Blue Jackets,2,Minnesota Wild,3,,"18,650",2:31,,2015-10-22
Anaheim Ducks,1,Nashville Predators,5,,"17,113",2:28,,2015-10-22
Arizona Coyotes,1,New York Rangers,4,,"18,006",2:38,,2015-10-22
New Jersey Devils,5,Ottawa Senators,4,SO,"16,578",2:41,,2015-10-22
Dallas Stars,4,Pittsburgh Penguins,1,,"18,490",2:32,,2015-10-22
Los Angeles Kings,4,San Jose Sharks,1,,"16,797",2:39,,2015-10-22
Washington Capitals,3,Vancouver Canucks,2,,"18,188",2:17,,2015-10-22
Montreal Canadiens,7,Buffalo Sabres,2,,"18,214",2:28,,2015-10-23
Detroit Red Wings,2,Calgary Flames,3,OT,"19,158",2:37,,2015-10-23
Washington Capitals,7,Edmonton Oilers,4,,"16,839",2:28,,2015-10-23
Carolina Hurricanes,0,Los Angeles Kings,3,,"18,230",2:31,,2015-10-23
Boston Bruins,5,New York Islanders,3,,"13,113",2:45,,2015-10-23
Tampa Bay Lightning,4,Winnipeg Jets,3,OT,"15,294",2:31,,2015-10-23
New Jersey Devils,4,Buffalo Sabres,3,,"18,040",2:31,,2015-10-24
Tampa Bay Lightning,0,Chicago Blackhawks,1,OT,"21,822",2:23,,2015-10-24
Columbus Blue Jackets,4,Colorado Avalanche,3,,"18,007",2:30,,2015-10-24
Florida Panthers,6,Dallas Stars,2,,"18,532",2:34,,2015-10-24
Anaheim Ducks,0,Minnesota Wild,3,,"19,034",2:29,,2015-10-24
Toronto Maple Leafs,3,Montreal Canadiens,5,,"21,288",2:43,,2015-10-24
Pittsburgh Penguins,2,Nashville Predators,1,OT,"17,163",2:29,,2015-10-24
Arizona Coyotes,4,Ottawa Senators,1,,"17,270",2:29,,2015-10-24
New York Rangers,2,Philadelphia Flyers,3,SO,"19,805",2:52,,2015-10-24
Carolina Hurricanes,2,San Jose Sharks,5,,"15,814",2:24,,2015-10-24
New York Islanders,3,St. Louis Blues,2,OT,"19,186",2:31,,2015-10-24
Detroit Red Wings,3,Vancouver Canucks,2,OT,"18,312",2:38,,2015-10-24
Los Angeles Kings,3,Edmonton Oilers,2,,"16,839",2:27,,2015-10-25
Calgary Flames,1,New York Rangers,4,,"18,006",2:18,,2015-10-25
Minnesota Wild,4,Winnipeg Jets,5,,"15,294",2:34,,2015-10-25
Anaheim Ducks,0,Chicago Blackhawks,1,OT,"21,529",2:36,,2015-10-26
Calgary Flames,0,New York Islanders,4,,"11,582",2:26,,2015-10-26
Arizona Coyotes,4,Toronto Maple Leafs,3,,"18,944",2:48,,2015-10-26
Arizona Coyotes,0,Boston Bruins,6,,"17,565",2:34,,2015-10-27
Anaheim Ducks,3,Dallas Stars,4,,"17,798",2:32,,2015-10-27
Carolina Hurricanes,3,Detroit Red Wings,1,,"20,027",2:19,,2015-10-27
Colorado Avalanche,1,Florida Panthers,4,,"11,694",2:26,,2015-10-27
Edmonton Oilers,3,Minnesota Wild,4,,"18,936",2:23,,2015-10-27
Columbus Blue Jackets,3,New Jersey Devils,1,,"12,847",2:17,,2015-10-27
Buffalo Sabres,4,Philadelphia Flyers,3,OT,"19,432",2:37,,2015-10-27
Tampa Bay Lightning,0,St. Louis Blues,2,,"19,184",2:24,,2015-10-27
Montreal Canadiens,1,Vancouver Canucks,5,,"18,570",2:23,,2015-10-27
Los Angeles Kings,4,Winnipeg Jets,1,,"15,294",2:20,,2015-10-27
Calgary Flames,4,Ottawa Senators,5,SO,"16,923",2:53,,2015-10-28
Nashville Predators,2,San Jose Sharks,1,,"15,219",2:24,,2015-10-28
Pittsburgh Penguins,3,Washington Capitals,1,,"18,506",2:27,,2015-10-28
Vancouver Canucks,3,Dallas Stars,4,OT,"17,664",2:32,,2015-10-29
Montreal Canadiens,3,Edmonton Oilers,4,,"16,839",2:37,,2015-10-29
Carolina Hurricanes,3,New York Islanders,2,OT,"11,494",2:31,,2015-10-29
New Jersey Devils,4,Philadelphia Flyers,1,,"19,241",2:32,,2015-10-29
Buffalo Sabres,3,Pittsburgh Penguins,4,,"18,415",2:28,,2015-10-29
Anaheim Ducks,1,St. Louis Blues,2,,"16,904",2:30,,2015-10-29
Colorado Avalanche,2,Tampa Bay Lightning,1,,"19,092",2:28,,2015-10-29
Chicago Blackhawks,1,Winnipeg Jets,3,,"15,294",2:32,,2015-10-29
Vancouver Canucks,4,Arizona Coyotes,3,,"12,166",2:22,,2015-10-30
Philadelphia Flyers,1,Buffalo Sabres,3,,"15,962",2:37,,2015-10-30
Colorado Avalanche,2,Carolina Hurricanes,3,,"9,345",2:22,,2015-10-30
Montreal Canadiens,6,Calgary Flames,2,,"19,289",2:36,,2015-10-30
Ottawa Senators,3,Detroit Red Wings,1,,"20,027",2:36,,2015-10-30
Boston Bruins,3,Florida Panthers,1,,"14,112",2:30,,2015-10-30
Chicago Blackhawks,4,Minnesota Wild,5,,"19,140",2:43,,2015-10-30
Toronto Maple Leafs,1,New York Rangers,3,,"18,006",2:30,,2015-10-30
Columbus Blue Jackets,1,Washington Capitals,2,,"18,506",2:27,,2015-10-30
Winnipeg Jets,3,Columbus Blue Jackets,2,,"12,860",2:29,,2015-10-31
San Jose Sharks,3,Dallas Stars,5,,"18,178",2:33,,2015-10-31
Calgary Flames,5,Edmonton Oilers,4,,"16,839",2:39,,2015-10-31
Washington Capitals,2,Florida Panthers,1,OT,"11,207",2:34,,2015-10-31
Nashville Predators,3,Los Angeles Kings,4,OT,"18,230",2:29,,2015-10-31
New York Islanders,2,New Jersey Devils,3,SO,"11,605",2:30,,2015-10-31
Detroit Red Wings,5,Ottawa Senators,3,,"16,964",2:40,,2015-10-31
Minnesota Wild,2,St. Louis Blues,3,OT,"17,728",3:01,,2015-10-31
Boston Bruins,3,Tampa Bay Lightning,1,,"19,092",2:26,,2015-10-31
Pittsburgh Penguins,4,Toronto Maple Leafs,0,,"19,197",2:30,,2015-10-31
Nashville Predators,2,Anaheim Ducks,4,,"16,276",2:32,,2015-11-01
Tampa Bay Lightning,4,Carolina Hurricanes,3,,"9,081",2:23,,2015-11-01
San Jose Sharks,4,Colorado Avalanche,3,,"17,128",2:31,,2015-11-01
Winnipeg Jets,1,Montreal Canadiens,5,,"21,288",2:31,,2015-11-01
Buffalo Sabres,2,New York Islanders,1,,"11,278",2:18,,2015-11-01
Los Angeles Kings,2,Chicago Blackhawks,4,,"21,534",2:28,,2015-11-02
Dallas Stars,1,Toronto Maple Leafs,4,,"19,087",2:51,,2015-11-02
Philadelphia Flyers,1,Vancouver Canucks,4,,"18,264",2:29,,2015-11-02
Dallas Stars,5,Boston Bruins,3,,"17,565",2:33,,2015-11-03
Calgary Flames,3,Colorado Avalanche,6,,"14,408",2:31,,2015-11-03
Tampa Bay Lightning,1,Detroit Red Wings,2,,"20,027",2:32,,2015-11-03
Philadelphia Flyers,2,Edmonton Oilers,4,,"16,839",2:28,,2015-11-03
Ottawa Senators,2,Montreal Canadiens,1,OT,"21,288",2:32,,2015-11-03
New Jersey Devils,1,New York Islanders,2,,"12,122",2:27,,2015-11-03
Washington Capitals,2,New York Rangers,5,,"18,006",2:26,,2015-11-03
Columbus Blue Jackets,5,San Jose Sharks,2,,"15,491",2:30,,2015-11-03
Los Angeles Kings,3,St. Louis Blues,0,,"17,529",2:35,,2015-11-03
Florida Panthers,2,Anaheim Ducks,3,SO,"15,169",2:49,,2015-11-04
St. Louis Blues,6,Chicago Blackhawks,5,OT,"21,676",2:45,,2015-11-04
Winnipeg Jets,4,Toronto Maple Leafs,2,,"19,113",2:32,,2015-11-04
Pittsburgh Penguins,3,Vancouver Canucks,2,,"18,570",2:31,,2015-11-04
Colorado Avalanche,2,Arizona Coyotes,4,,"10,270",2:37,,2015-11-05
Tampa Bay Lightning,4,Buffalo Sabres,1,,"18,161",2:19,,2015-11-05
Philadelphia Flyers,1,Calgary Flames,2,OT,"19,289",2:33,,2015-11-05
Columbus Blue Jackets,3,Los Angeles Kings,2,,"18,230",2:37,,2015-11-05
Nashville Predators,3,Minnesota Wild,2,,"19,024",2:40,,2015-11-05
New York Islanders,1,Montreal Canadiens,4,,"21,288",2:24,,2015-11-05
Winnipeg Jets,2,Ottawa Senators,3,SO,"17,195",2:43,,2015-11-05
Florida Panthers,2,San Jose Sharks,5,,"15,525",2:29,,2015-11-05
Boston Bruins,1,Washington Capitals,4,,"18,506",2:35,,2015-11-05
Columbus Blue Jackets,2,Anaheim Ducks,4,,"17,174",2:26,,2015-11-06
Dallas Stars,4,Carolina Hurricanes,1,,"10,188",2:32,,2015-11-06
New York Rangers,2,Colorado Avalanche,1,,"17,818",2:23,,2015-11-06
Pittsburgh Penguins,2,Edmonton Oilers,1,,"16,839",2:33,,2015-11-06
Chicago Blackhawks,2,New Jersey Devils,4,,"16,514",2:38,,2015-11-06
Detroit Red Wings,2,Toronto Maple Leafs,1,OT,"19,680",2:40,,2015-11-06
New York Rangers,4,Arizona Coyotes,1,,"13,029",2:31,,2015-11-07
Vancouver Canucks,2,Buffalo Sabres,3,,"19,070",2:26,,2015-11-07
Ottawa Senators,2,Carolina Hurricanes,3,OT,"10,005",2:33,,2015-11-07
Pittsburgh Penguins,2,Calgary Flames,5,,"19,289",2:31,,2015-11-07
Florida Panthers,1,Los Angeles Kings,4,,"18,230",2:32,,2015-11-07
Tampa Bay Lightning,0,Minnesota Wild,1,,"19,066",2:20,,2015-11-07
Boston Bruins,2,Montreal Canadiens,4,,"21,288",2:46,,2015-11-07
St. Louis Blues,4,Nashville Predators,0,,"17,143",2:26,,2015-11-07
Anaheim Ducks,1,San Jose Sharks,0,,"17,562",2:32,,2015-11-07
Philadelphia Flyers,3,Winnipeg Jets,0,,"15,294",2:27,,2015-11-07
Toronto Maple Leafs,2,Washington Capitals,3,SO,"18,506",2:52,,2015-11-07
Edmonton Oilers,2,Chicago Blackhawks,4,,"21,611",2:33,,2015-11-08
Dallas Stars,4,Detroit Red Wings,1,,"20,027",2:31,,2015-11-08
Vancouver Canucks,3,New Jersey Devils,4,OT,"14,896",2:54,,2015-11-08
Boston Bruins,2,New York Islanders,1,,"13,197",2:30,,2015-11-08
Arizona Coyotes,4,Anaheim Ducks,3,OT,"13,864",2:30,,2015-11-09
Vancouver Canucks,5,Columbus Blue Jackets,3,,"14,148",2:27,,2015-11-10
Toronto Maple Leafs,3,Dallas Stars,2,,"18,266",2:31,,2015-11-10
Washington Capitals,0,Detroit Red Wings,1,,"20,027",2:21,,2015-11-10
Calgary Flames,3,Florida Panthers,4,,"11,242",2:24,,2015-11-10
Arizona Coyotes,3,Los Angeles Kings,2,,"18,230",2:26,,2015-11-10
Winnipeg Jets,3,Minnesota Wild,5,,"19,153",2:31,,2015-11-10
St. Louis Blues,2,New Jersey Devils,0,,"13,310",2:18,,2015-11-10
Ottawa Senators,5,Nashville Predators,7,,"16,963",2:41,,2015-11-10
Carolina Hurricanes,0,New York Rangers,3,,"18,006",2:27,,2015-11-10
Colorado Avalanche,4,Philadelphia Flyers,0,,"18,587",2:25,,2015-11-10
New York Islanders,4,San Jose Sharks,2,,"16,558",2:27,,2015-11-10
Buffalo Sabres,4,Tampa Bay Lightning,1,,"19,092",2:25,,2015-11-10
Edmonton Oilers,4,Anaheim Ducks,3,OT,"16,505",2:30,,2015-11-11
Montreal Canadiens,3,Pittsburgh Penguins,4,SO,"18,455",2:44,,2015-11-11
Edmonton Oilers,1,Arizona Coyotes,4,,"15,545",2:26,,2015-11-12
Colorado Avalanche,3,Boston Bruins,2,,"17,565",2:34,,2015-11-12
Minnesota Wild,3,Carolina Hurricanes,2,OT,"9,511",2:33,,2015-11-12
New Jersey Devils,3,Chicago Blackhawks,2,,"21,568",2:18,,2015-11-12
Winnipeg Jets,3,Dallas Stars,6,,"18,010",2:29,,2015-11-12
Buffalo Sabres,3,Florida Panthers,2,,"11,271",2:32,,2015-11-12
New York Islanders,1,Los Angeles Kings,2,,"18,230",2:27,,2015-11-12
Toronto Maple Leafs,2,Nashville Predators,1,SO,"17,231",2:37,,2015-11-12
St. Louis Blues,3,New York Rangers,6,,"18,006",2:26,,2015-11-12
Vancouver Canucks,2,Ottawa Senators,3,,"19,229",2:23,,2015-11-12
Washington Capitals,5,Philadelphia Flyers,2,,"19,414",2:34,,2015-11-12
Calgary Flames,1,Tampa Bay Lightning,3,,"19,092",2:40,,2015-11-12
New York Islanders,4,Anaheim Ducks,1,,"17,174",2:28,,2015-11-13
San Jose Sharks,3,Detroit Red Wings,2,,"20,027",2:17,,2015-11-13
Columbus Blue Jackets,2,Pittsburgh Penguins,1,,"18,610",2:40,,2015-11-13
Calgary Flames,3,Washington Capitals,2,OT,"18,506",2:35,,2015-11-13
Detroit Red Wings,1,Boston Bruins,3,,"17,565",2:24,,2015-11-14
San Jose Sharks,2,Buffalo Sabres,1,OT,"18,611",2:33,,2015-11-14
Philadelphia Flyers,3,Carolina Hurricanes,2,OT,"13,758",2:21,,2015-11-14
Arizona Coyotes,2,Columbus Blue Jackets,5,,"13,702",2:38,,2015-11-14
Minnesota Wild,2,Dallas Stars,3,OT,"18,532",2:40,,2015-11-14
Edmonton Oilers,3,Los Angeles Kings,4,,"18,230",2:28,,2015-11-14
Colorado Avalanche,6,Montreal Canadiens,1,,"21,288",2:23,,2015-11-14
Pittsburgh Penguins,0,New Jersey Devils,4,,"16,514",2:29,,2015-11-14
Winnipeg Jets,0,Nashville Predators,7,,"17,113",2:42,,2015-11-14
New York Rangers,2,Ottawa Senators,1,SO,"19,310",2:33,,2015-11-14
Chicago Blackhawks,4,St. Louis Blues,2,,"19,808",2:40,,2015-11-14
Florida Panthers,5,Tampa Bay Lightning,4,SO,"19,092",2:53,,2015-11-14
Vancouver Canucks,2,Toronto Maple Leafs,4,,"19,798",2:41,,2015-11-14
Calgary Flames,1,Chicago Blackhawks,4,,"21,629",2:23,,2015-11-15
Toronto Maple Leafs,3,New York Rangers,4,,"18,006",2:38,,2015-11-15
Anaheim Ducks,4,Carolina Hurricanes,1,,"9,305",2:22,,2015-11-16
Tampa Bay Lightning,0,Florida Panthers,1,,"12,067",2:26,,2015-11-16
Vancouver Canucks,3,Montreal Canadiens,4,OT,"21,288",2:37,,2015-11-16
Arizona Coyotes,2,New York Islanders,5,,"11,841",2:24,,2015-11-16
Detroit Red Wings,4,Ottawa Senators,3,OT,"16,718",2:36,,2015-11-16
Winnipeg Jets,2,St. Louis Blues,3,,"18,680",2:33,,2015-11-16
San Jose Sharks,5,Boston Bruins,4,,"17,565",2:32,,2015-11-17
Dallas Stars,3,Buffalo Sabres,1,,"18,101",2:36,,2015-11-17
St. Louis Blues,1,Columbus Blue Jackets,3,,"12,161",2:27,,2015-11-17
New Jersey Devils,2,Calgary Flames,3,,"19,289",2:27,,2015-11-17
Anaheim Ducks,2,Nashville Predators,3,,"17,113",2:30,,2015-11-17
Los Angeles Kings,3,Philadelphia Flyers,2,SO,"18,846",2:36,,2015-11-17
Minnesota Wild,3,Pittsburgh Penguins,4,,"18,495",2:43,,2015-11-17
Colorado Avalanche,1,Toronto Maple Leafs,5,,"19,238",2:25,,2015-11-17
Washington Capitals,2,Detroit Red Wings,1,OT,"20,027",2:26,,2015-11-18
Chicago Blackhawks,4,Edmonton Oilers,3,OT,"16,839",2:33,,2015-11-18
Vancouver Canucks,1,Winnipeg Jets,4,,"15,294",2:33,,2015-11-18
Minnesota Wild,2,Boston Bruins,4,,"17,565",2:29,,2015-11-19
Anaheim Ducks,3,Florida Panthers,1,,"10,947",2:30,,2015-11-19
Arizona Coyotes,3,Montreal Canadiens,2,,"21,288",2:37,,2015-11-19
Columbus Blue Jackets,0,Ottawa Senators,3,,"16,925",2:37,,2015-11-19
San Jose Sharks,1,Philadelphia Flyers,0,OT,"18,229",2:37,,2015-11-19
Colorado Avalanche,3,Pittsburgh Penguins,4,,"18,430",2:29,,2015-11-19
Buffalo Sabres,2,St. Louis Blues,3,SO,"17,359",2:38,,2015-11-19
New York Rangers,1,Tampa Bay Lightning,2,,"19,092",2:33,,2015-11-19
Dallas Stars,3,Washington Capitals,2,,"18,506",2:27,,2015-11-19
Toronto Maple Leafs,2,Carolina Hurricanes,1,SO,"10,327",2:52,,2015-11-20
Nashville Predators,0,Columbus Blue Jackets,4,,"13,584",2:24,,2015-11-20
Chicago Blackhawks,1,Calgary Flames,2,OT,"19,289",2:32,,2015-11-20
Los Angeles Kings,2,Detroit Red Wings,3,,"20,027",2:28,,2015-11-20
New Jersey Devils,1,Edmonton Oilers,5,,"16,839",2:22,,2015-11-20
Montreal Canadiens,5,New York Islanders,3,,"15,171",2:35,,2015-11-20
Toronto Maple Leafs,0,Boston Bruins,2,,"17,565",2:33,,2015-11-21
Buffalo Sabres,0,Dallas Stars,3,,"18,532",2:25,,2015-11-21
New York Rangers,5,Florida Panthers,4,OT,"17,866",2:48,,2015-11-21
Nashville Predators,0,Minnesota Wild,4,,"19,056",2:33,,2015-11-21
Philadelphia Flyers,0,Ottawa Senators,4,,"18,578",2:29,,2015-11-21
San Jose Sharks,3,Pittsburgh Penguins,1,,"18,534",2:29,,2015-11-21
Detroit Red Wings,4,St. Louis Blues,3,OT,"18,098",2:37,,2015-11-21
Anaheim Ducks,0,Tampa Bay Lightning,5,,"19,092",2:31,,2015-11-21
Chicago Blackhawks,3,Vancouver Canucks,6,,"18,570",2:24,,2015-11-21
Arizona Coyotes,2,Winnipeg Jets,3,,"15,294",2:29,,2015-11-21
Colorado Avalanche,3,Washington Capitals,7,,"18,506",2:34,,2015-11-21
Los Angeles Kings,3,Carolina Hurricanes,4,,"10,154",2:33,,2015-11-22
San Jose Sharks,5,Columbus Blue Jackets,3,,"13,397",2:34,,2015-11-22
New York Islanders,2,Montreal Canadiens,4,,"21,288",2:28,,2015-11-22
New Jersey Devils,3,Vancouver Canucks,2,,"18,268",2:35,,2015-11-22
St. Louis Blues,2,Buffalo Sabres,1,,"17,563",2:28,,2015-11-23
Los Angeles Kings,3,Florida Panthers,1,,"10,997",2:33,,2015-11-23
Nashville Predators,0,New York Rangers,3,,"18,006",2:29,,2015-11-23
Carolina Hurricanes,2,Philadelphia Flyers,3,OT,"18,636",2:33,,2015-11-23
Boston Bruins,4,Toronto Maple Leafs,3,SO,"19,609",2:58,,2015-11-23
Colorado Avalanche,4,Winnipeg Jets,1,,"15,294",2:19,,2015-11-23
Edmonton Oilers,0,Washington Capitals,1,,"18,506",2:21,,2015-11-23
Calgary Flames,3,Anaheim Ducks,5,,"15,688",2:32,,2015-11-24
Ottawa Senators,7,Dallas Stars,4,,"18,532",2:31,,2015-11-24
Anaheim Ducks,2,Arizona Coyotes,4,,"11,578",2:32,,2015-11-25
Nashville Predators,3,Buffalo Sabres,2,,"17,871",2:24,,2015-11-25
Edmonton Oilers,1,Carolina Hurricanes,4,,"10,911",2:18,,2015-11-25
Ottawa Senators,5,Colorado Avalanche,3,,"16,570",2:30,,2015-11-25
Boston Bruins,3,Detroit Red Wings,2,OT,"20,027",2:24,,2015-11-25
Vancouver Canucks,3,Minnesota Wild,2,,"18,877",2:26,,2015-11-25
Columbus Blue Jackets,2,New Jersey Devils,1,,"13,567",2:20,,2015-11-25
Philadelphia Flyers,1,New York Islanders,3,,"13,027",2:24,,2015-11-25
Montreal Canadiens,5,New York Rangers,1,,"18,006",2:28,,2015-11-25
St. Louis Blues,3,Pittsburgh Penguins,4,OT,"18,569",2:26,,2015-11-25
Chicago Blackhawks,5,San Jose Sharks,2,,"17,562",2:25,,2015-11-25
Los Angeles Kings,1,Tampa Bay Lightning,2,SO,"19,092",2:46,,2015-11-25
Winnipeg Jets,3,Washington Capitals,5,,"18,506",2:27,,2015-11-25
Chicago Blackhawks,3,Anaheim Ducks,2,OT,"17,174",2:43,,2015-11-27
Calgary Flames,1,Arizona Coyotes,2,OT,"11,495",2:32,,2015-11-27
New York Rangers,3,Boston Bruins,4,,"17,565",2:33,,2015-11-27
Carolina Hurricanes,1,Buffalo Sabres,4,,"18,052",2:18,,2015-11-27
Pittsburgh Penguins,1,Columbus Blue Jackets,2,OT,"18,205",2:43,,2015-11-27
Vancouver Canucks,2,Dallas Stars,3,SO,"18,532",2:41,,2015-11-27
Edmonton Oilers,3,Detroit Red Wings,4,OT,"20,027",2:27,,2015-11-27
New York Islanders,2,Florida Panthers,3,SO,"14,598",2:36,,2015-11-27
Winnipeg Jets,3,Minnesota Wild,1,,"19,055",2:30,,2015-11-27
Montreal Canadiens,3,New Jersey Devils,2,SO,"16,514",2:46,,2015-11-27
Nashville Predators,2,Philadelphia Flyers,3,OT,"19,818",2:41,,2015-11-27
Tampa Bay Lightning,2,Washington Capitals,4,,"18,506",2:38,,2015-11-27
Ottawa Senators,3,Arizona Coyotes,4,,"12,727",2:34,,2015-11-28
Winnipeg Jets,3,Colorado Avalanche,5,,"16,311",2:23,,2015-11-28
Chicago Blackhawks,2,Los Angeles Kings,3,OT,"18,482",2:29,,2015-11-28
Dallas Stars,4,Minnesota Wild,3,OT,"19,024",2:36,,2015-11-28
New Jersey Devils,3,Montreal Canadiens,2,OT,"21,288",2:39,,2015-11-28
Buffalo Sabres,4,Nashville Predators,1,,"17,217",2:36,,2015-11-28
Philadelphia Flyers,3,New York Rangers,0,,"18,006",2:19,,2015-11-28
Edmonton Oilers,3,Pittsburgh Penguins,2,SO,"18,656",2:45,,2015-11-28
Calgary Flames,2,San Jose Sharks,5,,"17,283",2:21,,2015-11-28
Columbus Blue Jackets,1,St. Louis Blues,3,,"19,227",2:22,,2015-11-28
New York Islanders,3,Tampa Bay Lightning,2,,"19,092",2:23,,2015-11-28
Washington Capitals,4,Toronto Maple Leafs,2,,"19,053",2:25,,2015-11-28
Florida Panthers,2,Detroit Red Wings,1,OT,"20,027",2:38,,2015-11-29
Vancouver Canucks,0,Anaheim Ducks,4,,"14,006",2:29,,2015-11-30
Colorado Avalanche,3,New York Islanders,5,,"11,585",2:26,,2015-11-30
Carolina Hurricanes,3,New York Rangers,4,,"18,006",2:26,,2015-11-30
Edmonton Oilers,0,Toronto Maple Leafs,3,,"19,559",2:27,,2015-11-30
Dallas Stars,3,Calgary Flames,4,SO,"19,237",2:32,,2015-12-01
Minnesota Wild,2,Chicago Blackhawks,1,,"21,580",2:29,,2015-12-01
Buffalo Sabres,4,Detroit Red Wings,5,SO,"20,027",2:47,,2015-12-01
Vancouver Canucks,1,Los Angeles Kings,2,OT,"18,230",2:30,,2015-12-01
Columbus Blue Jackets,1,Montreal Canadiens,2,,"21,288",2:28,,2015-12-01
Colorado Avalanche,2,New Jersey Devils,1,,"14,019",2:25,,2015-12-01
Arizona Coyotes,2,Nashville Predators,5,,"15,091",2:28,,2015-12-01
Philadelphia Flyers,4,Ottawa Senators,2,,"17,010",2:34,,2015-12-01
Pittsburgh Penguins,5,San Jose Sharks,1,,"16,624",2:27,,2015-12-01
Florida Panthers,3,St. Louis Blues,1,,"15,395",2:28,,2015-12-01
Tampa Bay Lightning,2,Anaheim Ducks,1,,"14,741",2:40,,2015-12-02
Boston Bruins,2,Edmonton Oilers,3,SO,"16,839",2:49,,2015-12-02
New York Rangers,1,New York Islanders,2,SO,"15,795",2:38,,2015-12-02
Toronto Maple Leafs,1,Winnipeg Jets,6,,"15,294",2:27,,2015-12-02
New Jersey Devils,5,Carolina Hurricanes,1,,"9,254",2:35,,2015-12-03
Arizona Coyotes,1,Detroit Red Wings,5,,"20,027",2:31,,2015-12-03
Toronto Maple Leafs,0,Minnesota Wild,1,,"18,880",2:26,,2015-12-03
Washington Capitals,3,Montreal Canadiens,2,,"21,288",2:30,,2015-12-03
Florida Panthers,2,Nashville Predators,1,,"15,405",2:26,,2015-12-03
Colorado Avalanche,2,New York Rangers,1,,"18,006",2:19,,2015-12-03
Chicago Blackhawks,3,Ottawa Senators,4,OT,"17,171",2:41,,2015-12-03
Dallas Stars,4,Vancouver Canucks,2,,"18,302",2:34,,2015-12-03
San Jose Sharks,0,Anaheim Ducks,1,,"15,701",2:26,,2015-12-04
Arizona Coyotes,2,Buffalo Sabres,5,,"18,204",2:34,,2015-12-04
Florida Panthers,2,Columbus Blue Jackets,1,SO,"14,062",2:43,,2015-12-04
Boston Bruins,4,Calgary Flames,5,OT,"19,289",2:41,,2015-12-04
Dallas Stars,1,Edmonton Oilers,2,OT,"16,839",2:24,,2015-12-04
Philadelphia Flyers,4,New Jersey Devils,3,OT,"14,825",2:34,,2015-12-04
St. Louis Blues,1,New York Islanders,2,SO,"12,873",2:34,,2015-12-04
Montreal Canadiens,2,Carolina Hurricanes,3,,"10,687",2:36,,2015-12-05
Nashville Predators,4,Detroit Red Wings,5,OT,"20,027",2:39,,2015-12-05
Pittsburgh Penguins,3,Los Angeles Kings,5,,"18,230",2:28,,2015-12-05
Colorado Avalanche,0,Minnesota Wild,3,,"19,173",2:28,,2015-12-05
New York Islanders,2,Ottawa Senators,3,OT,"17,281",2:37,,2015-12-05
Columbus Blue Jackets,4,Philadelphia Flyers,1,,"18,202",2:30,,2015-12-05
Tampa Bay Lightning,4,San Jose Sharks,3,,"16,089",2:36,,2015-12-05
Toronto Maple Leafs,4,St. Louis Blues,1,,"18,698",2:31,,2015-12-05
Boston Bruins,4,Vancouver Canucks,0,,"18,570",2:24,,2015-12-05
Washington Capitals,1,Winnipeg Jets,2,OT,"15,294",2:46,,2015-12-05
Pittsburgh Penguins,1,Anaheim Ducks,2,,"15,836",2:29,,2015-12-06
Arizona Coyotes,4,Carolina Hurricanes,5,,"9,021",2:27,,2015-12-06
Winnipeg Jets,1,Chicago Blackhawks,3,,"21,749",2:41,,2015-12-06
Buffalo Sabres,2,Edmonton Oilers,4,,"16,839",2:41,,2015-12-06
Tampa Bay Lightning,1,Los Angeles Kings,3,,"18,230",2:35,,2015-12-06
Florida Panthers,2,New Jersey Devils,4,,"13,643",2:28,,2015-12-06
Ottawa Senators,1,New York Rangers,4,,"18,006",2:30,,2015-12-06
Nashville Predators,3,Boston Bruins,2,,"17,565",2:36,,2015-12-07
Minnesota Wild,1,Colorado Avalanche,2,OT,"16,589",2:33,,2015-12-07
Buffalo Sabres,2,Vancouver Canucks,5,,"18,278",2:28,,2015-12-07
Los Angeles Kings,3,Columbus Blue Jackets,2,OT,"15,633",2:35,,2015-12-08
San Jose Sharks,2,Calgary Flames,4,,"19,289",2:39,,2015-12-08
Nashville Predators,1,Chicago Blackhawks,4,,"21,432",2:26,,2015-12-08
Carolina Hurricanes,5,Dallas Stars,6,,"18,287",2:34,,2015-12-08
Ottawa Senators,4,Florida Panthers,2,,"11,571",2:21,,2015-12-08
New York Islanders,4,Philadelphia Flyers,3,SO,"18,108",2:43,,2015-12-08
Arizona Coyotes,1,St. Louis Blues,4,,"16,301",2:35,,2015-12-08
New Jersey Devils,2,Toronto Maple Leafs,3,SO,"19,043",2:46,,2015-12-08
Detroit Red Wings,2,Washington Capitals,3,SO,"18,506",2:41,,2015-12-08
Pittsburgh Penguins,4,Colorado Avalanche,2,,"15,838",2:29,,2015-12-09
San Jose Sharks,3,Edmonton Oilers,4,OT,"16,839",2:40,,2015-12-09
Boston Bruins,3,Montreal Canadiens,1,,"21,288",2:37,,2015-12-09
New York Rangers,1,Vancouver Canucks,2,,"18,195",2:28,,2015-12-09
Buffalo Sabres,3,Calgary Flames,4,,"18,565",2:33,,2015-12-10
Montreal Canadiens,2,Detroit Red Wings,3,,"20,027",2:34,,2015-12-10
Washington Capitals,1,Florida Panthers,4,,"12,810",2:47,,2015-12-10
Chicago Blackhawks,1,Nashville Predators,5,,"17,113",2:31,,2015-12-10
Philadelphia Flyers,4,St. Louis Blues,2,,"14,428",2:27,,2015-12-10
Ottawa Senators,1,Tampa Bay Lightning,4,,"19,092",2:32,,2015-12-10
Columbus Blue Jackets,4,Winnipeg Jets,6,,"15,294",2:34,,2015-12-10
Carolina Hurricanes,5,Anaheim Ducks,1,,"17,174",2:27,,2015-12-11
Minnesota Wild,1,Arizona Coyotes,2,OT,"14,404",2:36,,2015-12-11
Winnipeg Jets,0,Chicago Blackhawks,2,,"22,021",2:22,,2015-12-11
Philadelphia Flyers,1,Dallas Stars,3,,"18,532",2:35,,2015-12-11
New York Rangers,5,Edmonton Oilers,7,,"16,839",2:39,,2015-12-11
Detroit Red Wings,2,New Jersey Devils,3,OT,"16,514",2:34,,2015-12-11
Los Angeles Kings,3,Pittsburgh Penguins,2,SO,"18,489",2:51,,2015-12-11
Carolina Hurricanes,5,Arizona Coyotes,4,OT,"12,668",2:34,,2015-12-12
Florida Panthers,1,Boston Bruins,3,,"17,565",2:31,,2015-12-12
Los Angeles Kings,1,Buffalo Sabres,2,OT,"18,133",2:32,,2015-12-12
New York Islanders,3,Columbus Blue Jackets,2,OT,"12,342",2:29,,2015-12-12
New York Rangers,4,Calgary Flames,5,OT,"19,289",2:32,,2015-12-12
Ottawa Senators,1,Montreal Canadiens,3,,"21,288",2:36,,2015-12-12
Colorado Avalanche,3,Nashville Predators,2,,"17,113",2:36,,2015-12-12
Minnesota Wild,2,San Jose Sharks,0,,"16,766",2:25,,2015-12-12
Dallas Stars,0,St. Louis Blues,3,,"15,023",2:33,,2015-12-12
Washington Capitals,2,Tampa Bay Lightning,1,,"19,092",2:32,,2015-12-12
Vancouver Canucks,0,Chicago Blackhawks,4,,"21,711",2:23,,2015-12-13
New Jersey Devils,0,New York Islanders,4,,"13,259",2:25,,2015-12-13
Colorado Avalanche,3,St. Louis Blues,1,,"17,961",2:19,,2015-12-13
Edmonton Oilers,3,Boston Bruins,2,OT,"17,565",2:38,,2015-12-14
Tampa Bay Lightning,2,Columbus Blue Jackets,1,,"12,494",2:27,,2015-12-14
Buffalo Sabres,2,Detroit Red Wings,1,,"20,027",2:26,,2015-12-14
Los Angeles Kings,3,Ottawa Senators,5,,"17,829",2:32,,2015-12-14
Washington Capitals,4,Pittsburgh Penguins,1,,"18,520",2:36,,2015-12-14
New Jersey Devils,2,Buffalo Sabres,0,,"18,297",2:22,,2015-12-15
Colorado Avalanche,3,Chicago Blackhawks,0,,"21,473",2:24,,2015-12-15
Columbus Blue Jackets,1,Dallas Stars,5,,"18,232",2:31,,2015-12-15
Vancouver Canucks,2,Minnesota Wild,6,,"18,804",2:31,,2015-12-15
San Jose Sharks,3,Montreal Canadiens,1,,"21,288",2:26,,2015-12-15
Calgary Flames,2,Nashville Predators,1,OT,"15,431",2:26,,2015-12-15
Florida Panthers,5,New York Islanders,1,,"13,656",2:27,,2015-12-15
Edmonton Oilers,2,New York Rangers,4,,"18,006",2:21,,2015-12-15
Carolina Hurricanes,3,Philadelphia Flyers,4,OT,"18,205",2:29,,2015-12-15
Tampa Bay Lightning,5,Toronto Maple Leafs,4,OT,"18,989",2:38,,2015-12-15
St. Louis Blues,4,Winnipeg Jets,3,,"15,294",2:26,,2015-12-15
Pittsburgh Penguins,0,Boston Bruins,3,,"17,565",2:34,,2015-12-16
Ottawa Senators,1,Washington Capitals,2,,"18,506",2:27,,2015-12-16
Columbus Blue Jackets,7,Arizona Coyotes,5,,"11,120",2:32,,2015-12-17
Anaheim Ducks,0,Buffalo Sabres,3,,"18,801",2:31,,2015-12-17
Edmonton Oilers,0,Chicago Blackhawks,4,,"21,451",2:25,,2015-12-17
New York Islanders,1,Colorado Avalanche,2,,"15,811",2:23,,2015-12-17
Calgary Flames,3,Dallas Stars,1,,"18,410",2:25,,2015-12-17
New York Rangers,2,Minnesota Wild,5,,"19,090",2:27,,2015-12-17
Los Angeles Kings,3,Montreal Canadiens,0,,"21,288",2:29,,2015-12-17
Florida Panthers,5,New Jersey Devils,1,,"12,512",2:21,,2015-12-17
Vancouver Canucks,0,Philadelphia Flyers,2,,"17,943",2:33,,2015-12-17
Nashville Predators,1,St. Louis Blues,2,,"17,882",2:26,,2015-12-17
San Jose Sharks,5,Toronto Maple Leafs,4,OT,"18,966",2:41,,2015-12-17
Florida Panthers,2,Carolina Hurricanes,0,,"10,511",2:24,,2015-12-18
Vancouver Canucks,4,Detroit Red Wings,3,SO,"20,027",2:44,,2015-12-18
San Jose Sharks,2,Ottawa Senators,4,,"17,990",2:34,,2015-12-18
Boston Bruins,6,Pittsburgh Penguins,2,,"18,585",2:34,,2015-12-18
New York Rangers,2,Winnipeg Jets,5,,"15,294",2:25,,2015-12-18
Tampa Bay Lightning,3,Washington Capitals,5,,"18,506",2:25,,2015-12-18
New York Islanders,0,Arizona Coyotes,1,,"11,878",2:23,,2015-12-19
Chicago Blackhawks,3,Buffalo Sabres,2,SO,"18,870",2:38,,2015-12-19
Philadelphia Flyers,2,Columbus Blue Jackets,3,SO,"14,030",2:44,,2015-12-19
Edmonton Oilers,1,Colorado Avalanche,5,,"17,570",2:24,,2015-12-19
Montreal Canadiens,2,Dallas Stars,6,,"18,532",2:35,,2015-12-19
Anaheim Ducks,2,New Jersey Devils,1,,"16,514",2:20,,2015-12-19
Minnesota Wild,2,Nashville Predators,3,,"17,117",2:26,,2015-12-19
Carolina Hurricanes,2,Pittsburgh Penguins,1,,"18,590",2:17,,2015-12-19
Calgary Flames,2,St. Louis Blues,3,,"18,163",2:33,,2015-12-19
Los Angeles Kings,0,Toronto Maple Leafs,5,,"19,362",2:28,,2015-12-19
New Jersey Devils,1,Boston Bruins,2,SO,"17,565",2:43,,2015-12-20
San Jose Sharks,3,Chicago Blackhawks,4,OT,"22,096",2:41,,2015-12-20
Calgary Flames,2,Detroit Red Wings,4,,"20,027",2:25,,2015-12-20
Vancouver Canucks,4,Florida Panthers,5,SO,"13,459",4:31,,2015-12-20
Washington Capitals,7,New York Rangers,3,,"18,006",2:31,,2015-12-20
Ottawa Senators,2,Tampa Bay Lightning,5,,"19,092",2:32,,2015-12-20
Washington Capitals,2,Carolina Hurricanes,1,,"13,228",2:17,,2015-12-21
Toronto Maple Leafs,7,Colorado Avalanche,4,,"16,084",2:35,,2015-12-21
Winnipeg Jets,1,Edmonton Oilers,3,,"16,839",2:37,,2015-12-21
Dallas Stars,6,Minnesota Wild,3,,"19,047",2:41,,2015-12-21
Montreal Canadiens,1,Nashville Predators,5,,"17,113",2:32,,2015-12-21
Anaheim Ducks,2,New York Islanders,5,,"13,578",2:26,,2015-12-21
St. Louis Blues,3,Philadelphia Flyers,4,,"19,676",2:31,,2015-12-21
Columbus Blue Jackets,2,Pittsburgh Penguins,5,,"18,602",2:35,,2015-12-21
Toronto Maple Leafs,2,Arizona Coyotes,3,,"12,234",2:39,,2015-12-22
St. Louis Blues,2,Boston Bruins,0,,"17,565",2:26,,2015-12-22
Winnipeg Jets,1,Calgary Flames,4,,"19,289",2:35,,2015-12-22
Chicago Blackhawks,0,Dallas Stars,4,,"18,532",2:26,,2015-12-22
New Jersey Devils,4,Detroit Red Wings,3,,"20,027",2:32,,2015-12-22
Ottawa Senators,1,Florida Panthers,2,SO,"14,538",2:41,,2015-12-22
San Jose Sharks,5,Los Angeles Kings,3,,"18,493",2:33,,2015-12-22
Montreal Canadiens,1,Minnesota Wild,2,,"19,105",2:31,,2015-12-22
Anaheim Ducks,2,New York Rangers,3,OT,"18,006",2:38,,2015-12-22
Vancouver Canucks,2,Tampa Bay Lightning,1,,"19,092",2:30,,2015-12-22
Los Angeles Kings,4,Arizona Coyotes,3,OT,"15,277",2:36,,2015-12-26
Buffalo Sabres,6,Boston Bruins,3,,"17,565",2:27,,2015-12-26
New Jersey Devils,1,Carolina Hurricanes,3,,"11,654",2:15,,2015-12-26
Pittsburgh Penguins,3,Minnesota Wild,1,,"19,234",2:30,,2015-12-26
Detroit Red Wings,3,Nashville Predators,2,,"17,208",2:26,,2015-12-26
Dallas Stars,2,St. Louis Blues,3,SO,"19,185",2:51,,2015-12-26
Columbus Blue Jackets,2,Tampa Bay Lightning,5,,"19,092",2:38,,2015-12-26
Edmonton Oilers,1,Vancouver Canucks,2,OT,"18,570",2:34,,2015-12-26
Montreal Canadiens,1,Washington Capitals,3,,"18,506",2:31,,2015-12-26
Philadelphia Flyers,2,Anaheim Ducks,4,,"17,322",2:29,,2015-12-27
Edmonton Oilers,3,Calgary Flames,5,,"19,289",2:26,,2015-12-27
Carolina Hurricanes,2,Chicago Blackhawks,1,,"22,157",2:22,,2015-12-27
Arizona Coyotes,2,Colorado Avalanche,1,OT,"18,064",2:41,,2015-12-27
St. Louis Blues,0,Dallas Stars,3,,"18,532",2:38,,2015-12-27
Columbus Blue Jackets,2,Florida Panthers,3,,"16,902",2:27,,2015-12-27
Toronto Maple Leafs,3,New York Islanders,1,,"15,795",2:20,,2015-12-27
Boston Bruins,1,Ottawa Senators,3,,"20,061",2:25,,2015-12-27
Pittsburgh Penguins,0,Winnipeg Jets,1,,"15,294",2:20,,2015-12-27
Washington Capitals,2,Buffalo Sabres,0,,"19,070",2:30,,2015-12-28
Detroit Red Wings,1,Minnesota Wild,3,,"19,110",2:25,,2015-12-28
New York Rangers,3,Nashville Predators,5,,"17,317",2:33,,2015-12-28
Colorado Avalanche,6,San Jose Sharks,3,,"17,562",2:23,,2015-12-28
Montreal Canadiens,4,Tampa Bay Lightning,3,SO,"19,092",3:00,,2015-12-28
Los Angeles Kings,5,Vancouver Canucks,0,,"18,570",2:29,,2015-12-28
Chicago Blackhawks,7,Arizona Coyotes,5,,"17,197",2:43,,2015-12-29
Ottawa Senators,3,Boston Bruins,7,,"17,565",2:47,,2015-12-29
Dallas Stars,3,Columbus Blue Jackets,6,,"15,836",2:38,,2015-12-29
Anaheim Ducks,1,Calgary Flames,0,,"19,289",2:18,,2015-12-29
Los Angeles Kings,5,Edmonton Oilers,2,,"16,839",2:30,,2015-12-29
Montreal Canadiens,1,Florida Panthers,3,,"19,822",2:29,,2015-12-29
Carolina Hurricanes,2,New Jersey Devils,3,,"16,514",2:25,,2015-12-29
Nashville Predators,3,St. Louis Blues,4,OT,"19,319",2:43,,2015-12-29
New York Islanders,6,Toronto Maple Leafs,3,,"19,899",2:32,,2015-12-29
Detroit Red Wings,1,Winnipeg Jets,4,,"15,294",2:22,,2015-12-29
New Jersey Devils,3,Ottawa Senators,0,,"19,825",2:15,,2015-12-30
Toronto Maple Leafs,3,Pittsburgh Penguins,2,SO,"18,662",2:47,,2015-12-30
Philadelphia Flyers,2,San Jose Sharks,4,,"17,562",2:32,,2015-12-30
New York Rangers,5,Tampa Bay Lightning,2,,"19,092",2:31,,2015-12-30
Buffalo Sabres,2,Washington Capitals,5,,"18,506",2:38,,2015-12-30
Winnipeg Jets,2,Arizona Coyotes,4,,"14,027",2:34,,2015-12-31
New York Islanders,2,Buffalo Sabres,1,,"19,070",2:27,,2015-12-31
Washington Capitals,2,Carolina Hurricanes,4,,"14,134",2:26,,2015-12-31
Los Angeles Kings,4,Calgary Flames,1,,"19,289",2:25,,2015-12-31
Chicago Blackhawks,4,Colorado Avalanche,3,OT,"18,048",2:29,,2015-12-31
Nashville Predators,1,Dallas Stars,5,,"18,532",2:32,,2015-12-31
Pittsburgh Penguins,5,Detroit Red Wings,2,,"20,027",2:38,,2015-12-31
Anaheim Ducks,1,Edmonton Oilers,0,,"16,839",2:26,,2015-12-31
Minnesota Wild,3,St. Louis Blues,1,,"19,194",2:20,,2015-12-31
Montreal Canadiens,5,Boston Bruins,1,,"67,246",2:52,,2016-01-01
Anaheim Ducks,1,Vancouver Canucks,2,SO,"18,570",2:30,,2016-01-01
Detroit Red Wings,4,Buffalo Sabres,3,,"19,070",2:28,,2016-01-02
Nashville Predators,2,Carolina Hurricanes,1,OT,"12,149",2:36,,2016-01-02
Washington Capitals,4,Columbus Blue Jackets,5,SO,"17,170",2:48,,2016-01-02
Calgary Flames,4,Colorado Avalanche,0,,"18,087",2:26,,2016-01-02
Arizona Coyotes,3,Edmonton Oilers,4,SO,"16,839",2:47,,2016-01-02
New York Rangers,0,Florida Panthers,3,,"20,289",2:25,,2016-01-02
Philadelphia Flyers,1,Los Angeles Kings,2,,"18,230",2:33,,2016-01-02
Dallas Stars,2,New Jersey Devils,3,OT,"16,514",2:31,,2016-01-02
New York Islanders,2,Pittsburgh Penguins,5,,"18,665",2:28,,2016-01-02
Winnipeg Jets,4,San Jose Sharks,1,,"17,562",2:26,,2016-01-02
Minnesota Wild,2,Tampa Bay Lightning,3,SO,"19,092",2:45,,2016-01-02
St. Louis Blues,1,Toronto Maple Leafs,4,,"19,221",2:37,,2016-01-02
Winnipeg Jets,1,Anaheim Ducks,4,,"17,174",2:28,,2016-01-03
Ottawa Senators,0,Chicago Blackhawks,3,,"22,016",2:21,,2016-01-03
Minnesota Wild,1,Florida Panthers,2,,"15,426",2:33,,2016-01-03
Dallas Stars,5,New York Islanders,6,,"14,054",2:36,,2016-01-03
Los Angeles Kings,1,Colorado Avalanche,4,,"15,202",2:30,,2016-01-04
Carolina Hurricanes,0,Edmonton Oilers,1,OT,"16,839",2:24,,2016-01-04
Detroit Red Wings,1,New Jersey Devils,0,,"15,547",2:17,,2016-01-04
Ottawa Senators,3,St. Louis Blues,2,OT,"19,152",2:39,,2016-01-04
Arizona Coyotes,3,Vancouver Canucks,2,,"18,377",2:36,,2016-01-04
Washington Capitals,3,Boston Bruins,2,,"17,565",2:26,,2016-01-05
Florida Panthers,5,Buffalo Sabres,1,,"18,560",2:27,,2016-01-05
Minnesota Wild,4,Columbus Blue Jackets,2,,"12,411",2:29,,2016-01-05
Tampa Bay Lightning,1,Calgary Flames,3,,"18,966",2:21,,2016-01-05
Winnipeg Jets,4,Nashville Predators,1,,"17,113",2:25,,2016-01-05
Dallas Stars,2,New York Rangers,6,,"18,006",2:24,,2016-01-05
Montreal Canadiens,3,Philadelphia Flyers,4,,"19,163",2:37,,2016-01-05
Chicago Blackhawks,3,Pittsburgh Penguins,2,OT,"18,658",2:28,,2016-01-05
Toronto Maple Leafs,4,Anaheim Ducks,0,,"16,283",2:35,,2016-01-06
Pittsburgh Penguins,1,Chicago Blackhawks,3,,"21,908",2:27,,2016-01-06
St. Louis Blues,3,Colorado Avalanche,4,OT,"13,359",2:34,,2016-01-06
New Jersey Devils,1,Montreal Canadiens,2,,"21,288",2:30,,2016-01-06
Carolina Hurricanes,2,Vancouver Canucks,3,,"18,364",2:23,,2016-01-06
Arizona Coyotes,2,Calgary Flames,1,,"19,272",2:27,,2016-01-07
Winnipeg Jets,1,Dallas Stars,2,SO,"18,532",2:42,,2016-01-07
Toronto Maple Leafs,1,Los Angeles Kings,2,,"18,230",2:35,,2016-01-07
Philadelphia Flyers,4,Minnesota Wild,3,OT,"19,125",2:34,,2016-01-07
Washington Capitals,4,New York Islanders,1,,"14,261",2:22,,2016-01-07
Florida Panthers,3,Ottawa Senators,2,,"17,150",2:25,,2016-01-07
Detroit Red Wings,2,San Jose Sharks,1,,"16,856",2:29,,2016-01-07
St. Louis Blues,3,Anaheim Ducks,4,SO,"16,250",2:55,,2016-01-08
Columbus Blue Jackets,1,Carolina Hurricanes,4,,"14,241",2:36,,2016-01-08
Buffalo Sabres,1,Chicago Blackhawks,3,,"22,142",2:28,,2016-01-08
Nashville Predators,3,Colorado Avalanche,5,,"17,680",2:30,,2016-01-08
Tampa Bay Lightning,3,Edmonton Oilers,2,,"16,839",2:32,,2016-01-08
Boston Bruins,4,New Jersey Devils,1,,"16,514",2:18,,2016-01-08
Nashville Predators,0,Arizona Coyotes,4,,"12,345",2:27,,2016-01-09
Carolina Hurricanes,4,Columbus Blue Jackets,3,OT,"16,532",2:36,,2016-01-09
Minnesota Wild,2,Dallas Stars,1,,"18,532",2:34,,2016-01-09
St. Louis Blues,2,Los Angeles Kings,1,SO,"18,413",2:47,,2016-01-09
Pittsburgh Penguins,3,Montreal Canadiens,1,,"21,288",2:34,,2016-01-09
Washington Capitals,4,New York Rangers,3,OT,"18,006",2:35,,2016-01-09
Boston Bruins,1,Ottawa Senators,2,OT,"19,125",2:38,,2016-01-09
New York Islanders,0,Philadelphia Flyers,4,,"19,874",2:25,,2016-01-09
Toronto Maple Leafs,0,San Jose Sharks,7,,"17,281",2:26,,2016-01-09
Tampa Bay Lightning,3,Vancouver Canucks,2,OT,"18,335",2:37,,2016-01-09
Detroit Red Wings,2,Anaheim Ducks,1,,"17,174",2:26,,2016-01-10
Colorado Avalanche,3,Chicago Blackhawks,6,,"22,007",2:23,,2016-01-10
Florida Panthers,2,Edmonton Oilers,1,,"16,839",2:25,,2016-01-10
New Jersey Devils,2,Minnesota Wild,1,,"19,028",2:19,,2016-01-10
Buffalo Sabres,4,Winnipeg Jets,2,,"15,294",2:44,,2016-01-10
Ottawa Senators,1,Washington Capitals,7,,"18,506",2:32,,2016-01-10
San Jose Sharks,5,Calgary Flames,4,,"19,227",2:41,,2016-01-11
Detroit Red Wings,2,Los Angeles Kings,4,,"18,230",2:23,,2016-01-11
Boston Bruins,1,New York Rangers,2,,"18,006",2:21,,2016-01-11
Florida Panthers,2,Vancouver Canucks,3,OT,"18,570",2:28,,2016-01-11
Edmonton Oilers,3,Arizona Coyotes,4,OT,"11,391",2:38,,2016-01-12
Pittsburgh Penguins,2,Carolina Hurricanes,3,OT,"13,012",2:21,,2016-01-12
Nashville Predators,2,Chicago Blackhawks,3,,"21,618",2:28,,2016-01-12
Tampa Bay Lightning,4,Colorado Avalanche,0,,"14,227",2:18,,2016-01-12
Buffalo Sabres,3,Minnesota Wild,2,,"19,034",2:33,,2016-01-12
Columbus Blue Jackets,2,New York Islanders,5,,"13,115",2:25,,2016-01-12
New Jersey Devils,2,St. Louis Blues,5,,"17,951",2:39,,2016-01-12
San Jose Sharks,4,Winnipeg Jets,1,,"15,294",2:28,,2016-01-12
Ottawa Senators,1,Anaheim Ducks,4,,"15,791",2:26,,2016-01-13
Florida Panthers,0,Calgary Flames,6,,"18,702",2:21,,2016-01-13
Boston Bruins,2,Philadelphia Flyers,3,,"19,704",2:22,,2016-01-13
Columbus Blue Jackets,3,Toronto Maple Leafs,1,,"18,903",2:32,,2016-01-13
Detroit Red Wings,3,Arizona Coyotes,2,OT,"12,014",2:31,,2016-01-14
New Jersey Devils,0,Colorado Avalanche,3,,"15,636",2:19,,2016-01-14
Chicago Blackhawks,2,Montreal Canadiens,1,,"21,288",2:28,,2016-01-14
New York Rangers,1,New York Islanders,3,,"15,795",2:22,,2016-01-14
Edmonton Oilers,1,San Jose Sharks,2,SO,"15,379",2:29,,2016-01-14
Carolina Hurricanes,4,St. Louis Blues,1,,"19,282",2:23,,2016-01-14
Nashville Predators,4,Winnipeg Jets,5,OT,"15,294",2:38,,2016-01-14
Vancouver Canucks,1,Washington Capitals,4,,"18,605",2:23,,2016-01-14
Dallas Stars,2,Anaheim Ducks,4,,"16,201",2:36,,2016-01-15
Boston Bruins,4,Buffalo Sabres,1,,"18,704",2:30,,2016-01-15
Vancouver Canucks,3,Carolina Hurricanes,2,OT,"11,657",2:30,,2016-01-15
Winnipeg Jets,1,Minnesota Wild,0,,"19,222",2:19,,2016-01-15
Pittsburgh Penguins,4,Tampa Bay Lightning,5,OT,"19,092",2:42,,2016-01-15
Chicago Blackhawks,4,Toronto Maple Leafs,1,,"20,049",2:30,,2016-01-15
New Jersey Devils,2,Arizona Coyotes,0,,"11,745",2:25,,2016-01-16
Toronto Maple Leafs,2,Boston Bruins,3,,"17,565",2:41,,2016-01-16
Washington Capitals,1,Buffalo Sabres,4,,"19,070",2:28,,2016-01-16
Colorado Avalanche,1,Columbus Blue Jackets,2,,"17,776",2:28,,2016-01-16
Calgary Flames,1,Edmonton Oilers,2,SO,"16,839",2:45,,2016-01-16
Ottawa Senators,5,Los Angeles Kings,3,,"18,230",2:29,,2016-01-16
Minnesota Wild,0,Nashville Predators,3,,"17,302",2:29,,2016-01-16
New York Rangers,3,Philadelphia Flyers,2,SO,"19,843",2:36,,2016-01-16
Dallas Stars,3,San Jose Sharks,4,OT,"17,562",2:38,,2016-01-16
Montreal Canadiens,3,St. Louis Blues,4,OT,"19,501",2:48,,2016-01-16
Los Angeles Kings,3,Anaheim Ducks,2,,"17,227",2:40,,2016-01-17
Montreal Canadiens,2,Chicago Blackhawks,5,,"22,030",2:25,,2016-01-17
Philadelphia Flyers,2,Detroit Red Wings,1,SO,"20,027",2:39,,2016-01-17
Vancouver Canucks,2,New York Islanders,1,SO,"15,795",2:50,,2016-01-17
Carolina Hurricanes,0,Pittsburgh Penguins,5,,"18,528",2:28,,2016-01-17
Florida Panthers,1,Tampa Bay Lightning,3,,"19,092",2:24,,2016-01-17
New York Rangers,2,Washington Capitals,5,,"18,506",2:39,,2016-01-17
Buffalo Sabres,2,Arizona Coyotes,1,,"11,134",2:32,,2016-01-18
Edmonton Oilers,4,Florida Panthers,2,,"14,897",2:27,,2016-01-18
Ottawa Senators,4,San Jose Sharks,3,SO,"16,619",2:38,,2016-01-18
Pittsburgh Penguins,2,St. Louis Blues,5,,"19,312",2:30,,2016-01-18
Colorado Avalanche,2,Winnipeg Jets,1,,"15,294",2:20,,2016-01-18
Washington Capitals,6,Columbus Blue Jackets,3,,"12,291",2:28,,2016-01-19
Dallas Stars,2,Los Angeles Kings,3,,"18,230",2:34,,2016-01-19
Boston Bruins,4,Montreal Canadiens,1,,"21,288",2:28,,2016-01-19
Calgary Flames,2,New Jersey Devils,4,,"14,319",2:22,,2016-01-19
Chicago Blackhawks,4,Nashville Predators,1,,"17,122",2:24,,2016-01-19
Vancouver Canucks,2,New York Rangers,3,OT,"18,006",2:31,,2016-01-19
Toronto Maple Leafs,3,Philadelphia Flyers,2,,"19,319",2:38,,2016-01-19
Edmonton Oilers,4,Tampa Bay Lightning,6,,"19,092",2:31,,2016-01-19
Minnesota Wild,1,Anaheim Ducks,3,,"15,962",2:28,,2016-01-20
Buffalo Sabres,1,Colorado Avalanche,2,,"13,274",2:20,,2016-01-20
St. Louis Blues,2,Detroit Red Wings,1,,"20,027",2:29,,2016-01-20
San Jose Sharks,3,Arizona Coyotes,1,,"12,251",2:22,,2016-01-21
Vancouver Canucks,4,Boston Bruins,2,,"17,565",2:25,,2016-01-21
Calgary Flames,4,Columbus Blue Jackets,2,,"12,492",2:12,,2016-01-21
Edmonton Oilers,2,Dallas Stars,3,,"18,532",2:35,,2016-01-21
Minnesota Wild,3,Los Angeles Kings,0,,"18,230",2:37,,2016-01-21
Ottawa Senators,3,New Jersey Devils,6,,"14,772",2:29,,2016-01-21
Philadelphia Flyers,3,Pittsburgh Penguins,4,,"18,652",2:39,,2016-01-21
Chicago Blackhawks,1,Tampa Bay Lightning,2,,"19,092",2:22,,2016-01-21
Carolina Hurricanes,1,Toronto Maple Leafs,0,OT,"18,981",2:29,,2016-01-21
Nashville Predators,4,Winnipeg Jets,1,,"15,294",2:24,,2016-01-21
Detroit Red Wings,3,Buffalo Sabres,0,,"18,601",2:30,,2016-01-22
New York Rangers,4,Carolina Hurricanes,1,,"14,102",2:20,,2016-01-22
St. Louis Blues,1,Colorado Avalanche,2,SO,"16,366",2:48,,2016-01-22
Chicago Blackhawks,0,Florida Panthers,4,,"19,343",2:21,,2016-01-22
New York Islanders,5,Ottawa Senators,2,,"18,305",2:26,,2016-01-22
Los Angeles Kings,2,Arizona Coyotes,3,,"14,195",2:33,,2016-01-23
Columbus Blue Jackets,2,Boston Bruins,3,SO,"17,565",2:44,,2016-01-23
Colorado Avalanche,3,Dallas Stars,1,,"18,532",2:32,,2016-01-23
Anaheim Ducks,4,Detroit Red Wings,3,,"20,027",2:33,,2016-01-23
Nashville Predators,4,Edmonton Oilers,1,,"16,839",2:31,,2016-01-23
Tampa Bay Lightning,2,Florida Panthers,5,,"19,626",2:30,,2016-01-23
Vancouver Canucks,4,Pittsburgh Penguins,5,,"18,539",2:18,,2016-01-23
Minnesota Wild,3,San Jose Sharks,4,,"16,956",2:38,,2016-01-23
Montreal Canadiens,3,Toronto Maple Leafs,2,SO,"19,807",2:49,,2016-01-23
New Jersey Devils,3,Winnipeg Jets,1,,"15,294",2:21,,2016-01-23
Calgary Flames,2,Carolina Hurricanes,5,,"9,934",2:34,,2016-01-24
St. Louis Blues,0,Chicago Blackhawks,2,,"22,138",2:21,,2016-01-24
New York Rangers,0,Ottawa Senators,3,,"18,940",2:20,,2016-01-24
Los Angeles Kings,3,San Jose Sharks,2,OT,"17,562",2:39,,2016-01-24
Montreal Canadiens,2,Columbus Blue Jackets,5,,"11,927",2:30,,2016-01-25
Calgary Flames,1,Dallas Stars,2,,"18,532",2:25,,2016-01-25
Arizona Coyotes,2,Minnesota Wild,1,SO,"19,020",2:48,,2016-01-25
Detroit Red Wings,4,New York Islanders,2,,"12,086",2:21,,2016-01-25
Buffalo Sabres,3,New York Rangers,6,,"18,006",2:30,,2016-01-25
Boston Bruins,3,Philadelphia Flyers,2,,"19,738",2:36,,2016-01-25
Anaheim Ducks,6,Boston Bruins,2,,"17,565",2:40,,2016-01-26
Chicago Blackhawks,0,Carolina Hurricanes,5,,"14,588",2:27,,2016-01-26
Toronto Maple Leafs,1,Florida Panthers,5,,"14,585",2:31,,2016-01-26
Columbus Blue Jackets,5,Montreal Canadiens,2,,"21,288",2:33,,2016-01-26
Buffalo Sabres,3,Ottawa Senators,2,,"16,815",2:36,,2016-01-26
New Jersey Devils,0,Pittsburgh Penguins,2,,"18,442",2:28,,2016-01-26
Colorado Avalanche,1,San Jose Sharks,6,,"17,424",2:34,,2016-01-26
Nashville Predators,2,Vancouver Canucks,1,,"18,570",2:17,,2016-01-26
Arizona Coyotes,2,Winnipeg Jets,5,,"15,294",2:27,,2016-01-26
Nashville Predators,2,Calgary Flames,1,,"19,289",2:30,,2016-01-27
Colorado Avalanche,4,Los Angeles Kings,3,,"18,230",2:29,,2016-01-27
Toronto Maple Leafs,0,Tampa Bay Lightning,1,,"19,092",2:30,,2016-01-27
Philadelphia Flyers,4,Washington Capitals,3,OT,"18,506",2:38,,2016-01-27
San Jose Sharks,2,Anaheim Ducks,3,,"16,588",2:27,,2016-02-02
Los Angeles Kings,6,Arizona Coyotes,2,,"12,261",2:36,,2016-02-02
Toronto Maple Leafs,4,Boston Bruins,3,OT,"17,565",2:41,,2016-02-02
Chicago Blackhawks,2,Colorado Avalanche,1,,"18,007",2:26,,2016-02-02
Columbus Blue Jackets,1,Edmonton Oilers,5,,"16,839",2:34,,2016-02-02
New York Rangers,2,New Jersey Devils,3,,"16,514",2:29,,2016-02-02
St. Louis Blues,1,Nashville Predators,0,,"16,045",2:22,,2016-02-02
Minnesota Wild,3,New York Islanders,5,,"13,331",2:39,,2016-02-02
Montreal Canadiens,2,Philadelphia Flyers,4,,"19,031",2:31,,2016-02-02
Ottawa Senators,5,Pittsburgh Penguins,6,,"18,420",2:41,,2016-02-02
Dallas Stars,5,Winnipeg Jets,3,,"15,294",2:24,,2016-02-02
Florida Panthers,5,Washington Capitals,2,,"18,506",2:35,,2016-02-02
Carolina Hurricanes,1,Calgary Flames,4,,"18,895",2:22,,2016-02-03
Buffalo Sabres,4,Montreal Canadiens,2,,"21,288",2:31,,2016-02-03
Detroit Red Wings,1,Tampa Bay Lightning,3,,"19,092",2:26,,2016-02-03
Chicago Blackhawks,5,Arizona Coyotes,4,OT,"17,125",2:46,,2016-02-04
Boston Bruins,3,Buffalo Sabres,2,SO,"18,845",2:39,,2016-02-04
Dallas Stars,4,Colorado Avalanche,3,OT,"14,351",2:38,,2016-02-04
Detroit Red Wings,3,Florida Panthers,6,,"16,991",2:32,,2016-02-04
Anaheim Ducks,4,Los Angeles Kings,2,,"18,230",2:33,,2016-02-04
Philadelphia Flyers,6,Nashville Predators,3,,"17,113",2:27,,2016-02-04
Minnesota Wild,2,New York Rangers,4,,"18,006",2:25,,2016-02-04
Edmonton Oilers,7,Ottawa Senators,2,,"18,564",2:38,,2016-02-04
San Jose Sharks,3,St. Louis Blues,1,,"18,803",2:25,,2016-02-04
New Jersey Devils,2,Toronto Maple Leafs,3,SO,"18,947",3:00,,2016-02-04
Columbus Blue Jackets,2,Vancouver Canucks,1,SO,"18,199",2:34,,2016-02-04
New York Islanders,2,Washington Capitals,3,,"18,506",2:23,,2016-02-04
Arizona Coyotes,2,Anaheim Ducks,5,,"17,342",2:41,,2016-02-05
Columbus Blue Jackets,2,Calgary Flames,1,,"19,289",2:29,,2016-02-05
Pittsburgh Penguins,3,Tampa Bay Lightning,6,,"19,092",2:38,,2016-02-05
Carolina Hurricanes,5,Winnipeg Jets,3,,"15,294",2:20,,2016-02-05
Buffalo Sabres,1,Boston Bruins,2,OT,"17,565",2:40,,2016-02-06
Winnipeg Jets,4,Colorado Avalanche,2,,"14,983",2:45,,2016-02-06
Chicago Blackhawks,5,Dallas Stars,1,,"18,532",2:23,,2016-02-06
New York Islanders,1,Detroit Red Wings,5,,"20,027",2:49,,2016-02-06
Pittsburgh Penguins,3,Florida Panthers,2,OT,"20,295",2:38,,2016-02-06
Edmonton Oilers,1,Montreal Canadiens,5,,"21,288",2:25,,2016-02-06
Washington Capitals,3,New Jersey Devils,2,SO,"16,514",2:34,,2016-02-06
San Jose Sharks,2,Nashville Predators,6,,"17,192",2:35,,2016-02-06
Toronto Maple Leafs,1,Ottawa Senators,6,,"19,379",2:29,,2016-02-06
New York Rangers,3,Philadelphia Flyers,2,SO,"19,819",2:35,,2016-02-06
Minnesota Wild,1,St. Louis Blues,4,,"19,318",2:43,,2016-02-06
Calgary Flames,4,Vancouver Canucks,1,,"18,570",2:19,,2016-02-06
Carolina Hurricanes,1,Montreal Canadiens,2,SO,"21,288",2:57,,2016-02-07
Edmonton Oilers,1,New York Islanders,8,,"14,030",2:35,,2016-02-07
Philadelphia Flyers,2,Washington Capitals,3,,"18,506",2:36,,2016-02-07
Florida Panthers,0,Detroit Red Wings,3,,"20,027",2:38,,2016-02-08
New Jersey Devils,1,New York Rangers,2,,"18,006",2:29,,2016-02-08
Tampa Bay Lightning,1,Ottawa Senators,5,,"17,078",2:25,,2016-02-08
Anaheim Ducks,2,Pittsburgh Penguins,6,,"18,418",2:34,,2016-02-08
Los Angeles Kings,9,Boston Bruins,2,,"17,565",2:35,,2016-02-09
Florida Panthers,7,Buffalo Sabres,4,,"18,521",2:36,,2016-02-09
New York Islanders,3,Columbus Blue Jackets,2,SO,"14,303",2:51,,2016-02-09
Toronto Maple Leafs,3,Calgary Flames,4,,"19,289",2:37,,2016-02-09
San Jose Sharks,2,Chicago Blackhawks,0,,"21,753",2:25,,2016-02-09
Vancouver Canucks,3,Colorado Avalanche,1,,"14,436",2:22,,2016-02-09
Dallas Stars,4,Minnesota Wild,3,OT,"19,087",2:40,,2016-02-09
Tampa Bay Lightning,2,Montreal Canadiens,4,,"21,288",2:33,,2016-02-09
Edmonton Oilers,1,New Jersey Devils,2,,"16,514",2:24,,2016-02-09
Washington Capitals,5,Nashville Predators,3,,"17,113",2:33,,2016-02-09
Anaheim Ducks,4,Philadelphia Flyers,1,,"18,717",2:37,,2016-02-09
Winnipeg Jets,2,St. Louis Blues,1,SO,"18,323",2:41,,2016-02-09
Vancouver Canucks,2,Arizona Coyotes,1,,"12,255",2:39,,2016-02-10
Ottawa Senators,1,Detroit Red Wings,3,,"20,027",2:28,,2016-02-10
New York Rangers,3,Pittsburgh Penguins,0,,"18,539",2:21,,2016-02-10
Anaheim Ducks,3,Columbus Blue Jackets,4,SO,"12,117",2:34,,2016-02-11
Dallas Stars,4,Chicago Blackhawks,2,,"22,051",2:27,,2016-02-11
Toronto Maple Leafs,2,Edmonton Oilers,5,,"16,839",2:30,,2016-02-11
Washington Capitals,4,Minnesota Wild,3,,"19,213",2:41,,2016-02-11
Los Angeles Kings,2,New York Islanders,5,,"13,643",2:29,,2016-02-11
Colorado Avalanche,4,Ottawa Senators,3,,"17,632",2:25,,2016-02-11
Buffalo Sabres,1,Philadelphia Flyers,5,,"19,019",2:24,,2016-02-11
Calgary Flames,6,San Jose Sharks,5,SO,"16,854",2:51,,2016-02-11
Boston Bruins,6,Winnipeg Jets,2,,"15,294",2:34,,2016-02-11
Calgary Flames,1,Arizona Coyotes,4,,"13,643",2:35,,2016-02-12
Montreal Canadiens,4,Buffalo Sabres,6,,"18,505",2:31,,2016-02-12
Pittsburgh Penguins,2,Carolina Hurricanes,1,SO,"15,783",2:32,,2016-02-12
Colorado Avalanche,3,Detroit Red Wings,2,SO,"20,027",2:38,,2016-02-12
St. Louis Blues,5,Florida Panthers,3,,"13,904",2:28,,2016-02-12
Los Angeles Kings,5,New York Rangers,4,OT,"18,006",2:34,,2016-02-12
Nashville Predators,3,Tampa Bay Lightning,4,OT,"19,092",2:32,,2016-02-12
New York Islanders,3,Carolina Hurricanes,6,,"16,520",2:20,,2016-02-13
Ottawa Senators,2,Columbus Blue Jackets,4,,"16,164",2:35,,2016-02-13
Anaheim Ducks,3,Chicago Blackhawks,2,OT,"22,107",2:36,,2016-02-13
Washington Capitals,3,Dallas Stars,4,,"18,532",2:24,,2016-02-13
Winnipeg Jets,2,Edmonton Oilers,1,SO,"16,839",2:43,,2016-02-13
Nashville Predators,5,Florida Panthers,0,,"15,591",2:32,,2016-02-13
Boston Bruins,4,Minnesota Wild,2,,"19,191",2:26,,2016-02-13
New Jersey Devils,2,Philadelphia Flyers,1,OT,"19,775",2:31,,2016-02-13
Arizona Coyotes,1,San Jose Sharks,4,,"17,562",2:32,,2016-02-13
Toronto Maple Leafs,5,Vancouver Canucks,2,,"18,570",2:30,,2016-02-13
Colorado Avalanche,1,Buffalo Sabres,4,,"19,070",2:25,,2016-02-14
Boston Bruins,5,Detroit Red Wings,6,,"20,027",2:33,,2016-02-14
Los Angeles Kings,0,New Jersey Devils,1,,"16,514",2:24,,2016-02-14
Philadelphia Flyers,1,New York Rangers,3,,"18,006",2:36,,2016-02-14
St. Louis Blues,2,Tampa Bay Lightning,1,,"19,092",2:31,,2016-02-14
Montreal Canadiens,2,Arizona Coyotes,6,,"14,338",2:16,,2016-02-15
Anaheim Ducks,6,Calgary Flames,4,,"19,289",2:32,,2016-02-15
Toronto Maple Leafs,2,Chicago Blackhawks,7,,"21,767",2:26,,2016-02-15
Pittsburgh Penguins,1,Florida Panthers,2,SO,"15,595",2:45,,2016-02-15
Dallas Stars,3,Nashville Predators,2,OT,"17,113",2:32,,2016-02-15
Detroit Red Wings,1,New York Islanders,4,,"15,795",2:21,,2016-02-15
Minnesota Wild,5,Vancouver Canucks,2,,"18,437",2:32,,2016-02-15
Winnipeg Jets,1,Carolina Hurricanes,2,,"10,489",2:18,,2016-02-16
Boston Bruins,2,Columbus Blue Jackets,1,OT,"13,140",2:35,,2016-02-16
Anaheim Ducks,5,Edmonton Oilers,3,,"16,839",2:43,,2016-02-16
Philadelphia Flyers,6,New Jersey Devils,3,,"15,482",2:39,,2016-02-16
Buffalo Sabres,1,Ottawa Senators,2,SO,"15,893",2:36,,2016-02-16
Dallas Stars,1,St. Louis Blues,2,OT,"18,156",2:35,,2016-02-16
San Jose Sharks,4,Tampa Bay Lightning,2,,"19,092",2:22,,2016-02-16
Los Angeles Kings,1,Washington Capitals,3,,"18,506",2:32,,2016-02-16
Minnesota Wild,5,Calgary Flames,3,,"19,289",2:28,,2016-02-17
Montreal Canadiens,2,Colorado Avalanche,3,,"16,271",2:27,,2016-02-17
Chicago Blackhawks,5,New York Rangers,3,,"18,006",2:27,,2016-02-17
Dallas Stars,3,Arizona Coyotes,6,,"11,853",2:35,,2016-02-18
Minnesota Wild,5,Edmonton Oilers,2,,"16,839",2:25,,2016-02-18
San Jose Sharks,2,Florida Panthers,1,SO,"13,019",2:37,,2016-02-18
Boston Bruins,0,Nashville Predators,2,,"17,113",2:35,,2016-02-18
Washington Capitals,3,New York Islanders,2,OT,"15,795",2:44,,2016-02-18
Carolina Hurricanes,2,Ottawa Senators,4,,"16,994",2:30,,2016-02-18
Detroit Red Wings,3,Pittsburgh Penguins,6,,"18,584",2:30,,2016-02-18
Los Angeles Kings,1,St. Louis Blues,2,OT,"18,923",2:42,,2016-02-18
Winnipeg Jets,5,Tampa Bay Lightning,6,SO,"19,092",2:47,,2016-02-18
New York Rangers,4,Toronto Maple Leafs,2,,"18,952",2:36,,2016-02-18
Anaheim Ducks,5,Vancouver Canucks,2,,"18,435",2:30,,2016-02-18
San Jose Sharks,2,Carolina Hurricanes,5,,"11,756",2:21,,2016-02-19
Buffalo Sabres,4,Columbus Blue Jackets,0,,"14,923",2:27,,2016-02-19
Vancouver Canucks,2,Calgary Flames,5,,"19,289",2:27,,2016-02-19
Philadelphia Flyers,2,Montreal Canadiens,3,SO,"21,288",2:50,,2016-02-19
New York Islanders,1,New Jersey Devils,0,,"16,514",2:17,,2016-02-19
St. Louis Blues,6,Arizona Coyotes,4,,"15,839",2:29,,2016-02-20
Boston Bruins,7,Dallas Stars,3,,"18,532",2:58,,2016-02-20
Colorado Avalanche,3,Edmonton Oilers,2,,"16,939",2:29,,2016-02-20
Winnipeg Jets,1,Florida Panthers,3,,"16,210",2:27,,2016-02-20
Los Angeles Kings,2,Nashville Predators,1,OT,"17,369",2:35,,2016-02-20
Detroit Red Wings,2,Ottawa Senators,3,SO,"18,930",2:44,,2016-02-20
Tampa Bay Lightning,4,Pittsburgh Penguins,2,,"18,643",2:34,,2016-02-20
Philadelphia Flyers,5,Toronto Maple Leafs,4,OT,"19,060",2:47,,2016-02-20
New Jersey Devils,3,Washington Capitals,4,,"18,506",2:26,,2016-02-20
Calgary Flames,2,Anaheim Ducks,5,,"17,174",2:31,,2016-02-21
Pittsburgh Penguins,4,Buffalo Sabres,3,,"19,070",2:36,,2016-02-21
Tampa Bay Lightning,4,Carolina Hurricanes,2,,"10,422",2:20,,2016-02-21
Chicago Blackhawks,1,Minnesota Wild,6,,"50,426",2:43,,2016-02-21
Detroit Red Wings,0,New York Rangers,1,OT,"18,006",2:36,,2016-02-21
Colorado Avalanche,1,Vancouver Canucks,5,,"18,431",2:28,,2016-02-21
Columbus Blue Jackets,6,Boston Bruins,4,,"17,565",2:37,,2016-02-22
Nashville Predators,2,Montreal Canadiens,1,SO,"21,288",2:43,,2016-02-22
San Jose Sharks,6,St. Louis Blues,3,,"19,371",2:32,,2016-02-22
Arizona Coyotes,2,Washington Capitals,3,,"18,506",2:38,,2016-02-22
Philadelphia Flyers,1,Carolina Hurricanes,3,,"10,896",2:23,,2016-02-23
Columbus Blue Jackets,1,Detroit Red Wings,2,SO,"20,027",2:32,,2016-02-23
Ottawa Senators,4,Edmonton Oilers,1,,"16,839",2:20,,2016-02-23
Calgary Flames,1,Los Angeles Kings,2,,"18,230",2:38,,2016-02-23
New York Islanders,4,Minnesota Wild,1,,"19,085",2:33,,2016-02-23
New York Rangers,2,New Jersey Devils,5,,"16,514",2:32,,2016-02-23
Arizona Coyotes,1,Tampa Bay Lightning,2,,"19,092",2:37,,2016-02-23
Nashville Predators,3,Toronto Maple Leafs,2,,"18,844",2:30,,2016-02-23
Dallas Stars,5,Winnipeg Jets,3,,"15,294",2:32,,2016-02-23
Buffalo Sabres,0,Anaheim Ducks,1,,"16,543",2:33,,2016-02-24
Pittsburgh Penguins,1,Boston Bruins,5,,"17,565",2:26,,2016-02-24
San Jose Sharks,3,Colorado Avalanche,4,SO,"15,564",2:35,,2016-02-24
Montreal Canadiens,4,Washington Capitals,3,,"18,506",2:43,,2016-02-24
New Jersey Devils,1,Columbus Blue Jackets,6,,"12,590",2:23,,2016-02-25
New York Islanders,2,Calgary Flames,1,OT,"19,289",2:34,,2016-02-25
Nashville Predators,3,Chicago Blackhawks,1,,"22,058",2:22,,2016-02-25
Winnipeg Jets,6,Dallas Stars,3,,"18,532",2:31,,2016-02-25
Arizona Coyotes,2,Florida Panthers,3,,"13,134",2:35,,2016-02-25
Edmonton Oilers,1,Los Angeles Kings,2,,"18,230",2:39,,2016-02-25
Minnesota Wild,2,Philadelphia Flyers,3,,"18,631",2:29,,2016-02-25
New York Rangers,2,St. Louis Blues,1,,"17,524",2:22,,2016-02-25
Carolina Hurricanes,1,Toronto Maple Leafs,3,,"18,862",2:40,,2016-02-25
Ottawa Senators,3,Vancouver Canucks,5,,"18,570",2:29,,2016-02-25
Edmonton Oilers,1,Anaheim Ducks,2,OT,"17,174",2:18,,2016-02-26
Boston Bruins,4,Carolina Hurricanes,1,,"17,917",2:27,,2016-02-26
Tampa Bay Lightning,4,New Jersey Devils,0,,"15,968",2:33,,2016-02-26
Buffalo Sabres,3,San Jose Sharks,1,,"17,562",2:17,,2016-02-26
Minnesota Wild,2,Washington Capitals,3,,"18,605",2:21,,2016-02-26
Florida Panthers,3,Columbus Blue Jackets,4,SO,"15,400",2:55,,2016-02-27
Ottawa Senators,6,Calgary Flames,4,,"19,289",2:36,,2016-02-27
Detroit Red Wings,5,Colorado Avalanche,3,,"50,095",2:39,,2016-02-27
New York Rangers,3,Dallas Stars,2,,"18,532",2:37,,2016-02-27
Buffalo Sabres,0,Los Angeles Kings,2,,"18,230",2:28,,2016-02-27
Toronto Maple Leafs,1,Montreal Canadiens,4,,"21,288",2:40,,2016-02-27
St. Louis Blues,0,Nashville Predators,5,,"17,379",2:34,,2016-02-27
Arizona Coyotes,2,Philadelphia Flyers,4,,"19,773",2:30,,2016-02-27
Winnipeg Jets,1,Pittsburgh Penguins,4,,"18,650",2:23,,2016-02-27
Los Angeles Kings,2,Anaheim Ducks,4,,"17,174",2:44,,2016-02-28
Tampa Bay Lightning,4,Boston Bruins,1,,"17,565",2:31,,2016-02-28
St. Louis Blues,5,Carolina Hurricanes,2,,"15,128",2:30,,2016-02-28
Washington Capitals,2,Chicago Blackhawks,3,,"22,218",2:24,,2016-02-28
New York Islanders,1,Edmonton Oilers,3,,"16,839",2:23,,2016-02-28
Florida Panthers,1,Minnesota Wild,3,,"19,093",2:37,,2016-02-28
San Jose Sharks,4,Vancouver Canucks,1,,"18,570",2:19,,2016-02-28
Detroit Red Wings,3,Dallas Stars,2,OT,"18,532",2:40,,2016-02-29
Columbus Blue Jackets,1,New York Rangers,2,,"18,006",2:26,,2016-02-29
Calgary Flames,3,Philadelphia Flyers,5,,"19,065",2:37,,2016-02-29
Arizona Coyotes,0,Pittsburgh Penguins,6,,"18,435",2:29,,2016-02-29
Montreal Canadiens,2,San Jose Sharks,6,,"16,205",2:28,,2016-02-29
Tampa Bay Lightning,2,Toronto Maple Leafs,1,,"18,933",2:28,,2016-02-29
Calgary Flames,1,Boston Bruins,2,,"17,565",2:28,,2016-03-01
Edmonton Oilers,2,Buffalo Sabres,1,OT,"19,070",2:40,,2016-03-01
Colorado Avalanche,3,Minnesota Wild,6,,"19,107",2:23,,2016-03-01
Carolina Hurricanes,3,New Jersey Devils,1,,"14,251",2:26,,2016-03-01
Dallas Stars,3,Nashville Predators,5,,"17,113",2:45,,2016-03-01
St. Louis Blues,4,Ottawa Senators,3,SO,"17,207",2:51,,2016-03-01
New York Islanders,3,Vancouver Canucks,2,,"18,264",2:29,,2016-03-01
Florida Panthers,3,Winnipeg Jets,2,,"15,294",2:21,,2016-03-01
Pittsburgh Penguins,2,Washington Capitals,3,,"18,506",2:30,,2016-03-01
Montreal Canadiens,2,Anaheim Ducks,3,SO,"15,273",2:47,,2016-03-02
Chicago Blackhawks,5,Detroit Red Wings,2,,"20,027",2:28,,2016-03-02
Toronto Maple Leafs,2,Washington Capitals,3,,"18,506",2:32,,2016-03-02
Anaheim Ducks,5,Arizona Coyotes,1,,"11,999",2:31,,2016-03-03
Chicago Blackhawks,2,Boston Bruins,4,,"17,565",2:25,,2016-03-03
Calgary Flames,3,Buffalo Sabres,6,,"18,651",2:31,,2016-03-03
Florida Panthers,2,Colorado Avalanche,3,,"16,194",2:24,,2016-03-03
Montreal Canadiens,2,Los Angeles Kings,3,,"18,230",2:25,,2016-03-03
New Jersey Devils,5,Nashville Predators,4,OT,"17,113",2:50,,2016-03-03
Tampa Bay Lightning,4,Ottawa Senators,1,,"17,943",2:27,,2016-03-03
Edmonton Oilers,4,Philadelphia Flyers,0,,"18,636",2:32,,2016-03-03
New York Rangers,1,Pittsburgh Penguins,4,,"18,492",2:22,,2016-03-03
Minnesota Wild,2,Toronto Maple Leafs,1,,"18,915",2:27,,2016-03-03
San Jose Sharks,3,Vancouver Canucks,2,,"18,422",2:24,,2016-03-03
New York Islanders,4,Winnipeg Jets,3,OT,"15,294",2:32,,2016-03-03
Edmonton Oilers,3,Columbus Blue Jackets,6,,"15,010",2:38,,2016-03-04
New Jersey Devils,2,Dallas Stars,4,,"18,117",2:31,,2016-03-04
New York Rangers,3,Washington Capitals,2,,"18,506",2:37,,2016-03-04
Florida Panthers,1,Arizona Coyotes,5,,"14,825",2:31,,2016-03-05
Washington Capitals,2,Boston Bruins,1,OT,"17,565",2:40,,2016-03-05
Minnesota Wild,3,Buffalo Sabres,2,SO,"19,070",2:47,,2016-03-05
Nashville Predators,5,Colorado Avalanche,2,,"17,165",2:32,,2016-03-05
Anaheim Ducks,3,Los Angeles Kings,2,,"18,230",2:36,,2016-03-05
Columbus Blue Jackets,0,Philadelphia Flyers,6,,"19,645",2:23,,2016-03-05
Calgary Flames,4,Pittsburgh Penguins,2,,"18,663",2:26,,2016-03-05
Vancouver Canucks,4,San Jose Sharks,2,,"17,562",2:36,,2016-03-05
Carolina Hurricanes,3,Tampa Bay Lightning,4,OT,"19,092",2:31,,2016-03-05
Ottawa Senators,3,Toronto Maple Leafs,2,,"19,339",2:32,,2016-03-05
Montreal Canadiens,2,Winnipeg Jets,4,,"15,294",2:20,,2016-03-05
Detroit Red Wings,1,Chicago Blackhawks,4,,"22,247",2:24,,2016-03-06
St. Louis Blues,4,Minnesota Wild,2,,"19,040",2:35,,2016-03-06
Pittsburgh Penguins,6,New Jersey Devils,1,,"15,856",2:27,,2016-03-06
New York Islanders,6,New York Rangers,4,,"18,006",2:28,,2016-03-06
Dallas Stars,2,Ottawa Senators,1,,"19,419",2:33,,2016-03-06
Edmonton Oilers,2,Winnipeg Jets,1,,"15,294",2:21,,2016-03-06
Washington Capitals,2,Anaheim Ducks,1,SO,"17,174",2:38,,2016-03-07
San Jose Sharks,2,Calgary Flames,1,OT,"18,740",2:26,,2016-03-07
Arizona Coyotes,1,Colorado Avalanche,3,,"15,393",2:29,,2016-03-07
Boston Bruins,5,Florida Panthers,4,OT,"19,194",3:00,,2016-03-07
Vancouver Canucks,1,Los Angeles Kings,5,,"18,230",2:21,,2016-03-07
Tampa Bay Lightning,2,Philadelphia Flyers,4,,"17,906",2:30,,2016-03-07
Buffalo Sabres,4,Toronto Maple Leafs,3,SO,"18,950",2:50,,2016-03-07
New York Rangers,4,Buffalo Sabres,2,,"18,651",2:27,,2016-03-08
Ottawa Senators,3,Carolina Hurricanes,4,SO,"10,743",2:37,,2016-03-08
Detroit Red Wings,3,Columbus Blue Jackets,5,,"14,426",2:34,,2016-03-08
San Jose Sharks,3,Edmonton Oilers,0,,"16,839",2:22,,2016-03-08
Dallas Stars,3,Montreal Canadiens,4,OT,"21,288",2:38,,2016-03-08
Pittsburgh Penguins,1,New York Islanders,2,,"14,724",2:34,,2016-03-08
Boston Bruins,1,Tampa Bay Lightning,0,OT,"19,092",2:26,,2016-03-08
Nashville Predators,4,Winnipeg Jets,2,,"15,294",2:30,,2016-03-08
Nashville Predators,2,Calgary Flames,3,OT,"19,289",2:29,,2016-03-09
Anaheim Ducks,0,Colorado Avalanche,3,,"14,292",2:25,,2016-03-09
Washington Capitals,3,Los Angeles Kings,4,OT,"18,324",2:38,,2016-03-09
Chicago Blackhawks,2,St. Louis Blues,3,SO,"19,756",2:52,,2016-03-09
New York Islanders,3,Toronto Maple Leafs,4,SO,"18,889",2:49,,2016-03-09
Arizona Coyotes,2,Vancouver Canucks,3,OT,"18,374",2:33,,2016-03-09
Carolina Hurricanes,3,Boston Bruins,2,OT,"17,565",2:34,,2016-03-10
Winnipeg Jets,2,Detroit Red Wings,3,,"20,027",2:29,,2016-03-10
Ottawa Senators,2,Florida Panthers,6,,"15,051",2:33,,2016-03-10
Edmonton Oilers,2,Minnesota Wild,1,,"19,058",2:23,,2016-03-10
Buffalo Sabres,2,Montreal Canadiens,3,,"21,288",2:54,,2016-03-10
New Jersey Devils,3,San Jose Sharks,0,,"16,234",2:22,,2016-03-10
Pittsburgh Penguins,3,Columbus Blue Jackets,2,,"18,205",2:31,,2016-03-11
Arizona Coyotes,4,Calgary Flames,1,,"19,289",2:26,,2016-03-11
Chicago Blackhawks,2,Dallas Stars,5,,"18,532",2:33,,2016-03-11
Anaheim Ducks,2,St. Louis Blues,5,,"19,412",2:28,,2016-03-11
Philadelphia Flyers,3,Tampa Bay Lightning,1,,"19,092",2:20,,2016-03-11
New York Islanders,1,Boston Bruins,3,,"17,565",2:27,,2016-03-12
Carolina Hurricanes,2,Buffalo Sabres,3,OT,"19,070",2:35,,2016-03-12
St. Louis Blues,5,Dallas Stars,4,OT,"18,532",2:35,,2016-03-12
New York Rangers,2,Detroit Red Wings,3,OT,"20,027",2:37,,2016-03-12
Arizona Coyotes,4,Edmonton Oilers,0,,"16,839",2:29,,2016-03-12
Philadelphia Flyers,4,Florida Panthers,5,SO,"19,404",2:50,,2016-03-12
New Jersey Devils,2,Los Angeles Kings,1,OT,"18,412",2:30,,2016-03-12
Minnesota Wild,4,Montreal Canadiens,1,,"21,288",2:28,,2016-03-12
Toronto Maple Leafs,0,Ottawa Senators,4,,"18,557",2:27,,2016-03-12
Washington Capitals,2,San Jose Sharks,5,,"17,562",2:26,,2016-03-12
Nashville Predators,2,Vancouver Canucks,4,,"18,570",2:24,,2016-03-12
Colorado Avalanche,2,Winnipeg Jets,3,,"15,294",2:29,,2016-03-12
Tampa Bay Lightning,4,Columbus Blue Jackets,0,,"14,701",2:26,,2016-03-13
Toronto Maple Leafs,1,Detroit Red Wings,0,,"20,027",2:40,,2016-03-13
Pittsburgh Penguins,5,New York Rangers,3,,"18,006",2:25,,2016-03-13
New Jersey Devils,1,Anaheim Ducks,7,,"15,423",2:33,,2016-03-14
St. Louis Blues,4,Calgary Flames,7,,"19,107",2:43,,2016-03-14
Los Angeles Kings,5,Chicago Blackhawks,0,,"22,170",2:32,,2016-03-14
Nashville Predators,3,Edmonton Oilers,2,,"16,839",2:33,,2016-03-14
Florida Panthers,2,New York Islanders,3,,"14,106",2:18,,2016-03-14
Winnipeg Jets,5,Vancouver Canucks,2,,"18,361",2:14,,2016-03-14
Los Angeles Kings,5,Dallas Stars,2,,"18,532",2:27,,2016-03-15
Florida Panthers,4,Montreal Canadiens,1,,"21,288",2:31,,2016-03-15
Minnesota Wild,2,Ottawa Senators,3,OT,"18,966",2:34,,2016-03-15
Detroit Red Wings,3,Philadelphia Flyers,4,,"19,806",2:43,,2016-03-15
New York Islanders,1,Pittsburgh Penguins,2,SO,"18,456",2:41,,2016-03-15
Boston Bruins,2,San Jose Sharks,3,,"16,624",2:30,,2016-03-15
Tampa Bay Lightning,1,Toronto Maple Leafs,4,,"18,874",2:27,,2016-03-15
Carolina Hurricanes,1,Washington Capitals,2,OT,"18,506",2:22,,2016-03-15
New York Rangers,2,Anaheim Ducks,1,,"15,400",2:29,,2016-03-16
Montreal Canadiens,3,Buffalo Sabres,2,OT,"18,815",2:58,,2016-03-16
Winnipeg Jets,1,Calgary Flames,4,,"18,929",2:31,,2016-03-16
Philadelphia Flyers,3,Chicago Blackhawks,2,,"22,113",2:20,,2016-03-16
St. Louis Blues,4,Edmonton Oilers,6,,"16,839",2:39,,2016-03-16
Colorado Avalanche,3,Vancouver Canucks,1,,"18,426",2:20,,2016-03-16
San Jose Sharks,1,Arizona Coyotes,3,,"13,005",2:28,,2016-03-17
Detroit Red Wings,3,Columbus Blue Jackets,1,,"14,415",2:29,,2016-03-17
Tampa Bay Lightning,3,Dallas Stars,4,,"18,532",2:30,,2016-03-17
New York Rangers,3,Los Angeles Kings,4,OT,"18,230",2:36,,2016-03-17
Minnesota Wild,4,New Jersey Devils,7,,"15,114",2:32,,2016-03-17
New York Islanders,2,Nashville Predators,4,,"17,113",2:26,,2016-03-17
Carolina Hurricanes,2,Pittsburgh Penguins,4,,"18,455",2:31,,2016-03-17
Florida Panthers,4,Toronto Maple Leafs,1,,"18,922",2:32,,2016-03-17
Boston Bruins,0,Anaheim Ducks,4,,"16,707",2:20,,2016-03-18
Ottawa Senators,1,Buffalo Sabres,3,,"19,070",2:35,,2016-03-18
Colorado Avalanche,4,Calgary Flames,3,SO,"19,289",2:43,,2016-03-18
Vancouver Canucks,0,Edmonton Oilers,2,,"16,839",2:29,,2016-03-18
Chicago Blackhawks,4,Winnipeg Jets,0,,"15,294",2:23,,2016-03-18
Nashville Predators,1,Washington Capitals,4,,"18,506",2:28,,2016-03-18
Tampa Bay Lightning,2,Arizona Coyotes,0,,"14,183",2:35,,2016-03-19
New Jersey Devils,3,Columbus Blue Jackets,6,,"14,447",2:36,,2016-03-19
New York Islanders,0,Dallas Stars,3,,"18,532",2:21,,2016-03-19
Detroit Red Wings,5,Florida Panthers,3,,"20,817",2:38,,2016-03-19
Boston Bruins,1,Los Angeles Kings,2,,"18,373",2:26,,2016-03-19
Carolina Hurricanes,2,Minnesota Wild,3,SO,"19,044",2:38,,2016-03-19
Montreal Canadiens,0,Ottawa Senators,5,,"19,722",2:27,,2016-03-19
Pittsburgh Penguins,4,Philadelphia Flyers,1,,"19,967",2:39,,2016-03-19
New York Rangers,1,San Jose Sharks,4,,"16,888",2:30,,2016-03-19
Buffalo Sabres,1,Toronto Maple Leafs,4,,"18,829",2:30,,2016-03-19
St. Louis Blues,3,Vancouver Canucks,0,,"18,402",2:29,,2016-03-19
Minnesota Wild,3,Chicago Blackhawks,2,SO,"22,059",2:50,,2016-03-20
Colorado Avalanche,3,Edmonton Oilers,2,,"16,839",2:27,,2016-03-20
Calgary Flames,4,Montreal Canadiens,1,,"21,288",2:25,,2016-03-20
Columbus Blue Jackets,1,New Jersey Devils,2,,"15,146",2:26,,2016-03-20
Washington Capitals,2,Pittsburgh Penguins,6,,"18,656",2:41,,2016-03-20
Arizona Coyotes,0,San Jose Sharks,3,,"15,756",2:29,,2016-03-20
Anaheim Ducks,3,Winnipeg Jets,2,OT,"15,294",2:40,,2016-03-20
Los Angeles Kings,2,Nashville Predators,5,,"17,113",2:30,,2016-03-21
Philadelphia Flyers,4,New York Islanders,1,,"14,329",2:23,,2016-03-21
Florida Panthers,2,New York Rangers,4,,"18,006",2:36,,2016-03-21
Calgary Flames,2,Toronto Maple Leafs,5,,"19,069",2:32,,2016-03-21
Edmonton Oilers,2,Arizona Coyotes,4,,"13,408",2:25,,2016-03-22
Buffalo Sabres,3,Carolina Hurricanes,2,,"12,676",2:30,,2016-03-22
Philadelphia Flyers,2,Columbus Blue Jackets,3,SO,"16,230",2:57,,2016-03-22
Dallas Stars,6,Chicago Blackhawks,2,,"22,034",2:27,,2016-03-22
Los Angeles Kings,1,Minnesota Wild,2,,"19,018",2:32,,2016-03-22
Anaheim Ducks,3,Montreal Canadiens,4,,"21,288",2:28,,2016-03-22
Washington Capitals,4,Ottawa Senators,2,,"19,313",2:28,,2016-03-22
St. Louis Blues,1,San Jose Sharks,0,,"15,411",2:28,,2016-03-22
Detroit Red Wings,2,Tampa Bay Lightning,6,,"19,092",2:29,,2016-03-22
Vancouver Canucks,0,Winnipeg Jets,2,,"15,294",2:17,,2016-03-22
Ottawa Senators,1,New York Islanders,3,,"13,837",2:27,,2016-03-23
Boston Bruins,2,New York Rangers,5,,"18,006",2:41,,2016-03-23
Dallas Stars,1,Arizona Coyotes,3,,"11,887",2:28,,2016-03-24
Florida Panthers,4,Boston Bruins,1,,"17,565",2:45,,2016-03-24
Carolina Hurricanes,3,Columbus Blue Jackets,2,,"16,031",2:34,,2016-03-24
Philadelphia Flyers,4,Colorado Avalanche,2,,"18,087",2:28,,2016-03-24
Montreal Canadiens,3,Detroit Red Wings,4,,"20,027",2:37,,2016-03-24
Calgary Flames,2,Minnesota Wild,6,,"19,032",2:34,,2016-03-24
Vancouver Canucks,2,Nashville Predators,3,SO,"17,113",2:35,,2016-03-24
New Jersey Devils,3,Pittsburgh Penguins,0,,"18,610",2:21,,2016-03-24
Edmonton Oilers,6,San Jose Sharks,3,,"16,570",2:28,,2016-03-24
Anaheim Ducks,5,Toronto Maple Leafs,6,OT,"18,935",2:38,,2016-03-24
Los Angeles Kings,1,Winnipeg Jets,4,,"15,294",2:23,,2016-03-24
Washington Capitals,1,New Jersey Devils,0,OT,"16,514",2:27,,2016-03-25
Vancouver Canucks,0,St. Louis Blues,4,,"19,580",2:23,,2016-03-25
New York Islanders,4,Tampa Bay Lightning,7,,"19,092",2:37,,2016-03-25
Philadelphia Flyers,1,Arizona Coyotes,2,,"16,002",2:44,,2016-03-26
Winnipeg Jets,2,Buffalo Sabres,3,,"19,070",2:24,,2016-03-26
New York Islanders,4,Carolina Hurricanes,3,OT,"11,636",2:29,,2016-03-26
Chicago Blackhawks,4,Calgary Flames,1,,"19,289",2:23,,2016-03-26
Minnesota Wild,4,Colorado Avalanche,0,,"18,007",2:31,,2016-03-26
Pittsburgh Penguins,7,Detroit Red Wings,2,,"20,027",2:36,,2016-03-26
Edmonton Oilers,4,Los Angeles Kings,6,,"18,230",2:32,,2016-03-26
New York Rangers,5,Montreal Canadiens,2,,"21,288",2:22,,2016-03-26
Columbus Blue Jackets,1,Nashville Predators,5,,"17,113",2:24,,2016-03-26
Anaheim Ducks,4,Ottawa Senators,3,OT,"18,162",2:29,,2016-03-26
Dallas Stars,4,San Jose Sharks,2,,"16,439",2:35,,2016-03-26
Florida Panthers,5,Tampa Bay Lightning,2,,"19,092",2:28,,2016-03-26
Boston Bruins,3,Toronto Maple Leafs,1,,"19,185",2:38,,2016-03-26
St. Louis Blues,4,Washington Capitals,0,,"18,506",2:21,,2016-03-26
New Jersey Devils,2,Carolina Hurricanes,3,,"12,792",2:23,,2016-03-27
Pittsburgh Penguins,3,New York Rangers,2,OT,"18,006",2:42,,2016-03-27
Chicago Blackhawks,3,Vancouver Canucks,2,,"18,570",2:26,,2016-03-27
Calgary Flames,5,Arizona Coyotes,2,,"14,347",2:30,,2016-03-28
Buffalo Sabres,2,Detroit Red Wings,3,,"20,027",2:30,,2016-03-28
Anaheim Ducks,2,Edmonton Oilers,1,,"16,839",2:27,,2016-03-28
Colorado Avalanche,4,Nashville Predators,3,,"16,443",2:34,,2016-03-28
Winnipeg Jets,2,Philadelphia Flyers,3,OT,"19,100",2:36,,2016-03-28
Los Angeles Kings,2,San Jose Sharks,5,,"17,066",2:29,,2016-03-28
Toronto Maple Leafs,0,Tampa Bay Lightning,3,,"19,092",2:31,,2016-03-28
Columbus Blue Jackets,1,Washington Capitals,4,,"18,506",2:26,,2016-03-28
Nashville Predators,2,Dallas Stars,5,,"18,265",2:36,,2016-03-29
Toronto Maple Leafs,5,Florida Panthers,2,,"16,724",2:25,,2016-03-29
Chicago Blackhawks,1,Minnesota Wild,4,,"19,190",2:19,,2016-03-29
Detroit Red Wings,3,Montreal Canadiens,4,,"21,288",2:39,,2016-03-29
Boston Bruins,1,New Jersey Devils,2,,"15,486",2:27,,2016-03-29
Carolina Hurricanes,1,New York Islanders,2,SO,"13,733",2:35,,2016-03-29
Buffalo Sabres,4,Pittsburgh Penguins,5,SO,"18,513",2:48,,2016-03-29
Colorado Avalanche,1,St. Louis Blues,3,,"19,263",2:27,,2016-03-29
San Jose Sharks,4,Vancouver Canucks,1,,"18,315",2:30,,2016-03-29
Calgary Flames,3,Anaheim Ducks,8,,"16,004",2:32,,2016-03-30
Washington Capitals,1,Philadelphia Flyers,2,SO,"19,850",2:50,,2016-03-30
Ottawa Senators,2,Winnipeg Jets,1,,"15,294",2:18,,2016-03-30
Toronto Maple Leafs,1,Buffalo Sabres,4,,"18,873",2:40,,2016-03-31
New York Rangers,3,Carolina Hurricanes,4,,"16,336",2:31,,2016-03-31
Arizona Coyotes,1,Dallas Stars,4,,"18,532",2:28,,2016-03-31
New Jersey Devils,2,Florida Panthers,3,,"15,803",2:34,,2016-03-31
Calgary Flames,0,Los Angeles Kings,3,,"18,417",2:21,,2016-03-31
Ottawa Senators,3,Minnesota Wild,2,,"19,032",2:20,,2016-03-31
Columbus Blue Jackets,3,New York Islanders,4,,"13,857",2:30,,2016-03-31
Nashville Predators,2,Pittsburgh Penguins,5,,"18,560",2:26,,2016-03-31
Vancouver Canucks,4,San Jose Sharks,2,,"15,689",2:28,,2016-03-31
Montreal Canadiens,3,Tampa Bay Lightning,0,,"19,092",2:29,,2016-03-31
Vancouver Canucks,3,Anaheim Ducks,2,,"16,331",2:29,,2016-04-01
Washington Capitals,4,Colorado Avalanche,2,,"18,049",2:24,,2016-04-01
Minnesota Wild,2,Detroit Red Wings,3,,"20,027",2:25,,2016-04-01
Boston Bruins,6,St. Louis Blues,5,,"19,202",2:40,,2016-04-01
Chicago Blackhawks,5,Winnipeg Jets,4,OT,"15,294",2:38,,2016-04-01
Washington Capitals,0,Arizona Coyotes,3,,"17,125",2:18,,2016-04-02
Columbus Blue Jackets,5,Carolina Hurricanes,1,,"11,542",2:26,,2016-04-02
Calgary Flames,5,Edmonton Oilers,0,,"16,839",2:25,,2016-04-02
Montreal Canadiens,3,Florida Panthers,4,,"17,427",2:38,,2016-04-02
Dallas Stars,3,Los Angeles Kings,2,,"18,230",2:52,,2016-04-02
San Jose Sharks,3,Nashville Predators,2,SO,"17,113",2:40,,2016-04-02
Pittsburgh Penguins,5,New York Islanders,0,,"15,795",2:36,,2016-04-02
Buffalo Sabres,4,New York Rangers,3,,"18,006",2:31,,2016-04-02
Ottawa Senators,2,Philadelphia Flyers,3,,"19,578",2:23,,2016-04-02
New Jersey Devils,1,Tampa Bay Lightning,3,,"19,092",2:35,,2016-04-02
Detroit Red Wings,3,Toronto Maple Leafs,2,,"19,371",2:30,,2016-04-02
Dallas Stars,1,Anaheim Ducks,3,,"16,585",2:24,,2016-04-03
Boston Bruins,4,Chicago Blackhawks,6,,"22,156",2:31,,2016-04-03
St. Louis Blues,5,Colorado Avalanche,1,,"15,485",2:34,,2016-04-03
Philadelphia Flyers,2,Pittsburgh Penguins,6,,"18,673",2:37,,2016-04-03
Minnesota Wild,1,Winnipeg Jets,5,,"15,294",2:25,,2016-04-03
New York Rangers,4,Columbus Blue Jackets,2,,"15,951",2:29,,2016-04-04
Tampa Bay Lightning,2,New York Islanders,5,,"13,106",2:25,,2016-04-04
Arizona Coyotes,2,St. Louis Blues,5,,"19,465",2:30,,2016-04-04
Florida Panthers,4,Toronto Maple Leafs,3,,"18,846",2:50,,2016-04-04
Los Angeles Kings,2,Vancouver Canucks,3,,"18,415",2:24,,2016-04-04
Winnipeg Jets,2,Anaheim Ducks,1,OT,"16,743",2:32,,2016-04-05
Carolina Hurricanes,2,Boston Bruins,1,SO,"17,565",2:40,,2016-04-05
Los Angeles Kings,5,Calgary Flames,4,OT,"18,438",2:33,,2016-04-05
Arizona Coyotes,2,Chicago Blackhawks,6,,"21,884",2:22,,2016-04-05
San Jose Sharks,3,Minnesota Wild,0,,"19,061",2:21,,2016-04-05
Florida Panthers,4,Montreal Canadiens,1,,"21,288",2:22,,2016-04-05
Buffalo Sabres,3,New Jersey Devils,1,,"14,773",2:24,,2016-04-05
Colorado Avalanche,3,Nashville Predators,4,,"17,113",2:35,,2016-04-05
Tampa Bay Lightning,2,New York Rangers,3,,"18,006",2:30,,2016-04-05
Pittsburgh Penguins,5,Ottawa Senators,3,,"19,284",2:28,,2016-04-05
New York Islanders,4,Washington Capitals,3,OT,"18,506",2:33,,2016-04-05
Philadelphia Flyers,0,Detroit Red Wings,3,,"20,027",2:44,,2016-04-06
Vancouver Canucks,2,Edmonton Oilers,6,,"16,839",2:31,,2016-04-06
Columbus Blue Jackets,5,Toronto Maple Leafs,1,,"18,837",2:23,,2016-04-06
Detroit Red Wings,2,Boston Bruins,5,,"17,565",2:28,,2016-04-07
Montreal Canadiens,4,Carolina Hurricanes,2,,"15,120",2:27,,2016-04-07
Vancouver Canucks,3,Calgary Flames,7,,"19,289",2:23,,2016-04-07
St. Louis Blues,2,Chicago Blackhawks,1,OT,"22,075",2:31,,2016-04-07
Colorado Avalanche,2,Dallas Stars,4,,"18,532",2:27,,2016-04-07
Anaheim Ducks,1,Los Angeles Kings,2,,"18,511",2:39,,2016-04-07
Tampa Bay Lightning,4,New Jersey Devils,2,,"15,536",2:24,,2016-04-07
Arizona Coyotes,2,Nashville Predators,3,OT,"17,113",2:32,,2016-04-07
New York Islanders,4,New York Rangers,1,,"18,006",2:20,,2016-04-07
Florida Panthers,1,Ottawa Senators,3,,"19,165",2:26,,2016-04-07
Toronto Maple Leafs,4,Philadelphia Flyers,3,OT,"19,674",2:42,,2016-04-07
Winnipeg Jets,5,San Jose Sharks,4,,"15,900",2:26,,2016-04-07
Pittsburgh Penguins,4,Washington Capitals,3,OT,"18,506",2:37,,2016-04-07
Columbus Blue Jackets,4,Buffalo Sabres,1,,"19,070",2:20,,2016-04-08
Ottawa Senators,6,Boston Bruins,1,,"17,565",2:37,,2016-04-09
Chicago Blackhawks,4,Columbus Blue Jackets,5,OT,"19,177",2:31,,2016-04-09
Anaheim Ducks,5,Colorado Avalanche,3,,"17,932",2:27,,2016-04-09
Nashville Predators,2,Dallas Stars,3,,"18,532",2:29,,2016-04-09
Carolina Hurricanes,2,Florida Panthers,5,,"18,434",2:24,,2016-04-09
Winnipeg Jets,4,Los Angeles Kings,3,SO,"18,449",2:46,,2016-04-09
Calgary Flames,2,Minnesota Wild,1,,"19,247",2:26,,2016-04-09
Tampa Bay Lightning,2,Montreal Canadiens,5,,"21,288",2:35,,2016-04-09
Toronto Maple Leafs,1,New Jersey Devils,5,,"16,514",2:19,,2016-04-09
Buffalo Sabres,4,New York Islanders,3,OT,"14,811",2:29,,2016-04-09
Detroit Red Wings,2,New York Rangers,3,,"18,006",2:31,,2016-04-09
Pittsburgh Penguins,1,Philadelphia Flyers,3,,"19,919",2:35,,2016-04-09
Arizona Coyotes,0,San Jose Sharks,1,,"17,562",2:19,,2016-04-09
Washington Capitals,5,St. Louis Blues,1,,"19,610",2:23,,2016-04-09
Edmonton Oilers,3,Vancouver Canucks,4,SO,"18,570",2:52,,2016-04-09
Philadelphia Flyers,5,New York Islanders,2,,"14,244",2:18,,2016-04-10
Anaheim Ducks,2,Washington Capitals,0,,"18,506",2:22,,2016-04-10
