{"first_round": ["Boston Bruins", "Detroit Red Wings", "Tampa Bay Lightning", "Montreal Canadiens", "Pittsburgh Penguins", "Columbus Blue Jackets", "New York Rangers", "Philadelphia Flyers", "Colorado Avalanche", "Minnesota Wild", "St. Louis Blues", "Chicago Blackhawks", "Anaheim Ducks", "Dallas Stars", "San Jose Sharks", "Los Angeles Kings"], "second_round": ["Boston Bruins", "Montreal Canadiens", "Pittsburgh Penguins", "New York Rangers", "Minnesota Wild", "Chicago Blackhawks", "Anaheim Ducks", "Los Angeles Kings"], "conference_finals": ["Montreal Canadiens", "New York Rangers", "Chicago Blackhawks", "Los Angeles Kings"], "final": ["New York Rangers", "Los Angeles Kings"], "winner": ["Los Angeles Kings"]}