visitor_team_name,visitor_goals,home_team_name,home_goals,overtimes,attendance,game_duration,game_remarks,date_game
Washington Capitals,4,Chicago Blackhawks,6,,"22,158",,,2013-10-01
Winnipeg Jets,5,Edmonton Oilers,4,,"16,839",,,2013-10-01
Toronto Maple Leafs,4,Montreal Canadiens,3,,"21,273",,,2013-10-01
Anaheim Ducks,1,Colorado Avalanche,6,,"18,007",,,2013-10-02
Buffalo Sabres,1,Detroit Red Wings,2,,"20,066",,,2013-10-02
Toronto Maple Leafs,3,Philadelphia Flyers,1,,"19,872",,,2013-10-02
Tampa Bay Lightning,1,Boston Bruins,3,,"17,565",,,2013-10-03
Florida Panthers,4,Dallas Stars,2,,"16,100",,,2013-10-03
Los Angeles Kings,3,Minnesota Wild,2,SO,"18,511",,,2013-10-03
New York Rangers,1,Phoenix Coyotes,4,,"17,125",,,2013-10-03
New Jersey Devils,0,Pittsburgh Penguins,3,,"18,621",,,2013-10-03
Vancouver Canucks,1,San Jose Sharks,4,,"17,562",,,2013-10-03
Nashville Predators,2,St. Louis Blues,4,,"18,851",,,2013-10-03
Calgary Flames,4,Washington Capitals,5,SO,"18,506",,,2013-10-03
Ottawa Senators,1,Buffalo Sabres,0,,"19,070",,,2013-10-04
Detroit Red Wings,3,Carolina Hurricanes,2,OT,"18,680",,,2013-10-04
Calgary Flames,4,Columbus Blue Jackets,3,,"18,151",,,2013-10-04
Nashville Predators,1,Colorado Avalanche,3,,"14,494",,,2013-10-04
New York Islanders,4,New Jersey Devils,3,SO,"16,624",,,2013-10-04
Los Angeles Kings,3,Winnipeg Jets,5,,"15,004",,,2013-10-04
Detroit Red Wings,1,Boston Bruins,4,,"17,565",,,2013-10-05
Tampa Bay Lightning,3,Chicago Blackhawks,2,SO,"21,563",,,2013-10-05
Washington Capitals,1,Dallas Stars,2,,"17,200",,,2013-10-05
Anaheim Ducks,4,Minnesota Wild,3,OT,"18,213",,,2013-10-05
Philadelphia Flyers,1,Montreal Canadiens,4,,"21,273",,,2013-10-05
Columbus Blue Jackets,3,New York Islanders,2,SO,"16,170",,,2013-10-05
Buffalo Sabres,1,Pittsburgh Penguins,4,,"18,641",,,2013-10-05
Phoenix Coyotes,1,San Jose Sharks,4,,"17,562",,,2013-10-05
Florida Panthers,0,St. Louis Blues,7,,"16,264",,,2013-10-05
Ottawa Senators,4,Toronto Maple Leafs,5,SO,"19,552",,,2013-10-05
Edmonton Oilers,2,Vancouver Canucks,6,,"18,910",,,2013-10-05
Philadelphia Flyers,1,Carolina Hurricanes,2,,"16,088",,,2013-10-06
Vancouver Canucks,5,Calgary Flames,4,OT,"19,289",,,2013-10-06
Anaheim Ducks,3,Winnipeg Jets,2,,"15,004",,,2013-10-06
New Jersey Devils,4,Edmonton Oilers,5,SO,"16,839",,,2013-10-07
New York Rangers,3,Los Angeles Kings,1,,"18,118",,,2013-10-07
Tampa Bay Lightning,3,Buffalo Sabres,2,OT,"18,243",,,2013-10-08
Minnesota Wild,2,Nashville Predators,3,,"17,196",,,2013-10-08
Phoenix Coyotes,1,New York Islanders,6,,"10,288",,,2013-10-08
Florida Panthers,1,Philadelphia Flyers,2,,"19,589",,,2013-10-08
Carolina Hurricanes,2,Pittsburgh Penguins,5,,"18,451",,,2013-10-08
New York Rangers,2,San Jose Sharks,9,,"17,562",,,2013-10-08
Colorado Avalanche,2,Toronto Maple Leafs,1,,"19,388",,,2013-10-08
New Jersey Devils,2,Vancouver Canucks,3,OT,"18,910",,,2013-10-08
Montreal Canadiens,2,Calgary Flames,3,,"19,289",,,2013-10-09
Ottawa Senators,3,Los Angeles Kings,4,OT,"18,118",,,2013-10-09
Chicago Blackhawks,2,St. Louis Blues,3,,"16,565",,,2013-10-09
New York Rangers,0,Anaheim Ducks,6,,"17,179",,,2013-10-10
Colorado Avalanche,2,Boston Bruins,0,,"17,565",,,2013-10-10
Columbus Blue Jackets,4,Buffalo Sabres,1,,"18,210",,,2013-10-10
Phoenix Coyotes,4,Detroit Red Wings,2,,"20,066",,,2013-10-10
Montreal Canadiens,4,Edmonton Oilers,1,,"16,839",,,2013-10-10
Winnipeg Jets,1,Minnesota Wild,2,,"17,366",,,2013-10-10
Toronto Maple Leafs,4,Nashville Predators,0,,"16,671",,,2013-10-10
Florida Panthers,2,Tampa Bay Lightning,7,,"19,204",,,2013-10-10
San Jose Sharks,4,Vancouver Canucks,1,,"18,910",,,2013-10-10
Carolina Hurricanes,3,Washington Capitals,2,,"18,506",,,2013-10-10
Los Angeles Kings,2,Carolina Hurricanes,1,SO,"16,353",,,2013-10-11
New Jersey Devils,2,Calgary Flames,3,,"19,289",,,2013-10-11
New York Islanders,2,Chicago Blackhawks,3,,"21,196",,,2013-10-11
Pittsburgh Penguins,3,Florida Panthers,6,,"18,584",,,2013-10-11
Phoenix Coyotes,2,Philadelphia Flyers,1,,"19,713",,,2013-10-11
Dallas Stars,4,Winnipeg Jets,1,,"15,004",,,2013-10-11
Boston Bruins,3,Columbus Blue Jackets,1,,"14,092",,,2013-10-12
Buffalo Sabres,1,Chicago Blackhawks,2,,"21,261",,,2013-10-12
Philadelphia Flyers,2,Detroit Red Wings,5,,"20,066",,,2013-10-12
Dallas Stars,1,Minnesota Wild,5,,"18,278",,,2013-10-12
New York Islanders,2,Nashville Predators,3,,"17,113",,,2013-10-12
Ottawa Senators,2,San Jose Sharks,3,,"17,562",,,2013-10-12
New York Rangers,3,St. Louis Blues,5,,"18,130",,,2013-10-12
Pittsburgh Penguins,5,Tampa Bay Lightning,4,,"18,939",,,2013-10-12
Edmonton Oilers,5,Toronto Maple Leafs,6,OT,"19,379",,,2013-10-12
Montreal Canadiens,4,Vancouver Canucks,1,,"18,910",,,2013-10-12
Colorado Avalanche,5,Washington Capitals,1,,"18,506",,,2013-10-12
Ottawa Senators,1,Anaheim Ducks,4,,"17,177",,,2013-10-13
Phoenix Coyotes,5,Carolina Hurricanes,3,,"15,384",,,2013-10-13
Los Angeles Kings,3,Florida Panthers,0,,"12,810",,,2013-10-13
New Jersey Devils,0,Winnipeg Jets,3,,"15,004",,,2013-10-13
Detroit Red Wings,3,Boston Bruins,2,,"17,565",,,2013-10-14
Minnesota Wild,2,Buffalo Sabres,1,,"18,111",,,2013-10-14
Edmonton Oilers,2,Washington Capitals,4,,"18,506",,,2013-10-14
Chicago Blackhawks,3,Carolina Hurricanes,2,SO,"16,263",,,2013-10-15
Dallas Stars,2,Colorado Avalanche,3,,"15,208",,,2013-10-15
Columbus Blue Jackets,1,Detroit Red Wings,2,,"20,066",,,2013-10-15
Florida Panthers,3,Nashville Predators,4,,"15,935",,,2013-10-15
Buffalo Sabres,4,New York Islanders,3,SO,"10,512",,,2013-10-15
Vancouver Canucks,3,Philadelphia Flyers,2,,"19,588",,,2013-10-15
Ottawa Senators,4,Phoenix Coyotes,3,OT,"10,594",,,2013-10-15
Edmonton Oilers,2,Pittsburgh Penguins,3,,"18,410",,,2013-10-15
San Jose Sharks,6,St. Louis Blues,2,,"14,503",,,2013-10-15
Los Angeles Kings,1,Tampa Bay Lightning,5,,"16,310",,,2013-10-15
Minnesota Wild,1,Toronto Maple Leafs,4,,"19,283",,,2013-10-15
Montreal Canadiens,3,Winnipeg Jets,0,,"15,004",,,2013-10-15
Calgary Flames,2,Anaheim Ducks,3,,"14,051",,,2013-10-16
New York Rangers,2,Washington Capitals,0,,"18,506",,,2013-10-16
Vancouver Canucks,3,Buffalo Sabres,0,,"18,374",,,2013-10-17
St. Louis Blues,3,Chicago Blackhawks,2,SO,"21,169",,,2013-10-17
Detroit Red Wings,4,Colorado Avalanche,2,,"18,101",,,2013-10-17
San Jose Sharks,3,Dallas Stars,4,SO,"14,898",,,2013-10-17
Boston Bruins,3,Florida Panthers,2,,"14,440",,,2013-10-17
Columbus Blue Jackets,3,Montreal Canadiens,5,,"21,273",,,2013-10-17
Los Angeles Kings,2,Nashville Predators,1,SO,"16,416",,,2013-10-17
Edmonton Oilers,2,New York Islanders,3,,"10,608",,,2013-10-17
New Jersey Devils,2,Ottawa Senators,5,,"18,867",,,2013-10-17
Pittsburgh Penguins,4,Philadelphia Flyers,1,,"19,735",,,2013-10-17
Minnesota Wild,1,Tampa Bay Lightning,3,,"16,454",,,2013-10-17
Carolina Hurricanes,3,Toronto Maple Leafs,2,,"19,277",,,2013-10-17
Phoenix Coyotes,2,Anaheim Ducks,3,SO,"13,206",,,2013-10-18
St. Louis Blues,3,Winnipeg Jets,4,SO,"15,004",,,2013-10-18
Colorado Avalanche,4,Buffalo Sabres,2,,"18,422",,,2013-10-19
Toronto Maple Leafs,1,Chicago Blackhawks,3,,"21,801",,,2013-10-19
Minnesota Wild,1,Florida Panthers,2,SO,"13,081",,,2013-10-19
Dallas Stars,2,Los Angeles Kings,5,,"18,118",,,2013-10-19
Nashville Predators,2,Montreal Canadiens,1,,"21,273",,,2013-10-19
New York Rangers,0,New Jersey Devils,4,,"16,592",,,2013-10-19
Carolina Hurricanes,4,New York Islanders,3,,"13,008",,,2013-10-19
Edmonton Oilers,3,Ottawa Senators,1,,"18,623",,,2013-10-19
Detroit Red Wings,2,Phoenix Coyotes,5,,"14,624",,,2013-10-19
Vancouver Canucks,3,Pittsburgh Penguins,4,SO,"18,657",,,2013-10-19
Calgary Flames,3,San Jose Sharks,6,,"17,562",,,2013-10-19
Boston Bruins,5,Tampa Bay Lightning,0,,"18,512",,,2013-10-19
Columbus Blue Jackets,1,Washington Capitals,4,,"18,506",,,2013-10-19
Dallas Stars,3,Anaheim Ducks,6,,"14,531",,,2013-10-20
Vancouver Canucks,1,Columbus Blue Jackets,3,,"14,168",,,2013-10-20
Nashville Predators,3,Winnipeg Jets,1,,"15,004",,,2013-10-20
San Jose Sharks,1,Detroit Red Wings,0,SO,"20,066",,,2013-10-21
Calgary Flames,3,Los Angeles Kings,2,,"18,118",,,2013-10-21
Colorado Avalanche,1,Pittsburgh Penguins,0,,"18,606",,,2013-10-21
New Jersey Devils,1,Columbus Blue Jackets,4,,"14,357",,,2013-10-22
Chicago Blackhawks,3,Florida Panthers,2,SO,"15,779",,,2013-10-22
Nashville Predators,0,Minnesota Wild,2,,"17,651",,,2013-10-22
Edmonton Oilers,4,Montreal Canadiens,3,,"21,273",,,2013-10-22
Vancouver Canucks,5,New York Islanders,4,OT,"11,922",,,2013-10-22
Calgary Flames,2,Phoenix Coyotes,4,,"10,141",,,2013-10-22
Anaheim Ducks,2,Toronto Maple Leafs,4,,"19,408",,,2013-10-22
Washington Capitals,5,Winnipeg Jets,4,SO,"15,004",,,2013-10-22
Boston Bruins,5,Buffalo Sabres,2,,"17,645",,,2013-10-23
Ottawa Senators,6,Detroit Red Wings,1,,"20,066",,,2013-10-23
San Jose Sharks,1,Boston Bruins,2,,"17,565",,,2013-10-24
Calgary Flames,1,Dallas Stars,5,,"13,122",,,2013-10-24
Washington Capitals,4,Edmonton Oilers,1,,"16,839",,,2013-10-24
Phoenix Coyotes,4,Los Angeles Kings,7,,"18,118",,,2013-10-24
Carolina Hurricanes,1,Minnesota Wild,3,,"17,668",,,2013-10-24
Anaheim Ducks,1,Montreal Canadiens,4,,"21,273",,,2013-10-24
Vancouver Canucks,3,New Jersey Devils,2,SO,"13,203",,,2013-10-24
Winnipeg Jets,2,Nashville Predators,3,OT,"16,075",,,2013-10-24
New York Rangers,1,Philadelphia Flyers,2,,"19,768",,,2013-10-24
Chicago Blackhawks,5,Tampa Bay Lightning,6,OT,"18,820",,,2013-10-24
Toronto Maple Leafs,2,Columbus Blue Jackets,5,,"13,930",,,2013-10-25
Carolina Hurricanes,2,Colorado Avalanche,4,,"16,177",,,2013-10-25
Buffalo Sabres,3,Florida Panthers,1,,"12,984",,,2013-10-25
Anaheim Ducks,2,Ottawa Senators,1,,"17,590",,,2013-10-25
New York Islanders,4,Pittsburgh Penguins,3,,"18,664",,,2013-10-25
Vancouver Canucks,3,St. Louis Blues,2,OT,"17,604",,,2013-10-25
New Jersey Devils,4,Boston Bruins,3,,"17,565",,,2013-10-26
Washington Capitals,2,Calgary Flames,5,,"19,289",,,2013-10-26
Minnesota Wild,5,Chicago Blackhawks,3,,"21,521",,,2013-10-26
Winnipeg Jets,2,Dallas Stars,1,SO,"13,875",,,2013-10-26
New York Rangers,3,Detroit Red Wings,2,OT,"20,066",,,2013-10-26
San Jose Sharks,2,Montreal Canadiens,0,,"21,273",,,2013-10-26
St. Louis Blues,6,Nashville Predators,1,,"16,681",,,2013-10-26
Philadelphia Flyers,5,New York Islanders,2,,"13,620",,,2013-10-26
Edmonton Oilers,4,Phoenix Coyotes,5,,"11,684",,,2013-10-26
Buffalo Sabres,2,Tampa Bay Lightning,3,,"18,088",,,2013-10-26
Pittsburgh Penguins,1,Toronto Maple Leafs,4,,"19,539",,,2013-10-26
Anaheim Ducks,4,Columbus Blue Jackets,3,,"10,542",,,2013-10-27
Winnipeg Jets,2,Colorado Avalanche,3,,"13,927",,,2013-10-27
Tampa Bay Lightning,4,Florida Panthers,3,SO,"12,336",,,2013-10-27
Edmonton Oilers,1,Los Angeles Kings,2,SO,"18,118",,,2013-10-27
San Jose Sharks,5,Ottawa Senators,2,,"17,145",,,2013-10-27
Dallas Stars,4,Buffalo Sabres,3,,"18,295",,,2013-10-28
Pittsburgh Penguins,3,Carolina Hurricanes,1,,"15,042",,,2013-10-28
Chicago Blackhawks,5,Minnesota Wild,1,,"18,685",,,2013-10-28
Montreal Canadiens,2,New York Rangers,0,,"18,006",,,2013-10-28
Washington Capitals,2,Vancouver Canucks,3,,"18,910",,,2013-10-28
Ottawa Senators,5,Chicago Blackhawks,6,,"21,123",,,2013-10-29
Toronto Maple Leafs,4,Edmonton Oilers,0,,"16,839",,,2013-10-29
Dallas Stars,1,Montreal Canadiens,2,,"21,273",,,2013-10-29
Tampa Bay Lightning,1,New Jersey Devils,2,,"13,501",,,2013-10-29
New York Rangers,3,New York Islanders,2,,"16,170",,,2013-10-29
Anaheim Ducks,3,Philadelphia Flyers,2,,"19,615",,,2013-10-29
Los Angeles Kings,1,Phoenix Coyotes,3,,"10,452",,,2013-10-29
Winnipeg Jets,2,St. Louis Blues,3,,"15,287",,,2013-10-29
Toronto Maple Leafs,4,Calgary Flames,2,,"19,289",,,2013-10-30
San Jose Sharks,3,Los Angeles Kings,4,OT,"18,118",,,2013-10-30
Boston Bruins,2,Pittsburgh Penguins,3,,"18,627",,,2013-10-30
Detroit Red Wings,2,Vancouver Canucks,1,,"18,910",,,2013-10-30
Anaheim Ducks,2,Boston Bruins,3,SO,"17,565",,,2013-10-31
Buffalo Sabres,0,New York Rangers,2,,"18,006",,,2013-10-31
Nashville Predators,4,Phoenix Coyotes,5,SO,"7,401",,,2013-10-31
Tampa Bay Lightning,3,Carolina Hurricanes,0,,"14,828",,,2013-11-01
Detroit Red Wings,4,Calgary Flames,3,,"19,289",,,2013-11-01
Colorado Avalanche,3,Dallas Stars,2,OT,"15,223",,,2013-11-01
St. Louis Blues,4,Florida Panthers,0,,"12,922",,,2013-11-01
Montreal Canadiens,3,Minnesota Wild,4,,"18,207",,,2013-11-01
New York Islanders,5,Ottawa Senators,4,SO,"15,589",,,2013-11-01
Washington Capitals,7,Philadelphia Flyers,0,,"19,702",,,2013-11-01
Columbus Blue Jackets,2,Pittsburgh Penguins,4,,"18,620",,,2013-11-01
Anaheim Ducks,6,Buffalo Sabres,3,,"19,070",,,2013-11-02
Pittsburgh Penguins,3,Columbus Blue Jackets,0,,"18,634",,,2013-11-02
Montreal Canadiens,1,Colorado Avalanche,4,,"18,152",,,2013-11-02
Detroit Red Wings,5,Edmonton Oilers,0,,"16,839",,,2013-11-02
Nashville Predators,4,Los Angeles Kings,3,,"18,118",,,2013-11-02
Philadelphia Flyers,1,New Jersey Devils,0,,"13,705",,,2013-11-02
Boston Bruins,1,New York Islanders,3,,"14,018",,,2013-11-02
Carolina Hurricanes,1,New York Rangers,5,,"18,006",,,2013-11-02
Phoenix Coyotes,3,San Jose Sharks,2,SO,"17,562",,,2013-11-02
St. Louis Blues,2,Tampa Bay Lightning,4,,"18,885",,,2013-11-02
Toronto Maple Leafs,0,Vancouver Canucks,4,,"18,910",,,2013-11-02
Chicago Blackhawks,5,Winnipeg Jets,1,,"15,004",,,2013-11-02
Florida Panthers,2,Washington Capitals,3,SO,"18,506",,,2013-11-02
Calgary Flames,3,Chicago Blackhawks,2,OT,"21,229",,,2013-11-03
New Jersey Devils,0,Minnesota Wild,4,,"17,571",,,2013-11-03
Dallas Stars,4,Ottawa Senators,3,SO,"18,106",,,2013-11-03
Anaheim Ducks,2,New York Rangers,1,,"18,006",,,2013-11-04
Detroit Red Wings,2,Winnipeg Jets,4,,"15,004",,,2013-11-04
Dallas Stars,3,Boston Bruins,2,SO,"17,565",,,2013-11-05
Philadelphia Flyers,1,Carolina Hurricanes,2,OT,"15,519",,,2013-11-05
Ottawa Senators,4,Columbus Blue Jackets,1,,"13,122",,,2013-11-05
Edmonton Oilers,4,Florida Panthers,3,OT,"12,035",,,2013-11-05
Calgary Flames,1,Minnesota Wild,5,,"17,708",,,2013-11-05
St. Louis Blues,3,Montreal Canadiens,2,SO,"21,273",,,2013-11-05
Vancouver Canucks,2,Phoenix Coyotes,3,SO,"13,459",,,2013-11-05
Buffalo Sabres,5,San Jose Sharks,4,SO,"17,562",,,2013-11-05
New York Islanders,2,Washington Capitals,6,,"18,506",,,2013-11-05
Phoenix Coyotes,2,Anaheim Ducks,5,,"14,045",,,2013-11-06
Winnipeg Jets,1,Chicago Blackhawks,4,,"21,122",,,2013-11-06
Nashville Predators,6,Colorado Avalanche,4,,"14,043",,,2013-11-06
Pittsburgh Penguins,1,New York Rangers,5,,"18,006",,,2013-11-06
Florida Panthers,1,Boston Bruins,4,,"17,565",,,2013-11-07
New York Islanders,0,Carolina Hurricanes,1,,"11,541",,,2013-11-07
New York Rangers,4,Columbus Blue Jackets,2,,"11,746",,,2013-11-07
Dallas Stars,4,Detroit Red Wings,3,OT,"20,066",,,2013-11-07
Buffalo Sabres,0,Los Angeles Kings,2,,"18,118",,,2013-11-07
Montreal Canadiens,1,Ottawa Senators,4,,"19,292",,,2013-11-07
New Jersey Devils,3,Philadelphia Flyers,0,,"19,604",,,2013-11-07
Vancouver Canucks,4,San Jose Sharks,2,,"17,562",,,2013-11-07
Calgary Flames,2,St. Louis Blues,3,,"14,877",,,2013-11-07
Edmonton Oilers,2,Tampa Bay Lightning,4,,"18,695",,,2013-11-07
Minnesota Wild,2,Washington Capitals,3,SO,"18,506",,,2013-11-07
Buffalo Sabres,2,Anaheim Ducks,6,,"15,577",,,2013-11-08
Calgary Flames,2,Colorado Avalanche,4,,"17,620",,,2013-11-08
New Jersey Devils,1,Toronto Maple Leafs,2,SO,"19,377",,,2013-11-08
Nashville Predators,0,Winnipeg Jets,5,,"15,004",,,2013-11-08
Toronto Maple Leafs,1,Boston Bruins,3,,"17,565",,,2013-11-09
Minnesota Wild,3,Carolina Hurricanes,2,SO,"14,704",,,2013-11-09
New York Islanders,2,Columbus Blue Jackets,5,,"13,949",,,2013-11-09
Chicago Blackhawks,5,Dallas Stars,2,,"17,167",,,2013-11-09
Tampa Bay Lightning,3,Detroit Red Wings,2,OT,"20,066",,,2013-11-09
Vancouver Canucks,1,Los Angeles Kings,5,,"18,118",,,2013-11-09
Florida Panthers,2,Ottawa Senators,3,,"16,244",,,2013-11-09
Edmonton Oilers,2,Philadelphia Flyers,4,,"19,725",,,2013-11-09
Washington Capitals,3,Phoenix Coyotes,4,SO,"16,106",,,2013-11-09
Pittsburgh Penguins,1,St. Louis Blues,2,,"18,685",,,2013-11-09
Vancouver Canucks,1,Anaheim Ducks,3,,"17,174",,,2013-11-10
Edmonton Oilers,4,Chicago Blackhawks,5,,"21,185",,,2013-11-10
Washington Capitals,1,Colorado Avalanche,4,,"17,625",,,2013-11-10
New York Islanders,2,Montreal Canadiens,4,,"21,273",,,2013-11-10
Nashville Predators,0,New Jersey Devils,5,,"12,964",,,2013-11-10
Florida Panthers,3,New York Rangers,4,,"18,006",,,2013-11-10
San Jose Sharks,4,Winnipeg Jets,5,SO,"15,004",,,2013-11-10
Tampa Bay Lightning,0,Boston Bruins,3,,"17,565",,,2013-11-11
Los Angeles Kings,2,Buffalo Sabres,3,SO,"18,281",,,2013-11-12
Colorado Avalanche,1,Carolina Hurricanes,2,,"13,278",,,2013-11-12
San Jose Sharks,3,Calgary Flames,2,OT,"19,289",,,2013-11-12
Winnipeg Jets,3,Detroit Red Wings,2,SO,"20,066",,,2013-11-12
Anaheim Ducks,2,Florida Panthers,3,,"13,354",,,2013-11-12
Tampa Bay Lightning,2,Montreal Canadiens,1,SO,"21,273",,,2013-11-12
Nashville Predators,1,New York Islanders,3,,"12,108",,,2013-11-12
New Jersey Devils,3,New York Rangers,2,,"18,006",,,2013-11-12
Philadelphia Flyers,5,Ottawa Senators,0,,"16,398",,,2013-11-12
Phoenix Coyotes,3,St. Louis Blues,2,OT,"15,678",,,2013-11-12
Columbus Blue Jackets,3,Washington Capitals,4,OT,"18,506",,,2013-11-12
Dallas Stars,3,Edmonton Oilers,0,,"16,839",,,2013-11-13
Toronto Maple Leafs,1,Minnesota Wild,2,SO,"17,897",,,2013-11-13
Philadelphia Flyers,2,Pittsburgh Penguins,1,,"18,656",,,2013-11-13
Columbus Blue Jackets,2,Boston Bruins,3,OT,"17,565",,,2013-11-14
Dallas Stars,7,Calgary Flames,3,,"19,289",,,2013-11-14
Phoenix Coyotes,4,Chicago Blackhawks,5,SO,"21,762",,,2013-11-14
Los Angeles Kings,3,New York Islanders,2,,"13,922",,,2013-11-14
Colorado Avalanche,3,St. Louis Blues,7,,"14,190",,,2013-11-14
Anaheim Ducks,1,Tampa Bay Lightning,5,,"17,763",,,2013-11-14
San Jose Sharks,2,Vancouver Canucks,1,OT,"18,910",,,2013-11-14
Toronto Maple Leafs,1,Buffalo Sabres,3,,"19,070",,,2013-11-15
Anaheim Ducks,2,Carolina Hurricanes,3,SO,"14,802",,,2013-11-15
Montreal Canadiens,3,Columbus Blue Jackets,2,SO,"11,562",,,2013-11-15
Washington Capitals,4,Detroit Red Wings,3,SO,"20,066",,,2013-11-15
San Jose Sharks,3,Edmonton Oilers,1,,"16,839",,,2013-11-15
Florida Panthers,2,Minnesota Wild,3,,"18,102",,,2013-11-15
Los Angeles Kings,2,New Jersey Devils,0,,"12,168",,,2013-11-15
Boston Bruins,2,Ottawa Senators,4,,"19,538",,,2013-11-15
Nashville Predators,1,Pittsburgh Penguins,4,,"18,606",,,2013-11-15
Philadelphia Flyers,2,Winnipeg Jets,3,SO,"15,004",,,2013-11-15
Edmonton Oilers,4,Calgary Flames,2,,"19,289",,,2013-11-16
Florida Panthers,4,Colorado Avalanche,1,,"17,321",,,2013-11-16
New York Rangers,1,Montreal Canadiens,0,,"21,273",,,2013-11-16
Pittsburgh Penguins,1,New Jersey Devils,4,,"14,205",,,2013-11-16
Chicago Blackhawks,2,Nashville Predators,7,,"17,113",,,2013-11-16
Detroit Red Wings,4,New York Islanders,5,SO,"15,619",,,2013-11-16
Tampa Bay Lightning,3,Phoenix Coyotes,6,,"12,562",,,2013-11-16
Carolina Hurricanes,2,St. Louis Blues,4,,"17,936",,,2013-11-16
Buffalo Sabres,2,Toronto Maple Leafs,4,,"19,447",,,2013-11-16
San Jose Sharks,1,Chicago Blackhawks,5,,"21,434",,,2013-11-17
Winnipeg Jets,1,Minnesota Wild,2,,"18,283",,,2013-11-17
Los Angeles Kings,1,New York Rangers,0,,"18,006",,,2013-11-17
Columbus Blue Jackets,4,Ottawa Senators,1,,"15,535",,,2013-11-17
Dallas Stars,2,Vancouver Canucks,1,,"18,910",,,2013-11-17
St. Louis Blues,1,Washington Capitals,4,,"18,506",,,2013-11-17
Boston Bruins,4,Carolina Hurricanes,1,,"13,919",,,2013-11-18
Anaheim Ducks,1,Pittsburgh Penguins,3,,"18,614",,,2013-11-18
Calgary Flames,5,Winnipeg Jets,4,SO,"15,004",,,2013-11-18
St. Louis Blues,4,Buffalo Sabres,1,,"17,710",,,2013-11-19
Chicago Blackhawks,1,Colorado Avalanche,5,,"17,348",,,2013-11-19
Nashville Predators,2,Detroit Red Wings,0,,"20,066",,,2013-11-19
Columbus Blue Jackets,0,Edmonton Oilers,7,,"16,839",,,2013-11-19
Tampa Bay Lightning,2,Los Angeles Kings,5,,"18,118",,,2013-11-19
Minnesota Wild,2,Montreal Canadiens,6,,"21,273",,,2013-11-19
Boston Bruins,2,New York Rangers,1,,"18,006",,,2013-11-19
Ottawa Senators,2,Philadelphia Flyers,5,,"19,724",,,2013-11-19
New York Islanders,2,Toronto Maple Leafs,5,,"19,446",,,2013-11-19
Florida Panthers,3,Vancouver Canucks,2,SO,"18,910",,,2013-11-19
New Jersey Devils,4,Anaheim Ducks,3,OT,"14,306",,,2013-11-20
Columbus Blue Jackets,2,Calgary Flames,1,OT,"19,289",,,2013-11-20
Minnesota Wild,4,Ottawa Senators,3,,"16,642",,,2013-11-20
Pittsburgh Penguins,4,Washington Capitals,0,,"18,506",,,2013-11-20
St. Louis Blues,3,Boston Bruins,2,SO,"17,565",,,2013-11-21
New York Rangers,3,Dallas Stars,2,,"15,127",,,2013-11-21
Carolina Hurricanes,3,Detroit Red Wings,4,,"20,066",,,2013-11-21
Florida Panthers,1,Edmonton Oilers,4,,"16,839",,,2013-11-21
New Jersey Devils,2,Los Angeles Kings,1,OT,"18,118",,,2013-11-21
Buffalo Sabres,1,Philadelphia Flyers,4,,"19,973",,,2013-11-21
Colorado Avalanche,4,Phoenix Coyotes,3,OT,"12,285",,,2013-11-21
Tampa Bay Lightning,1,San Jose Sharks,5,,"17,562",,,2013-11-21
Nashville Predators,4,Toronto Maple Leafs,2,,"19,256",,,2013-11-21
Chicago Blackhawks,6,Winnipeg Jets,3,,"15,004",,,2013-11-21
Tampa Bay Lightning,0,Anaheim Ducks,1,OT,"16,648",,,2013-11-22
Florida Panthers,3,Calgary Flames,4,SO,"19,289",,,2013-11-22
New York Islanders,3,Pittsburgh Penguins,4,,"18,515",,,2013-11-22
Columbus Blue Jackets,2,Vancouver Canucks,6,,"18,910",,,2013-11-22
Montreal Canadiens,3,Washington Capitals,2,,"18,506",,,2013-11-22
Carolina Hurricanes,2,Boston Bruins,3,OT,"17,565",,,2013-11-23
Ottawa Senators,4,Detroit Red Wings,2,,"20,066",,,2013-11-23
Colorado Avalanche,1,Los Angeles Kings,0,OT,"18,118",,,2013-11-23
Pittsburgh Penguins,2,Montreal Canadiens,3,,"21,273",,,2013-11-23
New York Rangers,2,Nashville Predators,0,,"17,127",,,2013-11-23
New York Islanders,2,Philadelphia Flyers,5,,"19,829",,,2013-11-23
Anaheim Ducks,4,Phoenix Coyotes,2,,"13,490",,,2013-11-23
New Jersey Devils,1,San Jose Sharks,2,,"17,562",,,2013-11-23
Dallas Stars,1,St. Louis Blues,6,,"18,037",,,2013-11-23
Washington Capitals,1,Toronto Maple Leafs,2,SO,"19,473",,,2013-11-23
Chicago Blackhawks,2,Vancouver Canucks,1,,"18,910",,,2013-11-23
Minnesota Wild,3,Winnipeg Jets,2,SO,"15,004",,,2013-11-23
Detroit Red Wings,3,Buffalo Sabres,1,,"18,721",,,2013-11-24
Ottawa Senators,1,Carolina Hurricanes,4,,"13,657",,,2013-11-24
Pittsburgh Penguins,3,Boston Bruins,4,OT,"17,565",,,2013-11-25
Chicago Blackhawks,5,Edmonton Oilers,1,,"16,839",,,2013-11-25
Philadelphia Flyers,1,Florida Panthers,3,,"14,299",,,2013-11-25
Winnipeg Jets,3,New Jersey Devils,1,,"12,253",,,2013-11-25
Phoenix Coyotes,2,Nashville Predators,4,,"15,728",,,2013-11-25
Minnesota Wild,0,St. Louis Blues,3,,"15,832",,,2013-11-25
New York Rangers,0,Tampa Bay Lightning,5,,"19,204",,,2013-11-25
Columbus Blue Jackets,6,Toronto Maple Leafs,0,,"19,241",,,2013-11-25
Los Angeles Kings,3,Vancouver Canucks,2,OT,"18,910",,,2013-11-25
Anaheim Ducks,3,Dallas Stars,6,,"15,792",,,2013-11-26
Montreal Canadiens,3,Buffalo Sabres,1,,"18,497",,,2013-11-27
Nashville Predators,4,Columbus Blue Jackets,0,,"11,893",,,2013-11-27
Chicago Blackhawks,3,Calgary Flames,2,,"19,289",,,2013-11-27
St. Louis Blues,4,Colorado Avalanche,1,,"17,595",,,2013-11-27
Boston Bruins,1,Detroit Red Wings,6,,"20,066",,,2013-11-27
New York Rangers,5,Florida Panthers,2,,"17,268",,,2013-11-27
Phoenix Coyotes,3,Minnesota Wild,1,,"18,265",,,2013-11-27
Carolina Hurricanes,4,New Jersey Devils,3,,"16,592",,,2013-11-27
Winnipeg Jets,3,New York Islanders,2,,"12,008",,,2013-11-27
Toronto Maple Leafs,5,Pittsburgh Penguins,6,SO,"18,660",,,2013-11-27
Los Angeles Kings,2,San Jose Sharks,3,SO,"17,562",,,2013-11-27
Philadelphia Flyers,2,Tampa Bay Lightning,4,,"18,427",,,2013-11-27
Ottawa Senators,6,Washington Capitals,4,,"18,506",,,2013-11-27
Edmonton Oilers,3,Nashville Predators,0,,"16,279",,,2013-11-28
Vancouver Canucks,5,Ottawa Senators,2,,"17,931",,,2013-11-28
Calgary Flames,2,Anaheim Ducks,5,,"17,174",,,2013-11-29
New York Rangers,2,Boston Bruins,3,,"17,565",,,2013-11-29
Toronto Maple Leafs,2,Buffalo Sabres,3,OT,"19,070",,,2013-11-29
New Jersey Devils,5,Carolina Hurricanes,2,,"15,034",,,2013-11-29
Edmonton Oilers,2,Columbus Blue Jackets,4,,"14,360",,,2013-11-29
Chicago Blackhawks,2,Dallas Stars,1,SO,"18,532",,,2013-11-29
Colorado Avalanche,3,Minnesota Wild,1,,"19,081",,,2013-11-29
Detroit Red Wings,5,New York Islanders,0,,"14,826",,,2013-11-29
Winnipeg Jets,1,Philadelphia Flyers,2,,"19,937",,,2013-11-29
St. Louis Blues,3,San Jose Sharks,6,,"17,562",,,2013-11-29
Pittsburgh Penguins,3,Tampa Bay Lightning,0,,"19,065",,,2013-11-29
Montreal Canadiens,2,Washington Capitals,3,SO,"18,506",,,2013-11-29
Columbus Blue Jackets,1,Boston Bruins,3,,"17,565",,,2013-11-30
Minnesota Wild,2,Colorado Avalanche,3,SO,"17,857",,,2013-11-30
Pittsburgh Penguins,5,Florida Panthers,1,,"17,583",,,2013-11-30
Calgary Flames,2,Los Angeles Kings,1,,"18,118",,,2013-11-30
Toronto Maple Leafs,2,Montreal Canadiens,4,,"21,273",,,2013-11-30
Buffalo Sabres,0,New Jersey Devils,1,OT,"15,226",,,2013-11-30
Philadelphia Flyers,3,Nashville Predators,2,SO,"17,136",,,2013-11-30
Washington Capitals,3,New York Islanders,2,OT,"14,819",,,2013-11-30
Vancouver Canucks,2,New York Rangers,5,,"18,006",,,2013-11-30
Chicago Blackhawks,5,Phoenix Coyotes,2,,"17,321",,,2013-11-30
Anaheim Ducks,3,San Jose Sharks,4,SO,"17,562",,,2013-11-30
Vancouver Canucks,3,Carolina Hurricanes,2,,"14,916",,,2013-12-01
Edmonton Oilers,3,Dallas Stars,2,SO,"12,673",,,2013-12-01
Detroit Red Wings,4,Ottawa Senators,2,,"20,011",,,2013-12-01
St. Louis Blues,2,Los Angeles Kings,3,,"18,118",,,2013-12-02
Philadelphia Flyers,0,Minnesota Wild,2,,"17,676",,,2013-12-02
New Jersey Devils,2,Montreal Canadiens,3,,"21,273",,,2013-12-02
Winnipeg Jets,5,New York Rangers,2,,"18,006",,,2013-12-02
Los Angeles Kings,3,Anaheim Ducks,2,SO,"17,294",,,2013-12-03
Tampa Bay Lightning,0,Columbus Blue Jackets,1,,"10,223",,,2013-12-03
Dallas Stars,4,Chicago Blackhawks,3,,"21,411",,,2013-12-03
Phoenix Coyotes,6,Edmonton Oilers,2,,"16,839",,,2013-12-03
Ottawa Senators,4,Florida Panthers,2,,"10,074",,,2013-12-03
Vancouver Canucks,3,Nashville Predators,1,,"15,330",,,2013-12-03
Pittsburgh Penguins,3,New York Islanders,2,OT,"13,915",,,2013-12-03
San Jose Sharks,4,Toronto Maple Leafs,2,,"19,360",,,2013-12-03
Carolina Hurricanes,4,Washington Capitals,1,,"18,506",,,2013-12-03
Phoenix Coyotes,1,Calgary Flames,4,,"19,289",,,2013-12-04
Philadelphia Flyers,6,Detroit Red Wings,3,,"20,066",,,2013-12-04
Montreal Canadiens,4,New Jersey Devils,3,SO,"12,742",,,2013-12-04
New York Rangers,3,Buffalo Sabres,1,,"18,088",,,2013-12-05
Colorado Avalanche,2,Edmonton Oilers,8,,"16,839",,,2013-12-05
Winnipeg Jets,2,Florida Panthers,5,,"10,966",,,2013-12-05
Chicago Blackhawks,3,Minnesota Wild,4,,"18,852",,,2013-12-05
Boston Bruins,1,Montreal Canadiens,2,,"21,273",,,2013-12-05
Carolina Hurricanes,5,Nashville Predators,2,,"15,768",,,2013-12-05
San Jose Sharks,1,Pittsburgh Penguins,5,,"18,522",,,2013-12-05
New York Islanders,1,St. Louis Blues,5,,"14,152",,,2013-12-05
Ottawa Senators,1,Tampa Bay Lightning,3,,"16,562",,,2013-12-05
Dallas Stars,2,Toronto Maple Leafs,3,OT,"19,164",,,2013-12-05
San Jose Sharks,3,Carolina Hurricanes,5,,"14,553",,,2013-12-06
Minnesota Wild,0,Columbus Blue Jackets,4,,"11,319",,,2013-12-06
Colorado Avalanche,3,Calgary Flames,2,,"19,289",,,2013-12-06
Anaheim Ducks,3,Chicago Blackhawks,2,SO,"21,586",,,2013-12-06
Detroit Red Wings,3,New Jersey Devils,1,,"13,223",,,2013-12-06
Phoenix Coyotes,2,Vancouver Canucks,3,OT,"18,910",,,2013-12-06
Pittsburgh Penguins,2,Boston Bruins,3,,"17,565",,,2013-12-07
Philadelphia Flyers,1,Dallas Stars,5,,"8,567",,,2013-12-07
Florida Panthers,2,Detroit Red Wings,1,,"20,066",,,2013-12-07
Calgary Flames,2,Edmonton Oilers,1,OT,"16,839",,,2013-12-07
New York Islanders,0,Los Angeles Kings,3,,"18,118",,,2013-12-07
Buffalo Sabres,2,Montreal Canadiens,3,,"21,273",,,2013-12-07
New Jersey Devils,4,New York Rangers,3,OT,"18,006",,,2013-12-07
Toronto Maple Leafs,4,Ottawa Senators,3,SO,"19,559",,,2013-12-07
Anaheim Ducks,5,St. Louis Blues,2,,"17,646",,,2013-12-07
Winnipeg Jets,2,Tampa Bay Lightning,1,OT,"18,354",,,2013-12-07
Nashville Predators,2,Washington Capitals,5,,"18,506",,,2013-12-07
Florida Panthers,2,Chicago Blackhawks,6,,"21,119",,,2013-12-08
San Jose Sharks,1,Minnesota Wild,3,,"18,411",,,2013-12-08
Washington Capitals,4,New York Rangers,1,,"18,006",,,2013-12-08
Boston Bruins,5,Toronto Maple Leafs,2,,"19,165",,,2013-12-08
Colorado Avalanche,1,Vancouver Canucks,3,,"18,910",,,2013-12-08
New York Islanders,2,Anaheim Ducks,5,,"14,830",,,2013-12-09
Philadelphia Flyers,4,Ottawa Senators,5,SO,"15,786",,,2013-12-09
Columbus Blue Jackets,1,Pittsburgh Penguins,2,,"18,520",,,2013-12-09
Carolina Hurricanes,0,Vancouver Canucks,2,,"18,910",,,2013-12-09
Ottawa Senators,1,Buffalo Sabres,2,SO,"18,594",,,2013-12-10
New Jersey Devils,4,Columbus Blue Jackets,5,,"11,905",,,2013-12-10
Boston Bruins,2,Calgary Flames,1,,"19,289",,,2013-12-10
Phoenix Coyotes,3,Colorado Avalanche,1,,"14,110",,,2013-12-10
Chicago Blackhawks,6,Dallas Stars,2,,"12,542",,,2013-12-10
Carolina Hurricanes,4,Edmonton Oilers,5,OT,"16,839",,,2013-12-10
Detroit Red Wings,2,Florida Panthers,3,SO,"13,358",,,2013-12-10
Los Angeles Kings,6,Montreal Canadiens,0,,"21,273",,,2013-12-10
Nashville Predators,4,New York Rangers,1,,"18,006",,,2013-12-10
New York Islanders,3,San Jose Sharks,2,SO,"17,562",,,2013-12-10
St. Louis Blues,2,Winnipeg Jets,1,,"15,004",,,2013-12-10
Tampa Bay Lightning,5,Washington Capitals,6,SO,"18,506",,,2013-12-10
Minnesota Wild,1,Anaheim Ducks,2,,"15,252",,,2013-12-11
Philadelphia Flyers,2,Chicago Blackhawks,7,,"21,144",,,2013-12-11
Los Angeles Kings,3,Toronto Maple Leafs,1,,"19,375",,,2013-12-11
Carolina Hurricanes,1,Calgary Flames,2,OT,"19,289",,,2013-12-12
Boston Bruins,4,Edmonton Oilers,2,,"16,839",,,2013-12-12
Dallas Stars,1,Nashville Predators,3,,"16,347",,,2013-12-12
Columbus Blue Jackets,4,New York Rangers,2,,"18,006",,,2013-12-12
Buffalo Sabres,1,Ottawa Senators,2,,"15,578",,,2013-12-12
Montreal Canadiens,1,Philadelphia Flyers,2,,"19,748",,,2013-12-12
New York Islanders,3,Phoenix Coyotes,6,,"10,996",,,2013-12-12
Minnesota Wild,1,San Jose Sharks,3,,"17,562",,,2013-12-12
Toronto Maple Leafs,3,St. Louis Blues,6,,"16,073",,,2013-12-12
Detroit Red Wings,1,Tampa Bay Lightning,2,SO,"19,204",,,2013-12-12
Colorado Avalanche,4,Winnipeg Jets,3,SO,"15,004",,,2013-12-12
Washington Capitals,2,Florida Panthers,3,SO,"15,097",,,2013-12-13
New Jersey Devils,2,Pittsburgh Penguins,3,,"18,582",,,2013-12-13
Edmonton Oilers,0,Vancouver Canucks,4,,"18,910",,,2013-12-13
Calgary Flames,2,Buffalo Sabres,1,OT,"18,368",,,2013-12-14
St. Louis Blues,4,Columbus Blue Jackets,3,OT,"13,801",,,2013-12-14
Minnesota Wild,2,Colorado Avalanche,1,SO,"16,188",,,2013-12-14
Pittsburgh Penguins,4,Detroit Red Wings,1,,"20,066",,,2013-12-14
Tampa Bay Lightning,0,New Jersey Devils,3,,"13,832",,,2013-12-14
San Jose Sharks,2,Nashville Predators,3,,"16,243",,,2013-12-14
Montreal Canadiens,1,New York Islanders,0,OT,"14,408",,,2013-12-14
Los Angeles Kings,5,Ottawa Senators,2,,"17,140",,,2013-12-14
Carolina Hurricanes,3,Phoenix Coyotes,1,,"11,697",,,2013-12-14
Chicago Blackhawks,3,Toronto Maple Leafs,7,,"19,603",,,2013-12-14
Boston Bruins,2,Vancouver Canucks,6,,"18,910",,,2013-12-14
Dallas Stars,6,Winnipeg Jets,4,,"15,004",,,2013-12-14
Edmonton Oilers,2,Anaheim Ducks,3,,"16,301",,,2013-12-15
Los Angeles Kings,1,Chicago Blackhawks,3,,"21,426",,,2013-12-15
Tampa Bay Lightning,3,Detroit Red Wings,0,,"20,066",,,2013-12-15
Florida Panthers,2,Montreal Canadiens,1,,"21,273",,,2013-12-15
Calgary Flames,3,New York Rangers,4,SO,"18,006",,,2013-12-15
Philadelphia Flyers,4,Washington Capitals,5,SO,"18,506",,,2013-12-15
Winnipeg Jets,3,Columbus Blue Jackets,2,,"11,448",,,2013-12-16
Dallas Stars,2,Colorado Avalanche,6,,"13,915",,,2013-12-16
St. Louis Blues,2,Ottawa Senators,3,OT,"16,008",,,2013-12-16
Toronto Maple Leafs,1,Pittsburgh Penguins,3,,"18,573",,,2013-12-16
Calgary Flames,0,Boston Bruins,2,,"17,565",,,2013-12-17
Winnipeg Jets,2,Buffalo Sabres,4,,"17,795",,,2013-12-17
Colorado Avalanche,2,Dallas Stars,3,,"15,143",,,2013-12-17
Anaheim Ducks,5,Detroit Red Wings,2,,"20,066",,,2013-12-17
Edmonton Oilers,0,Los Angeles Kings,3,,"18,118",,,2013-12-17
Vancouver Canucks,2,Minnesota Wild,3,SO,"18,531",,,2013-12-17
Phoenix Coyotes,1,Montreal Canadiens,3,,"21,273",,,2013-12-17
Chicago Blackhawks,3,Nashville Predators,1,,"16,219",,,2013-12-17
Tampa Bay Lightning,3,New York Islanders,2,SO,"13,618",,,2013-12-17
Washington Capitals,2,Philadelphia Flyers,5,,"19,788",,,2013-12-17
San Jose Sharks,4,St. Louis Blues,2,,"16,323",,,2013-12-17
Florida Panthers,3,Toronto Maple Leafs,1,,"19,076",,,2013-12-17
Ottawa Senators,2,New Jersey Devils,5,,"14,032",,,2013-12-18
Pittsburgh Penguins,4,New York Rangers,3,SO,"18,006",,,2013-12-18
Boston Bruins,2,Buffalo Sabres,4,,"18,217",,,2013-12-19
Edmonton Oilers,2,Colorado Avalanche,4,,"13,135",,,2013-12-19
Vancouver Canucks,1,Dallas Stars,4,,"15,644",,,2013-12-19
Calgary Flames,2,Detroit Red Wings,3,OT,"20,066",,,2013-12-19
San Jose Sharks,1,Los Angeles Kings,4,,"18,118",,,2013-12-19
Florida Panthers,4,Ottawa Senators,2,,"15,927",,,2013-12-19
Columbus Blue Jackets,4,Philadelphia Flyers,5,,"19,852",,,2013-12-19
Minnesota Wild,2,Pittsburgh Penguins,5,,"18,623",,,2013-12-19
Montreal Canadiens,1,St. Louis Blues,5,,"17,189",,,2013-12-19
Nashville Predators,2,Tampa Bay Lightning,4,,"17,254",,,2013-12-19
Phoenix Coyotes,1,Toronto Maple Leafs,2,SO,"19,254",,,2013-12-19
Washington Capitals,4,Carolina Hurricanes,2,,"17,737",,,2013-12-20
Vancouver Canucks,3,Chicago Blackhawks,2,SO,"21,966",,,2013-12-20
Anaheim Ducks,3,New Jersey Devils,2,OT,"15,723",,,2013-12-20
New York Islanders,5,New York Rangers,3,,"18,006",,,2013-12-20
Florida Panthers,2,Winnipeg Jets,5,,"15,004",,,2013-12-20
Buffalo Sabres,1,Boston Bruins,4,,"17,565",,,2013-12-21
Philadelphia Flyers,3,Columbus Blue Jackets,6,,"14,090",,,2013-12-21
St. Louis Blues,6,Edmonton Oilers,0,,"16,839",,,2013-12-21
Colorado Avalanche,2,Los Angeles Kings,3,SO,"18,118",,,2013-12-21
Montreal Canadiens,4,Nashville Predators,3,OT,"16,095",,,2013-12-21
Anaheim Ducks,5,New York Islanders,3,,"13,108",,,2013-12-21
Phoenix Coyotes,4,Ottawa Senators,3,OT,"16,716",,,2013-12-21
Calgary Flames,3,Pittsburgh Penguins,4,,"18,663",,,2013-12-21
Dallas Stars,2,San Jose Sharks,3,SO,"17,562",,,2013-12-21
Carolina Hurricanes,2,Tampa Bay Lightning,3,OT,"19,204",,,2013-12-21
Detroit Red Wings,5,Toronto Maple Leafs,4,SO,"19,508",,,2013-12-21
New Jersey Devils,5,Washington Capitals,4,OT,"18,506",,,2013-12-21
Minnesota Wild,1,New York Rangers,4,,"18,006",,,2013-12-22
Winnipeg Jets,1,Vancouver Canucks,2,,"18,910",,,2013-12-22
Phoenix Coyotes,1,Buffalo Sabres,2,OT,"18,942",,,2013-12-23
Columbus Blue Jackets,4,Carolina Hurricanes,3,,"16,601",,,2013-12-23
St. Louis Blues,3,Calgary Flames,4,SO,"19,289",,,2013-12-23
New Jersey Devils,2,Chicago Blackhawks,5,,"22,019",,,2013-12-23
New York Islanders,3,Detroit Red Wings,0,,"20,066",,,2013-12-23
Winnipeg Jets,2,Edmonton Oilers,6,,"16,839",,,2013-12-23
Tampa Bay Lightning,6,Florida Panthers,1,,"15,942",,,2013-12-23
Dallas Stars,5,Los Angeles Kings,2,,"18,274",,,2013-12-23
Boston Bruins,6,Nashville Predators,2,,"17,207",,,2013-12-23
Toronto Maple Leafs,1,New York Rangers,2,SO,"18,006",,,2013-12-23
Pittsburgh Penguins,0,Ottawa Senators,5,,"19,838",,,2013-12-23
Minnesota Wild,1,Philadelphia Flyers,4,,"19,872",,,2013-12-23
Colorado Avalanche,4,San Jose Sharks,5,SO,"17,562",,,2013-12-23
Anaheim Ducks,3,Washington Capitals,2,,"18,506",,,2013-12-23
Ottawa Senators,0,Boston Bruins,5,,"17,565",,,2013-12-27
Pittsburgh Penguins,4,Carolina Hurricanes,3,OT,"18,124",,,2013-12-27
Edmonton Oilers,2,Calgary Flames,0,,"19,289",,,2013-12-27
Colorado Avalanche,2,Chicago Blackhawks,7,,"22,201",,,2013-12-27
Nashville Predators,1,Dallas Stars,4,,"17,197",,,2013-12-27
Columbus Blue Jackets,2,New Jersey Devils,1,SO,"16,592",,,2013-12-27
San Jose Sharks,4,Phoenix Coyotes,3,SO,"17,125",,,2013-12-27
Buffalo Sabres,3,Toronto Maple Leafs,4,SO,"19,405",,,2013-12-27
Minnesota Wild,4,Winnipeg Jets,6,,"15,004",,,2013-12-27
New York Rangers,2,Washington Capitals,3,,"18,506",,,2013-12-27
Phoenix Coyotes,2,Anaheim Ducks,3,OT,"17,442",,,2013-12-28
Philadelphia Flyers,4,Edmonton Oilers,3,SO,"16,839",,,2013-12-28
Detroit Red Wings,4,Florida Panthers,3,,"18,932",,,2013-12-28
Los Angeles Kings,2,Nashville Predators,3,,"17,113",,,2013-12-28
New Jersey Devils,2,New York Islanders,1,,"16,012",,,2013-12-28
Boston Bruins,3,Ottawa Senators,4,,"20,500",,,2013-12-28
Chicago Blackhawks,5,St. Louis Blues,6,SO,"20,082",,,2013-12-28
Montreal Canadiens,2,Tampa Bay Lightning,1,SO,"19,204",,,2013-12-28
Washington Capitals,1,Buffalo Sabres,2,SO,"19,070",,,2013-12-29
Pittsburgh Penguins,5,Columbus Blue Jackets,3,,"18,871",,,2013-12-29
Vancouver Canucks,2,Calgary Flames,0,,"19,289",,,2013-12-29
Winnipeg Jets,2,Colorado Avalanche,1,OT,"17,733",,,2013-12-29
St. Louis Blues,3,Dallas Stars,2,OT,"15,678",,,2013-12-29
Montreal Canadiens,1,Florida Panthers,4,,"19,891",,,2013-12-29
New York Islanders,5,Minnesota Wild,4,,"18,851",,,2013-12-29
Anaheim Ducks,1,San Jose Sharks,3,,"17,562",,,2013-12-29
New York Rangers,4,Tampa Bay Lightning,3,,"19,204",,,2013-12-29
Carolina Hurricanes,2,Toronto Maple Leafs,5,,"19,452",,,2013-12-29
Los Angeles Kings,0,Chicago Blackhawks,1,,"22,161",,,2013-12-30
Detroit Red Wings,4,Nashville Predators,6,,"17,212",,,2013-12-30
Washington Capitals,1,Ottawa Senators,3,,"20,193",,,2013-12-30
Philadelphia Flyers,4,Vancouver Canucks,3,SO,"18,910",,,2013-12-30
San Jose Sharks,3,Anaheim Ducks,6,,"17,424",,,2013-12-31
New York Islanders,5,Boston Bruins,3,,"17,565",,,2013-12-31
Montreal Canadiens,4,Carolina Hurricanes,5,OT,"16,807",,,2013-12-31
Philadelphia Flyers,4,Calgary Flames,1,,"19,289",,,2013-12-31
Columbus Blue Jackets,3,Colorado Avalanche,5,,"16,177",,,2013-12-31
Los Angeles Kings,2,Dallas Stars,3,,"15,610",,,2013-12-31
New York Rangers,2,Florida Panthers,1,SO,"16,083",,,2013-12-31
St. Louis Blues,2,Minnesota Wild,1,,"18,919",,,2013-12-31
Pittsburgh Penguins,1,New Jersey Devils,2,,"16,592",,,2013-12-31
Edmonton Oilers,3,Phoenix Coyotes,4,OT,"17,416",,,2013-12-31
Buffalo Sabres,0,Winnipeg Jets,3,,"15,004",,,2013-12-31
Toronto Maple Leafs,3,Detroit Red Wings,2,SO,"105,491",,NHL Winter Classic,2014-01-01
Tampa Bay Lightning,4,Vancouver Canucks,2,,"18,910",,,2014-01-01
Nashville Predators,2,Boston Bruins,3,OT,"17,565",,,2014-01-02
Philadelphia Flyers,1,Colorado Avalanche,2,,"16,793",,,2014-01-02
Montreal Canadiens,6,Dallas Stars,4,,"13,007",,,2014-01-02
Buffalo Sabres,1,Minnesota Wild,4,,"18,229",,,2014-01-02
Chicago Blackhawks,2,New York Islanders,3,OT,"13,618",,,2014-01-02
Winnipeg Jets,3,Ottawa Senators,4,,"18,691",,,2014-01-02
Columbus Blue Jackets,2,Phoenix Coyotes,0,,"10,539",,,2014-01-02
Edmonton Oilers,1,San Jose Sharks,5,,"17,562",,,2014-01-02
Los Angeles Kings,0,St. Louis Blues,5,,"19,839",,,2014-01-02
Carolina Hurricanes,4,Washington Capitals,3,OT,"18,506",,,2014-01-02
Edmonton Oilers,2,Anaheim Ducks,5,,"17,174",,,2014-01-03
Tampa Bay Lightning,2,Calgary Flames,0,,"19,289",,,2014-01-03
Chicago Blackhawks,5,New Jersey Devils,3,,"16,592",,,2014-01-03
New York Rangers,2,Pittsburgh Penguins,5,,"18,668",,,2014-01-03
Winnipeg Jets,1,Boston Bruins,4,,"17,565",,,2014-01-04
New Jersey Devils,1,Buffalo Sabres,2,,"19,070",,,2014-01-04
San Jose Sharks,3,Colorado Avalanche,4,,"17,154",,,2014-01-04
Detroit Red Wings,5,Dallas Stars,1,,"17,232",,,2014-01-04
Nashville Predators,4,Florida Panthers,5,SO,"15,796",,,2014-01-04
Vancouver Canucks,1,Los Angeles Kings,3,,"18,118",,,2014-01-04
Washington Capitals,3,Minnesota Wild,5,,"19,022",,,2014-01-04
Ottawa Senators,4,Montreal Canadiens,3,OT,"21,273",,,2014-01-04
Carolina Hurricanes,3,New York Islanders,2,,"14,208",,,2014-01-04
Philadelphia Flyers,5,Phoenix Coyotes,3,,"14,875",,,2014-01-04
Columbus Blue Jackets,2,St. Louis Blues,6,,"19,611",,,2014-01-04
New York Rangers,7,Toronto Maple Leafs,1,,"19,362",,,2014-01-04
Vancouver Canucks,3,Anaheim Ducks,4,OT,"17,174",,,2014-01-05
Nashville Predators,1,Carolina Hurricanes,2,,"13,994",,,2014-01-05
San Jose Sharks,3,Chicago Blackhawks,2,SO,"21,599",,,2014-01-05
Tampa Bay Lightning,3,Edmonton Oilers,5,,"16,839",,,2014-01-05
Winnipeg Jets,5,Pittsburgh Penguins,6,,"18,652",,,2014-01-05
Calgary Flames,4,Colorado Avalanche,3,,"12,027",,,2014-01-06
Florida Panthers,1,Montreal Canadiens,2,,"21,273",,,2014-01-06
Dallas Stars,3,New York Islanders,7,,"11,111",,,2014-01-06
Columbus Blue Jackets,4,New York Rangers,3,SO,"18,006",,,2014-01-06
Boston Bruins,2,Anaheim Ducks,5,,"17,238",,,2014-01-07
Carolina Hurricanes,,Buffalo Sabres,,,,,Postponed due to blizzard until 2014-02-25,2014-01-07
St. Louis Blues,5,Edmonton Oilers,2,,"16,839",,,2014-01-07
Minnesota Wild,2,Los Angeles Kings,1,SO,"18,118",,,2014-01-07
Philadelphia Flyers,3,New Jersey Devils,2,OT,"14,521",,,2014-01-07
San Jose Sharks,2,Nashville Predators,3,,"15,016",,,2014-01-07
Calgary Flames,0,Phoenix Coyotes,6,,"10,229",,,2014-01-07
New York Islanders,5,Toronto Maple Leafs,3,,"19,164",,,2014-01-07
Pittsburgh Penguins,5,Vancouver Canucks,4,SO,"18,910",,,2014-01-07
Tampa Bay Lightning,4,Winnipeg Jets,2,,"15,004",,,2014-01-07
New York Rangers,3,Chicago Blackhawks,2,,"21,493",,,2014-01-08
Ottawa Senators,3,Colorado Avalanche,4,OT,"12,487",,,2014-01-08
Montreal Canadiens,1,Philadelphia Flyers,3,,"19,949",,,2014-01-08
Florida Panthers,2,Buffalo Sabres,1,SO,"17,872",,,2014-01-09
Toronto Maple Leafs,1,Carolina Hurricanes,6,,"16,583",,,2014-01-09
St. Louis Blues,5,Calgary Flames,0,,"19,289",,,2014-01-09
Boston Bruins,2,Los Angeles Kings,4,,"18,118",,,2014-01-09
Dallas Stars,0,New Jersey Devils,1,,"14,252",,,2014-01-09
Anaheim Ducks,4,Nashville Predators,3,,"15,892",,,2014-01-09
Minnesota Wild,4,Phoenix Coyotes,1,,"10,075",,,2014-01-09
Detroit Red Wings,1,San Jose Sharks,4,,"17,562",,,2014-01-09
Washington Capitals,4,Tampa Bay Lightning,3,,"19,204",,,2014-01-09
Carolina Hurricanes,0,Columbus Blue Jackets,3,,"16,008",,,2014-01-10
New York Islanders,2,Colorado Avalanche,1,OT,"17,430",,,2014-01-10
Pittsburgh Penguins,3,Edmonton Oilers,4,OT,"16,839",,,2014-01-10
Dallas Stars,2,New York Rangers,3,,"18,006",,,2014-01-10
St. Louis Blues,1,Vancouver Canucks,2,,"18,910",,,2014-01-10
Toronto Maple Leafs,2,Washington Capitals,3,,"18,506",,,2014-01-10
Pittsburgh Penguins,2,Calgary Flames,1,,"19,289",,,2014-01-11
Detroit Red Wings,3,Los Angeles Kings,1,,"18,262",,,2014-01-11
Colorado Avalanche,4,Minnesota Wild,2,,"19,117",,,2014-01-11
Chicago Blackhawks,1,Montreal Canadiens,2,OT,"21,273",,,2014-01-11
Florida Panthers,1,New Jersey Devils,2,OT,"16,592",,,2014-01-11
Ottawa Senators,2,Nashville Predators,1,SO,"17,113",,,2014-01-11
Tampa Bay Lightning,6,Philadelphia Flyers,3,,"19,987",,,2014-01-11
Anaheim Ducks,5,Phoenix Coyotes,3,,"13,289",,,2014-01-11
Boston Bruins,1,San Jose Sharks,0,,"17,562",,,2014-01-11
Columbus Blue Jackets,6,Winnipeg Jets,3,,"15,004",,,2014-01-11
Detroit Red Wings,0,Anaheim Ducks,1,,"17,375",,,2014-01-12
Edmonton Oilers,3,Chicago Blackhawks,5,,"21,424",,,2014-01-12
New York Islanders,4,Dallas Stars,2,,"13,765",,,2014-01-12
Minnesota Wild,4,Nashville Predators,0,,"16,221",,,2014-01-12
Philadelphia Flyers,1,New York Rangers,4,,"18,006",,,2014-01-12
New Jersey Devils,2,Toronto Maple Leafs,3,SO,"19,175",,,2014-01-12
Buffalo Sabres,2,Washington Capitals,1,SO,"18,506",,,2014-01-12
Calgary Flames,2,Carolina Hurricanes,0,,"15,276",,,2014-01-13
Tampa Bay Lightning,2,Columbus Blue Jackets,3,,"14,070",,,2014-01-13
Vancouver Canucks,0,Los Angeles Kings,1,,"18,118",,,2014-01-13
Phoenix Coyotes,1,Winnipeg Jets,5,,"15,004",,,2014-01-13
Toronto Maple Leafs,4,Boston Bruins,3,,"17,565",,,2014-01-14
Philadelphia Flyers,4,Buffalo Sabres,3,,"18,667",,,2014-01-14
Colorado Avalanche,3,Chicago Blackhawks,2,OT,"21,412",,,2014-01-14
Edmonton Oilers,2,Dallas Stars,5,,"12,823",,,2014-01-14
New York Islanders,2,Florida Panthers,4,,"13,730",,,2014-01-14
Ottawa Senators,3,Minnesota Wild,0,,"18,117",,,2014-01-14
New Jersey Devils,4,Montreal Canadiens,1,,"21,273",,,2014-01-14
Calgary Flames,2,Nashville Predators,4,,"15,730",,,2014-01-14
Tampa Bay Lightning,2,New York Rangers,1,,"18,006",,,2014-01-14
Phoenix Coyotes,1,St. Louis Blues,2,,"16,571",,,2014-01-14
San Jose Sharks,2,Washington Capitals,1,SO,"18,506",,,2014-01-14
Vancouver Canucks,1,Anaheim Ducks,9,,"17,145",,,2014-01-15
Washington Capitals,3,Pittsburgh Penguins,4,,"18,667",,,2014-01-15
Buffalo Sabres,3,Toronto Maple Leafs,4,SO,"19,372",,,2014-01-15
Winnipeg Jets,5,Calgary Flames,2,,"19,289",,,2014-01-16
New Jersey Devils,1,Colorado Avalanche,2,SO,"14,090",,,2014-01-16
Boston Bruins,4,Dallas Stars,2,,"16,890",,,2014-01-16
San Jose Sharks,3,Florida Panthers,0,,"13,149",,,2014-01-16
Edmonton Oilers,1,Minnesota Wild,4,,"18,037",,,2014-01-16
Detroit Red Wings,0,New York Rangers,1,,"18,006",,,2014-01-16
Montreal Canadiens,5,Ottawa Senators,4,OT,"19,217",,,2014-01-16
Nashville Predators,4,Philadelphia Flyers,3,SO,"19,917",,,2014-01-16
Vancouver Canucks,0,Phoenix Coyotes,1,,"12,307",,,2014-01-16
Los Angeles Kings,4,St. Louis Blues,1,,"19,374",,,2014-01-16
New York Islanders,2,Tampa Bay Lightning,1,SO,"18,333",,,2014-01-16
Washington Capitals,1,Columbus Blue Jackets,5,,"14,121",,,2014-01-17
Anaheim Ducks,2,Chicago Blackhawks,4,,"22,064",,,2014-01-17
Columbus Blue Jackets,4,Buffalo Sabres,3,SO,"19,070",,,2014-01-18
Florida Panthers,2,Carolina Hurricanes,3,,"15,476",,,2014-01-18
Los Angeles Kings,2,Detroit Red Wings,3,SO,"20,066",,,2014-01-18
Dallas Stars,2,Minnesota Wild,3,OT,"19,192",,,2014-01-18
Colorado Avalanche,5,Nashville Predators,4,,"17,113",,,2014-01-18
New York Rangers,4,Ottawa Senators,1,,"19,978",,,2014-01-18
New York Islanders,4,Philadelphia Flyers,6,,"19,992",,,2014-01-18
New Jersey Devils,2,Phoenix Coyotes,3,,"14,005",,,2014-01-18
Anaheim Ducks,3,St. Louis Blues,2,,"19,910",,,2014-01-18
San Jose Sharks,5,Tampa Bay Lightning,4,,"19,204",,,2014-01-18
Montreal Canadiens,3,Toronto Maple Leafs,5,,"19,667",,,2014-01-18
Calgary Flames,2,Vancouver Canucks,3,SO,"18,910",,,2014-01-18
Edmonton Oilers,2,Winnipeg Jets,3,OT,"15,004",,,2014-01-18
Tampa Bay Lightning,5,Carolina Hurricanes,3,,"16,760",,,2014-01-19
Boston Bruins,2,Chicago Blackhawks,3,SO,"22,197",,,2014-01-19
Washington Capitals,1,New York Rangers,4,,"18,006",,,2014-01-19
Los Angeles Kings,2,Boston Bruins,3,,"17,565",,,2014-01-20
St. Louis Blues,4,Detroit Red Wings,1,,"20,066",,,2014-01-20
Dallas Stars,1,Nashville Predators,4,,"16,190",,,2014-01-20
Philadelphia Flyers,3,New York Islanders,4,SO,"16,048",,,2014-01-20
Toronto Maple Leafs,4,Phoenix Coyotes,2,,"14,476",,,2014-01-20
Florida Panthers,5,Pittsburgh Penguins,1,,"18,660",,,2014-01-20
Calgary Flames,2,San Jose Sharks,3,,"17,562",,,2014-01-20
Winnipeg Jets,3,Anaheim Ducks,2,,"15,046",,,2014-01-21
Florida Panthers,4,Buffalo Sabres,3,,"17,583",,,2014-01-21
Los Angeles Kings,3,Columbus Blue Jackets,5,,"13,286",,,2014-01-21
Toronto Maple Leafs,5,Colorado Avalanche,2,,"14,877",,,2014-01-21
Minnesota Wild,0,Dallas Stars,4,,"11,191",,,2014-01-21
Vancouver Canucks,2,Edmonton Oilers,1,,"16,839",,,2014-01-21
St. Louis Blues,1,New Jersey Devils,7,,"11,432",,,2014-01-21
New York Islanders,5,New York Rangers,3,,"18,006",,,2014-01-21
Carolina Hurricanes,,Philadelphia Flyers,,,,,Postponed due to snowstorm until 2014-01-22,2014-01-21
Ottawa Senators,2,Washington Capitals,0,,"18,506",,,2014-01-21
Phoenix Coyotes,2,Calgary Flames,3,,"19,289",,,2014-01-22
Chicago Blackhawks,4,Detroit Red Wings,5,SO,"20,066",,,2014-01-22
Carolina Hurricanes,3,Philadelphia Flyers,2,,"19,592",,Make-up game for snowstorm 2014-01-21,2014-01-22
Montreal Canadiens,1,Pittsburgh Penguins,5,,"18,617",,,2014-01-22
Los Angeles Kings,1,Anaheim Ducks,2,,"17,503",,,2014-01-23
Carolina Hurricanes,5,Buffalo Sabres,3,,"18,468",,,2014-01-23
Philadelphia Flyers,2,Columbus Blue Jackets,5,,"15,571",,,2014-01-23
Toronto Maple Leafs,1,Dallas Stars,7,,"13,678",,,2014-01-23
Chicago Blackhawks,1,Minnesota Wild,2,,"19,226",,,2014-01-23
Pittsburgh Penguins,6,New York Islanders,4,,"15,012",,,2014-01-23
St. Louis Blues,2,New York Rangers,1,,"18,006",,,2014-01-23
Winnipeg Jets,0,San Jose Sharks,1,,"17,562",,,2014-01-23
Ottawa Senators,3,Tampa Bay Lightning,4,SO,"18,751",,,2014-01-23
Nashville Predators,2,Vancouver Canucks,1,,"18,910",,,2014-01-23
Ottawa Senators,,Carolina Hurricanes,,,,,Rescheduled to 2014-01-25 due to rescheduled 2014-01-22 game,2014-01-24
Nashville Predators,4,Calgary Flames,5,SO,"19,289",,,2014-01-24
Montreal Canadiens,1,Detroit Red Wings,4,,"20,066",,,2014-01-24
Phoenix Coyotes,4,Edmonton Oilers,3,,"16,839",,,2014-01-24
Colorado Avalanche,3,Florida Panthers,2,,"17,274",,,2014-01-24
Washington Capitals,1,New Jersey Devils,2,,"15,742",,,2014-01-24
Ottawa Senators,3,Carolina Hurricanes,6,,"11,458",,Make-up game for postponed 2014-01-24 game,2014-01-25
Buffalo Sabres,5,Columbus Blue Jackets,2,,"16,272",,,2014-01-25
Pittsburgh Penguins,0,Dallas Stars,3,,"18,532",,,2014-01-25
Anaheim Ducks,3,Los Angeles Kings,0,,"54,099",,NHL Stadium Series,2014-01-25
Washington Capitals,5,Montreal Canadiens,0,,"21,273",,,2014-01-25
St. Louis Blues,4,New York Islanders,3,SO,"15,888",,,2014-01-25
Boston Bruins,6,Philadelphia Flyers,1,,"19,938",,,2014-01-25
Minnesota Wild,2,San Jose Sharks,3,OT,"17,562",,,2014-01-25
Colorado Avalanche,2,Tampa Bay Lightning,5,,"19,204",,,2014-01-25
Toronto Maple Leafs,4,Winnipeg Jets,5,OT,"15,004",,,2014-01-25
Winnipeg Jets,3,Chicago Blackhawks,1,,"21,841",,,2014-01-26
Florida Panthers,5,Detroit Red Wings,4,SO,"20,066",,,2014-01-26
Nashville Predators,1,Edmonton Oilers,5,,"16,839",,,2014-01-26
New York Rangers,7,New Jersey Devils,3,,"50,105",,NHL Stadium Series,2014-01-26
Phoenix Coyotes,4,Vancouver Canucks,5,OT,"18,910",,,2014-01-26
Columbus Blue Jackets,2,Carolina Hurricanes,3,,"13,641",,,2014-01-27
Colorado Avalanche,4,Dallas Stars,3,,"11,678",,,2014-01-27
Boston Bruins,6,New York Islanders,3,,"13,819",,,2014-01-27
Buffalo Sabres,0,Pittsburgh Penguins,3,,"18,563",,,2014-01-27
Los Angeles Kings,1,San Jose Sharks,0,,"17,562",,,2014-01-27
Edmonton Oilers,4,Vancouver Canucks,2,,"18,910",,,2014-01-27
Minnesota Wild,4,Anaheim Ducks,2,,"15,020",,,2014-01-28
Florida Panthers,2,Boston Bruins,6,,"17,565",,,2014-01-28
Washington Capitals,5,Buffalo Sabres,4,OT,"18,923",,,2014-01-28
Ottawa Senators,3,Columbus Blue Jackets,2,,"13,373",,,2014-01-28
Chicago Blackhawks,4,Calgary Flames,5,OT,"19,289",,,2014-01-28
Carolina Hurricanes,0,Montreal Canadiens,3,,"21,273",,,2014-01-28
Detroit Red Wings,0,Philadelphia Flyers,5,,"19,987",,,2014-01-28
Los Angeles Kings,0,Phoenix Coyotes,3,,"13,681",,,2014-01-28
New Jersey Devils,0,St. Louis Blues,3,,"16,099",,,2014-01-28
Tampa Bay Lightning,2,Toronto Maple Leafs,3,,"19,475",,,2014-01-28
Nashville Predators,4,Winnipeg Jets,3,,"15,004",,,2014-01-28
San Jose Sharks,0,Edmonton Oilers,3,,"16,839",,,2014-01-29
New York Rangers,2,New York Islanders,1,,"50,027",,NHL Stadium Series,2014-01-29
Chicago Blackhawks,5,Vancouver Canucks,2,,"18,910",,,2014-01-29
Philadelphia Flyers,3,Anaheim Ducks,5,,"16,007",,,2014-01-30
Montreal Canadiens,4,Boston Bruins,1,,"17,565",,,2014-01-30
Washington Capitals,2,Columbus Blue Jackets,5,,"16,047",,,2014-01-30
San Jose Sharks,1,Calgary Flames,4,,"19,289",,,2014-01-30
Minnesota Wild,4,Colorado Avalanche,5,,"14,697",,,2014-01-30
New Jersey Devils,3,Dallas Stars,2,OT,"14,237",,,2014-01-30
Pittsburgh Penguins,4,Los Angeles Kings,1,,"18,118",,,2014-01-30
Tampa Bay Lightning,3,Ottawa Senators,5,,"19,757",,,2014-01-30
Buffalo Sabres,3,Phoenix Coyotes,2,,"13,000",,,2014-01-30
Florida Panthers,3,Toronto Maple Leafs,6,,"19,448",,,2014-01-30
St. Louis Blues,1,Carolina Hurricanes,3,,"16,035",,,2014-01-31
Washington Capitals,3,Detroit Red Wings,4,SO,"20,066",,,2014-01-31
New Jersey Devils,2,Nashville Predators,3,OT,"17,207",,,2014-01-31
New York Islanders,1,New York Rangers,4,,"18,006",,,2014-01-31
Vancouver Canucks,3,Winnipeg Jets,4,,"15,004",,,2014-01-31
Dallas Stars,2,Anaheim Ducks,0,,"17,174",,,2014-02-01
Edmonton Oilers,0,Boston Bruins,4,,"17,565",,,2014-02-01
Florida Panthers,1,Columbus Blue Jackets,4,,"16,762",,,2014-02-01
Minnesota Wild,3,Calgary Flames,4,OT,"19,289",,,2014-02-01
Buffalo Sabres,1,Colorado Avalanche,7,,"16,649",,,2014-02-01
Philadelphia Flyers,2,Los Angeles Kings,0,,"18,118",,,2014-02-01
Tampa Bay Lightning,2,Montreal Canadiens,1,OT,"21,273",,,2014-02-01
Pittsburgh Penguins,1,Phoenix Coyotes,3,,"17,362",,,2014-02-01
Chicago Blackhawks,1,San Jose Sharks,2,SO,"17,562",,,2014-02-01
Nashville Predators,3,St. Louis Blues,4,SO,"19,358",,,2014-02-01
Ottawa Senators,3,Toronto Maple Leafs,6,,"19,613",,,2014-02-01
Winnipeg Jets,2,Montreal Canadiens,1,,"21,273",,,2014-02-02
Detroit Red Wings,5,Washington Capitals,6,OT,"18,506",,,2014-02-02
Columbus Blue Jackets,4,Anaheim Ducks,2,,"14,044",,,2014-02-03
Edmonton Oilers,3,Buffalo Sabres,2,,"18,531",,,2014-02-03
Vancouver Canucks,0,Detroit Red Wings,2,,"20,066",,,2014-02-03
Chicago Blackhawks,5,Los Angeles Kings,3,,"18,118",,,2014-02-03
Colorado Avalanche,2,New Jersey Devils,1,OT,"14,213",,,2014-02-03
Ottawa Senators,1,Pittsburgh Penguins,2,OT,"18,579",,,2014-02-03
Philadelphia Flyers,5,San Jose Sharks,2,,"17,562",,,2014-02-03
Vancouver Canucks,1,Boston Bruins,3,,"17,565",,,2014-02-04
Winnipeg Jets,2,Carolina Hurricanes,1,,"14,033",,,2014-02-04
Toronto Maple Leafs,1,Florida Panthers,4,,"15,583",,,2014-02-04
Tampa Bay Lightning,1,Minnesota Wild,2,,"18,454",,,2014-02-04
Calgary Flames,0,Montreal Canadiens,2,,"21,273",,,2014-02-04
Colorado Avalanche,1,New York Rangers,5,,"18,006",,,2014-02-04
Dallas Stars,3,Phoenix Coyotes,1,,"12,257",,,2014-02-04
Ottawa Senators,5,St. Louis Blues,4,SO,"14,758",,,2014-02-04
New York Islanders,1,Washington Capitals,0,,"18,506",,,2014-02-04
Chicago Blackhawks,2,Anaheim Ducks,0,,"17,446",,,2014-02-05
Pittsburgh Penguins,5,Buffalo Sabres,1,,"18,408",,,2014-02-05
Dallas Stars,1,San Jose Sharks,2,OT,"17,562",,,2014-02-05
Detroit Red Wings,3,Florida Panthers,1,,"15,623",,,2014-02-06
Columbus Blue Jackets,1,Los Angeles Kings,2,OT,"18,118",,,2014-02-06
Nashville Predators,2,Minnesota Wild,3,OT,"18,766",,,2014-02-06
Vancouver Canucks,2,Montreal Canadiens,5,,"21,273",,,2014-02-06
Calgary Flames,4,New York Islanders,2,,"12,888",,,2014-02-06
Edmonton Oilers,2,New York Rangers,1,,"18,006",,,2014-02-06
Buffalo Sabres,2,Ottawa Senators,3,,"18,426",,,2014-02-06
Colorado Avalanche,1,Philadelphia Flyers,3,,"19,982",,,2014-02-06
Boston Bruins,2,St. Louis Blues,3,OT,"19,671",,,2014-02-06
Toronto Maple Leafs,4,Tampa Bay Lightning,1,,"19,204",,,2014-02-06
Winnipeg Jets,2,Washington Capitals,4,,"18,506",,,2014-02-06
Florida Panthers,1,Carolina Hurricanes,5,,"16,132",,,2014-02-07
Edmonton Oilers,1,New Jersey Devils,2,OT,"16,592",,,2014-02-07
Chicago Blackhawks,0,Phoenix Coyotes,2,,"17,525",,,2014-02-07
New York Rangers,4,Pittsburgh Penguins,3,SO,"18,661",,,2014-02-07
Columbus Blue Jackets,2,San Jose Sharks,3,,"17,562",,,2014-02-07
Ottawa Senators,2,Boston Bruins,7,,"17,565",,,2014-02-08
Montreal Canadiens,4,Carolina Hurricanes,1,,"18,680",,,2014-02-08
Phoenix Coyotes,1,Dallas Stars,2,,"18,532",,,2014-02-08
Anaheim Ducks,5,Nashville Predators,2,,"17,139",,,2014-02-08
Colorado Avalanche,5,New York Islanders,2,,"15,360",,,2014-02-08
Calgary Flames,1,Philadelphia Flyers,2,,"19,874",,,2014-02-08
Winnipeg Jets,3,St. Louis Blues,4,SO,"19,052",,,2014-02-08
Detroit Red Wings,2,Tampa Bay Lightning,4,,"19,204",,,2014-02-08
Vancouver Canucks,1,Toronto Maple Leafs,3,,"19,662",,,2014-02-08
New Jersey Devils,0,Washington Capitals,3,,"18,506",,,2014-02-08
Carolina Hurricanes,2,Buffalo Sabres,3,,"18,719",,Make-up game for blizzard on 2014-01-07,2014-02-25
Boston Bruins,4,Buffalo Sabres,5,OT,"19,070",,,2014-02-26
Los Angeles Kings,6,Colorado Avalanche,4,,"16,754",,,2014-02-26
Detroit Red Wings,2,Montreal Canadiens,1,OT,"21,273",,,2014-02-26
St. Louis Blues,0,Vancouver Canucks,1,,"18,910",,,2014-02-26
Los Angeles Kings,2,Calgary Flames,0,,"19,289",,,2014-02-27
Carolina Hurricanes,1,Dallas Stars,4,,"16,122",,,2014-02-27
Minnesota Wild,3,Edmonton Oilers,0,,"16,839",,,2014-02-27
Washington Capitals,5,Florida Panthers,4,,"14,180",,,2014-02-27
Columbus Blue Jackets,2,New Jersey Devils,5,,"15,185",,,2014-02-27
Tampa Bay Lightning,2,Nashville Predators,3,,"17,113",,,2014-02-27
Toronto Maple Leafs,4,New York Islanders,5,OT,"13,922",,,2014-02-27
Chicago Blackhawks,1,New York Rangers,2,,"18,006",,,2014-02-27
Detroit Red Wings,6,Ottawa Senators,1,,"18,931",,,2014-02-27
San Jose Sharks,7,Philadelphia Flyers,3,,"19,879",,,2014-02-27
Montreal Canadiens,6,Pittsburgh Penguins,5,SO,"18,636",,,2014-02-27
Phoenix Coyotes,2,Winnipeg Jets,3,SO,"15,004",,,2014-02-27
St. Louis Blues,0,Anaheim Ducks,1,,"17,369",,,2014-02-28
San Jose Sharks,2,Buffalo Sabres,4,,"19,070",,,2014-02-28
Phoenix Coyotes,2,Colorado Avalanche,4,,"17,649",,,2014-02-28
Minnesota Wild,2,Vancouver Canucks,1,SO,"18,910",,,2014-02-28
Washington Capitals,4,Boston Bruins,2,,"17,565",,,2014-03-01
Florida Panthers,3,Columbus Blue Jackets,6,,"15,441",,,2014-03-01
Pittsburgh Penguins,1,Chicago Blackhawks,5,,"62,921",,NHL Stadium Series,2014-03-01
Tampa Bay Lightning,4,Dallas Stars,2,,"15,897",,,2014-03-01
Calgary Flames,2,Edmonton Oilers,1,OT,"16,839",,,2014-03-01
Carolina Hurricanes,1,Los Angeles Kings,3,,"18,118",,,2014-03-01
Toronto Maple Leafs,3,Montreal Canadiens,4,OT,"21,273",,,2014-03-01
Winnipeg Jets,3,Nashville Predators,1,,"17,113",,,2014-03-01
New Jersey Devils,6,New York Islanders,1,,"15,512",,,2014-03-01
New York Rangers,2,Philadelphia Flyers,4,,"19,988",,,2014-03-01
Carolina Hurricanes,3,Anaheim Ducks,5,,"17,174",,,2014-03-02
Tampa Bay Lightning,3,Colorado Avalanche,6,,"15,592",,,2014-03-02
San Jose Sharks,4,New Jersey Devils,2,,"16,012",,,2014-03-02
Florida Panthers,5,New York Islanders,3,,"13,008",,,2014-03-02
Boston Bruins,6,New York Rangers,3,,"18,006",,,2014-03-02
St. Louis Blues,4,Phoenix Coyotes,2,,"13,955",,,2014-03-02
Ottawa Senators,4,Vancouver Canucks,2,,"54,194",,NHL Heritage Classic,2014-03-02
Philadelphia Flyers,5,Washington Capitals,4,OT,"18,506",,,2014-03-02
Buffalo Sabres,2,Dallas Stars,3,,"14,235",,,2014-03-03
Montreal Canadiens,1,Los Angeles Kings,2,,"18,118",,,2014-03-03
Calgary Flames,2,Minnesota Wild,3,,"18,543",,,2014-03-03
Columbus Blue Jackets,2,Toronto Maple Leafs,1,,"19,577",,,2014-03-03
Florida Panthers,1,Boston Bruins,4,,"17,565",,,2014-03-04
Dallas Stars,2,Columbus Blue Jackets,4,,"15,661",,,2014-03-04
Colorado Avalanche,4,Chicago Blackhawks,2,,"21,361",,,2014-03-04
Ottawa Senators,2,Edmonton Oilers,3,,"16,839",,,2014-03-04
Detroit Red Wings,3,New Jersey Devils,4,,"16,592",,,2014-03-04
Pittsburgh Penguins,3,Nashville Predators,1,,"17,113",,,2014-03-04
Vancouver Canucks,0,Phoenix Coyotes,1,,"13,449",,,2014-03-04
Carolina Hurricanes,3,San Jose Sharks,2,OT,"17,562",,,2014-03-04
Tampa Bay Lightning,2,St. Louis Blues,4,,"18,602",,,2014-03-04
New York Islanders,3,Winnipeg Jets,2,OT,"15,004",,,2014-03-04
Montreal Canadiens,4,Anaheim Ducks,3,SO,"17,174",,,2014-03-05
Ottawa Senators,1,Calgary Flames,4,,"19,289",,,2014-03-05
Toronto Maple Leafs,3,New York Rangers,2,OT,"18,006",,,2014-03-05
Washington Capitals,4,Philadelphia Flyers,6,,"19,919",,,2014-03-05
Washington Capitals,0,Boston Bruins,3,,"17,565",,,2014-03-06
Columbus Blue Jackets,1,Chicago Blackhawks,6,,"21,179",,,2014-03-06
Vancouver Canucks,1,Dallas Stars,6,,"14,634",,,2014-03-06
Colorado Avalanche,3,Detroit Red Wings,2,OT,"20,066",,,2014-03-06
New York Islanders,2,Edmonton Oilers,3,OT,"16,839",,,2014-03-06
St. Louis Blues,2,Nashville Predators,1,,"16,180",,,2014-03-06
Montreal Canadiens,2,Phoenix Coyotes,5,,"15,282",,,2014-03-06
Pittsburgh Penguins,3,San Jose Sharks,5,,"17,562",,,2014-03-06
Buffalo Sabres,3,Tampa Bay Lightning,1,,"19,204",,,2014-03-06
Los Angeles Kings,3,Winnipeg Jets,1,,"15,004",,,2014-03-06
Pittsburgh Penguins,3,Anaheim Ducks,2,SO,"17,518",,,2014-03-07
New York Rangers,4,Carolina Hurricanes,2,,"17,547",,,2014-03-07
New York Islanders,3,Calgary Flames,4,,"19,289",,,2014-03-07
New Jersey Devils,4,Detroit Red Wings,7,,"20,066",,,2014-03-07
Buffalo Sabres,0,Florida Panthers,2,,"14,402",,,2014-03-07
St. Louis Blues,2,Colorado Avalanche,1,,"18,137",,,2014-03-08
Minnesota Wild,3,Dallas Stars,4,,"19,109",,,2014-03-08
Carolina Hurricanes,4,New Jersey Devils,5,,"16,162",,,2014-03-08
Columbus Blue Jackets,1,Nashville Predators,0,,"17,113",,,2014-03-08
Montreal Canadiens,0,San Jose Sharks,4,,"17,562",,,2014-03-08
Boston Bruins,4,Tampa Bay Lightning,3,SO,"19,204",,,2014-03-08
Philadelphia Flyers,3,Toronto Maple Leafs,4,OT,"19,583",,,2014-03-08
Calgary Flames,1,Vancouver Canucks,2,,"18,910",,,2014-03-08
Ottawa Senators,5,Winnipeg Jets,3,,"15,004",,,2014-03-08
Phoenix Coyotes,2,Washington Capitals,3,,"18,506",,,2014-03-08
Chicago Blackhawks,2,Buffalo Sabres,1,,"19,070",,,2014-03-09
Los Angeles Kings,4,Edmonton Oilers,2,,"16,839",,,2014-03-09
Boston Bruins,5,Florida Panthers,2,,"18,858",,,2014-03-09
St. Louis Blues,3,Minnesota Wild,2,SO,"18,909",,,2014-03-09
Detroit Red Wings,0,New York Rangers,3,,"18,006",,,2014-03-09
Toronto Maple Leafs,3,Anaheim Ducks,1,,"17,229",,,2014-03-10
Los Angeles Kings,3,Calgary Flames,2,,"19,289",,,2014-03-10
Winnipeg Jets,2,Colorado Avalanche,3,OT,"15,250",,,2014-03-10
Columbus Blue Jackets,,Dallas Stars,,,,,Game postponed until 2014-04-09 (Medical Emergency),2014-03-10
Nashville Predators,4,Ottawa Senators,3,OT,"19,063",,,2014-03-10
Phoenix Coyotes,4,Tampa Bay Lightning,3,SO,"18,167",,,2014-03-10
New York Islanders,7,Vancouver Canucks,4,,"18,910",,,2014-03-10
Pittsburgh Penguins,3,Washington Capitals,2,,"18,506",,,2014-03-10
Nashville Predators,4,Buffalo Sabres,1,,"18,659",,,2014-03-11
New York Rangers,1,Carolina Hurricanes,3,,"15,667",,,2014-03-11
Detroit Red Wings,1,Columbus Blue Jackets,4,,"14,330",,,2014-03-11
Phoenix Coyotes,3,Florida Panthers,1,,"12,211",,,2014-03-11
Edmonton Oilers,4,Minnesota Wild,3,SO,"18,650",,,2014-03-11
New Jersey Devils,2,Philadelphia Flyers,1,,"19,967",,,2014-03-11
Washington Capitals,0,Pittsburgh Penguins,2,,"18,646",,,2014-03-11
Toronto Maple Leafs,2,San Jose Sharks,6,,"17,562",,,2014-03-11
Dallas Stars,3,St. Louis Blues,2,OT,"16,763",,,2014-03-11
Anaheim Ducks,2,Calgary Flames,7,,"19,289",,,2014-03-12
Chicago Blackhawks,2,Colorado Avalanche,3,,"18,007",,,2014-03-12
Boston Bruins,4,Montreal Canadiens,1,,"21,273",,,2014-03-12
Vancouver Canucks,3,Winnipeg Jets,2,SO,"15,004",,,2014-03-12
Phoenix Coyotes,1,Boston Bruins,2,,"17,565",,,2014-03-13
Buffalo Sabres,2,Carolina Hurricanes,4,,"13,654",,,2014-03-13
San Jose Sharks,4,Columbus Blue Jackets,3,SO,"13,851",,,2014-03-13
Toronto Maple Leafs,3,Los Angeles Kings,2,,"18,319",,,2014-03-13
New York Rangers,1,Minnesota Wild,2,,"18,885",,,2014-03-13
Edmonton Oilers,2,St. Louis Blues,6,,"18,084",,,2014-03-13
Florida Panthers,4,Tampa Bay Lightning,5,,"18,324",,,2014-03-13
Nashville Predators,3,Chicago Blackhawks,2,,"22,106",,,2014-03-14
Anaheim Ducks,6,Colorado Avalanche,4,,"18,030",,,2014-03-14
Calgary Flames,4,Dallas Stars,3,SO,"18,532",,,2014-03-14
Edmonton Oilers,1,Detroit Red Wings,2,SO,"20,066",,,2014-03-14
New Jersey Devils,3,Florida Panthers,5,,"14,496",,,2014-03-14
San Jose Sharks,4,New York Islanders,3,,"13,128",,,2014-03-14
New York Rangers,4,Winnipeg Jets,2,,"15,004",,,2014-03-14
Vancouver Canucks,3,Washington Capitals,4,,"18,506",,,2014-03-14
Carolina Hurricanes,1,Boston Bruins,5,,"17,565",,,2014-03-15
Anaheim Ducks,2,Los Angeles Kings,1,,"18,278",,,2014-03-15
Columbus Blue Jackets,2,Minnesota Wild,1,SO,"19,042",,,2014-03-15
Ottawa Senators,4,Montreal Canadiens,5,OT,"21,273",,,2014-03-15
St. Louis Blues,4,Nashville Predators,1,,"17,113",,,2014-03-15
Buffalo Sabres,1,New York Islanders,4,,"14,388",,,2014-03-15
Pittsburgh Penguins,0,Philadelphia Flyers,4,,"19,993",,,2014-03-15
Calgary Flames,2,Phoenix Coyotes,3,,"16,373",,,2014-03-15
New Jersey Devils,0,Tampa Bay Lightning,3,,"19,204",,,2014-03-15
Montreal Canadiens,2,Buffalo Sabres,0,,"19,070",,,2014-03-16
Edmonton Oilers,2,Carolina Hurricanes,1,,"16,588",,,2014-03-16
Detroit Red Wings,1,Chicago Blackhawks,4,,"22,128",,,2014-03-16
Vancouver Canucks,4,Florida Panthers,3,SO,"14,215",,,2014-03-16
San Jose Sharks,1,New York Rangers,0,,"18,006",,,2014-03-16
Colorado Avalanche,3,Ottawa Senators,1,,"19,501",,,2014-03-16
Philadelphia Flyers,4,Pittsburgh Penguins,3,,"18,647",,,2014-03-16
Dallas Stars,2,Winnipeg Jets,7,,"15,004",,,2014-03-16
Toronto Maple Leafs,2,Washington Capitals,4,,"18,506",,,2014-03-16
Minnesota Wild,1,Boston Bruins,4,,"17,565",,,2014-03-17
Phoenix Coyotes,4,Los Angeles Kings,3,,"18,118",,,2014-03-17
Winnipeg Jets,1,St. Louis Blues,3,,"16,665",,,2014-03-17
Vancouver Canucks,3,Tampa Bay Lightning,4,,"19,204",,,2014-03-17
Washington Capitals,3,Anaheim Ducks,2,,"17,174",,,2014-03-18
Carolina Hurricanes,3,Columbus Blue Jackets,1,,"15,938",,,2014-03-18
Buffalo Sabres,1,Calgary Flames,3,,"19,289",,,2014-03-18
Toronto Maple Leafs,2,Detroit Red Wings,3,,"20,066",,,2014-03-18
Nashville Predators,1,Edmonton Oilers,5,,"16,839",,,2014-03-18
Colorado Avalanche,3,Montreal Canadiens,6,,"21,273",,,2014-03-18
Boston Bruins,4,New Jersey Devils,2,,"16,138",,,2014-03-18
Minnesota Wild,6,New York Islanders,0,,"14,888",,,2014-03-18
New York Rangers,8,Ottawa Senators,4,,"17,326",,,2014-03-18
Chicago Blackhawks,2,Philadelphia Flyers,3,OT,"19,932",,,2014-03-18
Dallas Stars,1,Pittsburgh Penguins,5,,"18,659",,,2014-03-18
Florida Panthers,3,San Jose Sharks,2,,"17,562",,,2014-03-18
St. Louis Blues,0,Chicago Blackhawks,4,,"21,640",,,2014-03-19
Tampa Bay Lightning,5,Toronto Maple Leafs,3,,"19,585",,,2014-03-19
Nashville Predators,0,Vancouver Canucks,2,,"18,910",,,2014-03-19
Colorado Avalanche,4,Winnipeg Jets,5,OT,"15,004",,,2014-03-19
Pittsburgh Penguins,4,Detroit Red Wings,5,OT,"20,066",,,2014-03-20
Buffalo Sabres,3,Edmonton Oilers,1,,"16,839",,,2014-03-20
Washington Capitals,1,Los Angeles Kings,2,SO,"18,118",,,2014-03-20
Columbus Blue Jackets,3,Montreal Canadiens,2,,"21,273",,,2014-03-20
Minnesota Wild,3,New Jersey Devils,4,OT,"14,772",,,2014-03-20
Tampa Bay Lightning,5,Ottawa Senators,4,,"17,136",,,2014-03-20
Dallas Stars,2,Philadelphia Flyers,4,,"19,831",,,2014-03-20
Florida Panthers,1,Phoenix Coyotes,2,,"14,442",,,2014-03-20
Anaheim Ducks,2,San Jose Sharks,3,,"17,562",,,2014-03-20
New York Rangers,3,Columbus Blue Jackets,1,,"18,513",,,2014-03-21
Nashville Predators,6,Calgary Flames,5,,"19,289",,,2014-03-21
Carolina Hurricanes,2,Chicago Blackhawks,3,,"21,857",,,2014-03-21
Boston Bruins,2,Colorado Avalanche,0,,"18,007",,,2014-03-21
Ottawa Senators,1,Dallas Stars,3,,"16,714",,,2014-03-22
Calgary Flames,8,Edmonton Oilers,1,,"16,839",,,2014-03-22
Florida Panthers,0,Los Angeles Kings,4,,"18,118",,,2014-03-22
Detroit Red Wings,3,Minnesota Wild,2,,"19,176",,,2014-03-22
New York Rangers,2,New Jersey Devils,0,,"17,829",,,2014-03-22
St. Louis Blues,1,Philadelphia Flyers,4,,"19,942",,,2014-03-22
Boston Bruins,4,Phoenix Coyotes,2,,"17,468",,,2014-03-22
Tampa Bay Lightning,3,Pittsburgh Penguins,4,OT,"18,668",,,2014-03-22
Washington Capitals,3,San Jose Sharks,2,SO,"17,562",,,2014-03-22
Montreal Canadiens,4,Toronto Maple Leafs,3,,"19,789",,,2014-03-22
Carolina Hurricanes,3,Winnipeg Jets,2,,"15,004",,,2014-03-22
Florida Panthers,2,Anaheim Ducks,6,,"17,281",,,2014-03-23
Nashville Predators,2,Chicago Blackhawks,0,,"21,727",,,2014-03-23
Minnesota Wild,4,Detroit Red Wings,3,OT,"20,066",,,2014-03-23
Toronto Maple Leafs,2,New Jersey Devils,3,,"15,328",,,2014-03-23
Columbus Blue Jackets,0,New York Islanders,2,,"15,008",,,2014-03-23
St. Louis Blues,1,Pittsburgh Penguins,0,,"18,662",,,2014-03-23
Buffalo Sabres,2,Vancouver Canucks,4,,"18,910",,,2014-03-23
Montreal Canadiens,2,Boston Bruins,1,SO,"17,565",,,2014-03-24
San Jose Sharks,1,Calgary Flames,2,SO,"19,829",,,2014-03-24
Winnipeg Jets,1,Dallas Stars,2,,"15,967",,,2014-03-24
Phoenix Coyotes,3,New York Rangers,4,OT,"18,006",,,2014-03-24
Los Angeles Kings,3,Philadelphia Flyers,2,,"19,876",,,2014-03-24
Ottawa Senators,4,Tampa Bay Lightning,3,SO,"18,486",,,2014-03-24
New York Islanders,5,Carolina Hurricanes,4,,"15,176",,,2014-03-25
Detroit Red Wings,2,Columbus Blue Jackets,4,,"15,103",,,2014-03-25
Dallas Stars,2,Chicago Blackhawks,4,,"21,493",,,2014-03-25
San Jose Sharks,5,Edmonton Oilers,2,,"16,839",,,2014-03-25
Ottawa Senators,2,Florida Panthers,3,SO,"13,435",,,2014-03-25
Buffalo Sabres,0,Montreal Canadiens,2,,"21,273",,,2014-03-25
Colorado Avalanche,5,Nashville Predators,4,SO,"16,438",,,2014-03-25
Phoenix Coyotes,3,Pittsburgh Penguins,2,,"18,632",,,2014-03-25
St. Louis Blues,5,Toronto Maple Leafs,3,,"19,505",,,2014-03-25
Los Angeles Kings,5,Washington Capitals,4,SO,"18,506",,,2014-03-25
Anaheim Ducks,3,Calgary Flames,2,,"19,289",,,2014-03-26
Vancouver Canucks,5,Minnesota Wild,2,,"19,014",,,2014-03-26
Philadelphia Flyers,1,New York Rangers,3,,"18,006",,,2014-03-26
Chicago Blackhawks,0,Boston Bruins,3,,"17,565",,,2014-03-27
Vancouver Canucks,2,Colorado Avalanche,3,OT,"16,965",,,2014-03-27
Montreal Canadiens,5,Detroit Red Wings,4,,"20,066",,,2014-03-27
Carolina Hurricanes,3,Florida Panthers,0,,"12,379",,,2014-03-27
Phoenix Coyotes,3,New Jersey Devils,2,SO,"15,583",,,2014-03-27
Buffalo Sabres,1,Nashville Predators,6,,"16,729",,,2014-03-27
Los Angeles Kings,3,Pittsburgh Penguins,2,,"18,650",,,2014-03-27
Winnipeg Jets,4,San Jose Sharks,3,,"17,562",,,2014-03-27
Minnesota Wild,1,St. Louis Blues,5,,"19,646",,,2014-03-27
New York Islanders,2,Tampa Bay Lightning,3,SO,"18,554",,,2014-03-27
Pittsburgh Penguins,2,Columbus Blue Jackets,1,,"18,908",,,2014-03-28
New York Rangers,3,Calgary Flames,4,,"19,289",,,2014-03-28
Nashville Predators,3,Dallas Stars,7,,"18,532",,,2014-03-28
Anaheim Ducks,3,Edmonton Oilers,4,OT,"16,839",,,2014-03-28
Chicago Blackhawks,3,Ottawa Senators,5,,"18,922",,,2014-03-28
Toronto Maple Leafs,2,Philadelphia Flyers,4,,"19,963",,,2014-03-28
Tampa Bay Lightning,4,Buffalo Sabres,3,OT,"19,070",,,2014-03-29
Columbus Blue Jackets,3,Carolina Hurricanes,2,OT,"16,714",,,2014-03-29
San Jose Sharks,2,Colorado Avalanche,3,,"18,077",,,2014-03-29
Montreal Canadiens,4,Florida Panthers,1,,"17,119",,,2014-03-29
Winnipeg Jets,2,Los Angeles Kings,4,,"18,118",,,2014-03-29
New Jersey Devils,1,New York Islanders,2,SO,"15,108",,,2014-03-29
Minnesota Wild,3,Phoenix Coyotes,1,,"16,691",,,2014-03-29
Dallas Stars,4,St. Louis Blues,2,,"19,703",,,2014-03-29
Detroit Red Wings,4,Toronto Maple Leafs,2,,"20,270",,,2014-03-29
Anaheim Ducks,5,Vancouver Canucks,1,,"18,910",,,2014-03-29
Boston Bruins,4,Washington Capitals,2,,"18,506",,,2014-03-29
Tampa Bay Lightning,2,Detroit Red Wings,3,,"20,066",,,2014-03-30
New York Rangers,5,Edmonton Oilers,0,,"16,839",,,2014-03-30
Washington Capitals,3,Nashville Predators,4,SO,"16,553",,,2014-03-30
Calgary Flames,3,Ottawa Senators,6,,"18,505",,,2014-03-30
Boston Bruins,4,Philadelphia Flyers,3,SO,"19,958",,,2014-03-30
Chicago Blackhawks,1,Pittsburgh Penguins,4,,"18,655",,,2014-03-30
Winnipeg Jets,4,Anaheim Ducks,5,OT,"17,174",,,2014-03-31
Minnesota Wild,3,Los Angeles Kings,2,,"18,118",,,2014-03-31
Florida Panthers,3,New Jersey Devils,6,,"15,209",,,2014-03-31
Carolina Hurricanes,1,Ottawa Senators,2,SO,"16,732",,,2014-03-31
New Jersey Devils,2,Buffalo Sabres,3,SO,"19,070",,,2014-04-01
Colorado Avalanche,3,Columbus Blue Jackets,2,OT,"16,550",,,2014-04-01
Florida Panthers,2,New York Islanders,4,,"11,812",,,2014-04-01
Winnipeg Jets,2,Phoenix Coyotes,1,SO,"13,724",,,2014-04-01
Carolina Hurricanes,4,Pittsburgh Penguins,1,,"18,635",,,2014-04-01
Edmonton Oilers,4,San Jose Sharks,5,,"17,562",,,2014-04-01
Philadelphia Flyers,0,St. Louis Blues,1,SO,"18,647",,,2014-04-01
Montreal Canadiens,1,Tampa Bay Lightning,3,,"18,808",,,2014-04-01
Calgary Flames,2,Toronto Maple Leafs,3,,"19,482",,,2014-04-01
New York Rangers,3,Vancouver Canucks,1,,"18,910",,,2014-04-01
Dallas Stars,5,Washington Capitals,0,,"18,506",,,2014-04-01
Edmonton Oilers,2,Anaheim Ducks,3,,"17,174",,,2014-04-02
Boston Bruins,2,Detroit Red Wings,3,,"20,066",,,2014-04-02
Phoenix Coyotes,0,Los Angeles Kings,4,,"18,118",,,2014-04-02
New York Islanders,2,Ottawa Senators,1,,"16,516",,,2014-04-02
Dallas Stars,1,Carolina Hurricanes,4,,"15,730",,,2014-04-03
Minnesota Wild,2,Chicago Blackhawks,3,SO,"21,791",,,2014-04-03
New York Rangers,2,Colorado Avalanche,3,SO,"16,721",,,2014-04-03
Columbus Blue Jackets,2,Philadelphia Flyers,0,,"19,981",,,2014-04-03
Los Angeles Kings,1,San Jose Sharks,2,,"17,562",,,2014-04-03
Buffalo Sabres,1,St. Louis Blues,2,,"16,146",,,2014-04-03
Calgary Flames,4,Tampa Bay Lightning,1,,"17,495",,,2014-04-03
Boston Bruins,3,Toronto Maple Leafs,4,OT,"19,609",,,2014-04-03
Pittsburgh Penguins,4,Winnipeg Jets,2,,"15,004",,,2014-04-03
Nashville Predators,5,Anaheim Ducks,2,,"17,174",,,2014-04-04
Chicago Blackhawks,4,Columbus Blue Jackets,3,,"18,695",,,2014-04-04
Buffalo Sabres,2,Detroit Red Wings,3,,"20,066",,,2014-04-04
Calgary Flames,2,Florida Panthers,1,,"12,055",,,2014-04-04
Washington Capitals,1,New Jersey Devils,2,,"15,218",,,2014-04-04
Montreal Canadiens,7,Ottawa Senators,4,,"19,241",,,2014-04-04
Edmonton Oilers,3,Phoenix Coyotes,2,SO,"14,732",,,2014-04-04
Philadelphia Flyers,2,Boston Bruins,5,,"17,565",,,2014-04-05
New Jersey Devils,3,Carolina Hurricanes,1,,"16,123",,,2014-04-05
Pittsburgh Penguins,0,Minnesota Wild,4,,"19,409",,,2014-04-05
Detroit Red Wings,3,Montreal Canadiens,5,,"21,273",,,2014-04-05
Washington Capitals,4,New York Islanders,3,SO,"16,008",,,2014-04-05
Ottawa Senators,3,New York Rangers,2,,"18,006",,,2014-04-05
Nashville Predators,3,San Jose Sharks,0,,"17,562",,,2014-04-05
Colorado Avalanche,4,St. Louis Blues,0,,"19,153",,,2014-04-05
Dallas Stars,5,Tampa Bay Lightning,2,,"19,204",,,2014-04-05
Winnipeg Jets,4,Toronto Maple Leafs,2,,"19,544",,,2014-04-05
Los Angeles Kings,1,Vancouver Canucks,2,,"18,910",,,2014-04-05
New York Islanders,0,Columbus Blue Jackets,4,,"15,667",,,2014-04-06
St. Louis Blues,2,Chicago Blackhawks,4,,"22,184",,,2014-04-06
Pittsburgh Penguins,3,Colorado Avalanche,2,SO,"18,007",,,2014-04-06
Anaheim Ducks,2,Edmonton Oilers,4,,"16,839",,,2014-04-06
Dallas Stars,2,Florida Panthers,3,,"13,366",,,2014-04-06
Buffalo Sabres,2,Philadelphia Flyers,5,,"19,603",,,2014-04-06
Calgary Flames,1,New Jersey Devils,0,,"14,297",,,2014-04-07
Anaheim Ducks,3,Vancouver Canucks,0,,"18,910",,,2014-04-07
Minnesota Wild,1,Winnipeg Jets,0,,"15,004",,,2014-04-07
Detroit Red Wings,4,Buffalo Sabres,2,,"18,710",,,2014-04-08
Phoenix Coyotes,3,Columbus Blue Jackets,4,OT,"16,289",,,2014-04-08
Nashville Predators,2,Dallas Stars,3,SO,"16,219",,,2014-04-08
Colorado Avalanche,4,Edmonton Oilers,1,,"16,839",,,2014-04-08
Philadelphia Flyers,5,Florida Panthers,2,,"12,487",,,2014-04-08
Boston Bruins,3,Minnesota Wild,4,SO,"18,893",,,2014-04-08
Ottawa Senators,4,New York Islanders,1,,"12,922",,,2014-04-08
Carolina Hurricanes,1,New York Rangers,4,,"18,006",,,2014-04-08
Washington Capitals,4,St. Louis Blues,1,,"17,447",,,2014-04-08
Toronto Maple Leafs,0,Tampa Bay Lightning,3,,"18,896",,,2014-04-08
San Jose Sharks,2,Anaheim Ducks,5,,"17,322",,,2014-04-09
Los Angeles Kings,3,Calgary Flames,4,SO,"19,289",,,2014-04-09
Montreal Canadiens,2,Chicago Blackhawks,3,OT,"21,571",,,2014-04-09
Columbus Blue Jackets,3,Dallas Stars,1,,"16,125",,"Continuation of suspended game from 2014-03-10. Played full 60 minutes, but game started with 1-0 Columbus lead.",2014-04-09
Detroit Red Wings,3,Pittsburgh Penguins,4,SO,"18,620",,,2014-04-09
Washington Capitals,5,Carolina Hurricanes,2,,"15,735",,,2014-04-10
Los Angeles Kings,3,Edmonton Oilers,0,,"16,839",,,2014-04-10
Toronto Maple Leafs,2,Florida Panthers,4,,"13,110",,,2014-04-10
St. Louis Blues,2,Minnesota Wild,4,,"18,664",,,2014-04-10
New York Islanders,2,Montreal Canadiens,0,,"21,273",,,2014-04-10
Phoenix Coyotes,0,Nashville Predators,2,,"17,174",,,2014-04-10
Buffalo Sabres,1,New York Rangers,2,,"18,006",,,2014-04-10
New Jersey Devils,1,Ottawa Senators,2,SO,"19,270",,,2014-04-10
Philadelphia Flyers,2,Tampa Bay Lightning,4,,"19,204",,,2014-04-10
Colorado Avalanche,4,Vancouver Canucks,2,,"18,910",,,2014-04-10
Boston Bruins,1,Winnipeg Jets,2,SO,"15,004",,,2014-04-10
Winnipeg Jets,5,Calgary Flames,3,,"19,289",,,2014-04-11
St. Louis Blues,0,Dallas Stars,3,,"18,532",,,2014-04-11
Carolina Hurricanes,2,Detroit Red Wings,1,,"20,066",,,2014-04-11
New York Islanders,3,New Jersey Devils,2,SO,"15,858",,,2014-04-11
Colorado Avalanche,1,San Jose Sharks,5,,"17,562",,,2014-04-11
Columbus Blue Jackets,2,Tampa Bay Lightning,3,,"18,686",,,2014-04-11
Chicago Blackhawks,0,Washington Capitals,4,,"18,506",,,2014-04-11
Buffalo Sabres,1,Boston Bruins,4,,"17,565",,,2014-04-12
Vancouver Canucks,2,Edmonton Oilers,5,,"16,839",,,2014-04-12
Columbus Blue Jackets,3,Florida Panthers,2,,"14,241",,,2014-04-12
Anaheim Ducks,4,Los Angeles Kings,3,SO,"18,372",,,2014-04-12
New York Rangers,0,Montreal Canadiens,1,OT,"21,273",,,2014-04-12
Chicago Blackhawks,5,Nashville Predators,7,,"17,355",,,2014-04-12
Toronto Maple Leafs,0,Ottawa Senators,1,,"20,500",,,2014-04-12
San Jose Sharks,3,Phoenix Coyotes,2,,"15,438",,,2014-04-12
Philadelphia Flyers,4,Pittsburgh Penguins,3,OT,"18,673",,,2014-04-12
Colorado Avalanche,2,Anaheim Ducks,3,OT,"17,528",,,2014-04-13
New York Islanders,4,Buffalo Sabres,3,SO,"18,804",,,2014-04-13
Nashville Predators,7,Minnesota Wild,3,,"18,658",,,2014-04-13
Boston Bruins,2,New Jersey Devils,3,,"16,592",,,2014-04-13
Carolina Hurricanes,6,Philadelphia Flyers,5,SO,"19,727",,,2014-04-13
Dallas Stars,1,Phoenix Coyotes,2,,"15,146",,,2014-04-13
Ottawa Senators,3,Pittsburgh Penguins,2,SO,"18,663",,,2014-04-13
Detroit Red Wings,3,St. Louis Blues,0,,"18,430",,,2014-04-13
Calgary Flames,1,Vancouver Canucks,5,,"18,910",,,2014-04-13
Tampa Bay Lightning,1,Washington Capitals,0,SO,"18,506",,,2014-04-13
