{"first_round": ["Tampa Bay Lightning", "New Jersey Devils", "Boston Bruins", "Toronto Maple Leafs", "Washington Capitals", "Columbus Blue Jackets", "Pittsburgh Penguins", "Philadelphia Flyers", "Nashville Predators", "Colorado Avalanche", "Winnipeg Jets", "Minnesota Wild", "Vegas Golden Knights", "Los Angeles Kings", "Anaheim Ducks", "San Jose Sharks"], "second_round": ["Tampa Bay Lightning", "Boston Bruins", "Washington Capitals", "Pittsburgh Penguins", "Nashville Predators", "Winnipeg Jets", "Vegas Golden Knights", "San Jose Sharks"], "conference_finals": ["Tampa Bay Lightning", "Washington Capitals", "Winnipeg Jets", "Vegas Golden Knights"], "final": ["Washington Capitals", "Vegas Golden Knights"], "winner": ["Washington Capitals"]}