visitor_team_name,visitor_goals,home_team_name,home_goals,overtimes,attendance,game_duration,game_remarks,date_game
Philadelphia Flyers,0,Pittsburgh Penguins,7,,"18,556",2:26,,2018-04-11
Los Angeles Kings,0,Vegas Golden Knights,1,,"18,479",2:33,,2018-04-11
Minnesota Wild,2,Winnipeg Jets,3,,"15,321",2:37,,2018-04-11
San Jose Sharks,3,Anaheim Ducks,0,,"17,174",2:36,,2018-04-12
Toronto Maple Leafs,1,Boston Bruins,5,,"17,565",2:35,,2018-04-12
Colorado Avalanche,2,Nashville Predators,5,,"17,301",2:24,,2018-04-12
New Jersey Devils,2,Tampa Bay Lightning,5,,"19,092",2:42,,2018-04-12
Columbus Blue Jackets,4,Washington Capitals,3,OT,"18,506",2:56,,2018-04-12
Philadelphia Flyers,5,Pittsburgh Penguins,1,,"18,648",2:35,,2018-04-13
Los Angeles Kings,1,Vegas Golden Knights,2,2OT,"18,588",4:12,,2018-04-13
Minnesota Wild,1,Winnipeg Jets,4,,"15,321",2:42,,2018-04-13
San Jose Sharks,3,Anaheim Ducks,2,,"17,430",2:30,,2018-04-14
Toronto Maple Leafs,3,Boston Bruins,7,,"17,565",2:42,,2018-04-14
Colorado Avalanche,4,Nashville Predators,5,,"17,369",2:34,,2018-04-14
New Jersey Devils,3,Tampa Bay Lightning,5,,"19,092",2:49,,2018-04-14
Vegas Golden Knights,3,Los Angeles Kings,2,,"18,484",2:38,,2018-04-15
Winnipeg Jets,2,Minnesota Wild,6,,"19,175",2:39,,2018-04-15
Pittsburgh Penguins,5,Philadelphia Flyers,1,,"19,955",2:32,,2018-04-15
Columbus Blue Jackets,5,Washington Capitals,4,OT,"18,506",3:29,,2018-04-15
Nashville Predators,3,Colorado Avalanche,5,,"18,087",2:48,,2018-04-16
Tampa Bay Lightning,2,New Jersey Devils,5,,"16,514",4:07,,2018-04-16
Anaheim Ducks,1,San Jose Sharks,8,,"17,562",2:43,,2018-04-16
Boston Bruins,2,Toronto Maple Leafs,4,,"19,663",2:43,,2018-04-16
Washington Capitals,3,Columbus Blue Jackets,2,2OT,"19,337",3:46,,2018-04-17
Vegas Golden Knights,1,Los Angeles Kings,0,,"18,422",2:28,,2018-04-17
Winnipeg Jets,2,Minnesota Wild,0,,"19,277",2:24,,2018-04-17
Nashville Predators,3,Colorado Avalanche,2,,"18,087",2:36,,2018-04-18
Tampa Bay Lightning,3,New Jersey Devils,1,,"16,514",2:41,,2018-04-18
Pittsburgh Penguins,5,Philadelphia Flyers,0,,"19,644",2:26,,2018-04-18
Anaheim Ducks,1,San Jose Sharks,2,,"17,562",2:25,,2018-04-18
Washington Capitals,4,Columbus Blue Jackets,1,,"19,395",2:28,,2018-04-19
Boston Bruins,3,Toronto Maple Leafs,1,,"19,689",2:36,,2018-04-19
Colorado Avalanche,2,Nashville Predators,1,,"17,504",2:34,,2018-04-20
Philadelphia Flyers,4,Pittsburgh Penguins,2,,"18,632",2:31,,2018-04-20
Minnesota Wild,0,Winnipeg Jets,5,,"15,321",2:24,,2018-04-20
Toronto Maple Leafs,4,Boston Bruins,3,,"17,565",2:40,,2018-04-21
New Jersey Devils,1,Tampa Bay Lightning,3,,"19,029",2:32,,2018-04-21
Columbus Blue Jackets,3,Washington Capitals,4,OT,"18,506",3:01,,2018-04-21
Nashville Predators,5,Colorado Avalanche,0,,"18,087",2:40,,2018-04-22
Pittsburgh Penguins,8,Philadelphia Flyers,5,,"19,861",2:33,,2018-04-22
Washington Capitals,6,Columbus Blue Jackets,3,,"18,667",2:28,,2018-04-23
Boston Bruins,1,Toronto Maple Leafs,3,,"19,604",2:43,,2018-04-23
Toronto Maple Leafs,4,Boston Bruins,7,,"17,565",2:42,,2018-04-25
San Jose Sharks,0,Vegas Golden Knights,7,,"18,444",2:38,,2018-04-26
Pittsburgh Penguins,3,Washington Capitals,2,,"18,506",2:26,,2018-04-26
Winnipeg Jets,4,Nashville Predators,1,,"17,307",2:27,,2018-04-27
Boston Bruins,6,Tampa Bay Lightning,2,,"19,092",2:30,,2018-04-28
San Jose Sharks,4,Vegas Golden Knights,3,2OT,"18,671",3:59,,2018-04-28
Winnipeg Jets,4,Nashville Predators,5,2OT,"17,274",3:42,,2018-04-29
Pittsburgh Penguins,1,Washington Capitals,4,,"18,506",2:41,,2018-04-29
Vegas Golden Knights,4,San Jose Sharks,3,OT,"17,562",3:08,,2018-04-30
Boston Bruins,2,Tampa Bay Lightning,4,,"19,092",2:36,,2018-04-30
Washington Capitals,4,Pittsburgh Penguins,3,,"18,634",2:39,,2018-05-01
Nashville Predators,4,Winnipeg Jets,7,,"15,321",2:46,,2018-05-01
Tampa Bay Lightning,4,Boston Bruins,1,,"17,565",2:34,,2018-05-02
Vegas Golden Knights,0,San Jose Sharks,4,,"17,562",2:32,,2018-05-02
Washington Capitals,1,Pittsburgh Penguins,3,,"18,650",2:34,,2018-05-03
Nashville Predators,2,Winnipeg Jets,1,,"15,321",2:30,,2018-05-03
Tampa Bay Lightning,4,Boston Bruins,3,OT,"17,565",2:55,,2018-05-04
San Jose Sharks,3,Vegas Golden Knights,5,,"18,693",2:44,,2018-05-04
Winnipeg Jets,6,Nashville Predators,2,,"17,513",2:30,,2018-05-05
Pittsburgh Penguins,3,Washington Capitals,6,,"18,506",2:41,,2018-05-05
Vegas Golden Knights,3,San Jose Sharks,0,,"17,562",2:32,,2018-05-06
Boston Bruins,1,Tampa Bay Lightning,3,,"19,092",2:37,,2018-05-06
Washington Capitals,2,Pittsburgh Penguins,1,OT,"18,621",2:50,,2018-05-07
Nashville Predators,4,Winnipeg Jets,0,,"15,321",2:33,,2018-05-07
Winnipeg Jets,5,Nashville Predators,1,,"17,523",2:29,,2018-05-10
Washington Capitals,4,Tampa Bay Lightning,2,,"19,092",2:28,,2018-05-11
Vegas Golden Knights,2,Winnipeg Jets,4,,"15,321",2:32,,2018-05-12
Washington Capitals,6,Tampa Bay Lightning,2,,"19,092",2:38,,2018-05-13
Vegas Golden Knights,3,Winnipeg Jets,1,,"15,321",2:29,,2018-05-14
Tampa Bay Lightning,4,Washington Capitals,2,,"18,506",2:39,,2018-05-15
Winnipeg Jets,2,Vegas Golden Knights,4,,"18,477",2:41,,2018-05-16
Tampa Bay Lightning,4,Washington Capitals,2,,"18,506",2:34,,2018-05-17
Winnipeg Jets,2,Vegas Golden Knights,3,,"18,697",2:35,,2018-05-18
Washington Capitals,2,Tampa Bay Lightning,3,,"19,092",2:28,,2018-05-19
Vegas Golden Knights,2,Winnipeg Jets,1,,"15,321",2:25,,2018-05-20
Tampa Bay Lightning,0,Washington Capitals,3,,"18,506",2:34,,2018-05-21
Washington Capitals,4,Tampa Bay Lightning,0,,"19,092",2:27,,2018-05-23
Washington Capitals,4,Vegas Golden Knights,6,,"18,575",2:45,,2018-05-28
Washington Capitals,3,Vegas Golden Knights,2,,"18,702",2:42,,2018-05-30
Vegas Golden Knights,1,Washington Capitals,3,,"18,506",2:38,,2018-06-02
Vegas Golden Knights,2,Washington Capitals,6,,"18,506",2:39,,2018-06-04
Washington Capitals,4,Vegas Golden Knights,3,,"18,529",2:45,,2018-06-07
