{"first_round": ["Montreal Canadiens", "New York Rangers", "Ottawa Senators", "Boston Bruins", "Washington Capitals", "Toronto Maple Leafs", "Pittsburgh Penguins", "Columbus Blue Jackets", "Chicago Blackhawks", "Nashville Predators", "Minnesota Wild", "St. Louis Blues", "Anaheim Ducks", "Calgary Flames", "Edmonton Oilers", "San Jose Sharks"], "second_round": ["New York Rangers", "Ottawa Senators", "Washington Capitals", "Pittsburgh Penguins", "Nashville Predators", "St. Louis Blues", "Anaheim Ducks", "Edmonton Oilers"], "conference_finals": ["Ottawa Senators", "Pittsburgh Penguins", "Nashville Predators", "Anaheim Ducks"], "final": ["Pittsburgh Penguins", "Nashville Predators"], "winner": ["Pittsburgh Penguins"]}