visitor_team_name,visitor_goals,home_team_name,home_goals,overtimes,attendance,game_duration,game_remarks,date_game
St. Louis Blues,5,Chicago Blackhawks,2,,"21,729",2:29,,2016-10-12
Calgary Flames,4,Edmonton Oilers,7,,"18,347",2:35,,2016-10-12
Toronto Maple Leafs,4,Ottawa Senators,5,OT,"17,618",2:36,,2016-10-12
Los Angeles Kings,1,San Jose Sharks,2,,"17,562",2:29,,2016-10-12
Montreal Canadiens,4,Buffalo Sabres,1,,"19,070",2:44,,2016-10-13
Boston Bruins,6,Columbus Blue Jackets,3,,"18,144",2:29,,2016-10-13
Anaheim Ducks,2,Dallas Stars,4,,"18,532",2:30,,2016-10-13
New Jersey Devils,1,Florida Panthers,2,OT,"17,128",2:36,,2016-10-13
New York Islanders,3,New York Rangers,5,,"18,200",2:29,,2016-10-13
Washington Capitals,2,Pittsburgh Penguins,3,SO,"18,630",2:50,,2016-10-13
Minnesota Wild,2,St. Louis Blues,3,,"19,673",2:29,,2016-10-13
Detroit Red Wings,4,Tampa Bay Lightning,6,,"19,092",2:47,,2016-10-13
Carolina Hurricanes,4,Winnipeg Jets,5,OT,"15,296",2:32,,2016-10-13
Edmonton Oilers,5,Calgary Flames,3,,"19,289",2:28,,2016-10-14
Philadelphia Flyers,4,Los Angeles Kings,2,,"18,453",2:31,,2016-10-14
Chicago Blackhawks,2,Nashville Predators,3,,"17,256",2:35,,2016-10-14
Philadelphia Flyers,3,Arizona Coyotes,4,OT,"17,125",2:39,,2016-10-15
San Jose Sharks,3,Columbus Blue Jackets,2,,"16,546",2:24,,2016-10-15
Nashville Predators,3,Chicago Blackhawks,5,,"21,665",2:29,,2016-10-15
Dallas Stars,5,Colorado Avalanche,6,,"18,007",2:38,,2016-10-15
Detroit Red Wings,1,Florida Panthers,4,,"16,868",2:35,,2016-10-15
Winnipeg Jets,3,Minnesota Wild,4,,"19,024",2:41,,2016-10-15
Montreal Canadiens,3,Ottawa Senators,4,SO,"18,195",2:44,,2016-10-15
Anaheim Ducks,2,Pittsburgh Penguins,3,,"18,452",2:38,,2016-10-15
New York Rangers,2,St. Louis Blues,3,,"19,197",2:24,,2016-10-15
New Jersey Devils,2,Tampa Bay Lightning,3,,"19,092",2:36,,2016-10-15
Boston Bruins,1,Toronto Maple Leafs,4,,"19,466",2:23,,2016-10-15
Calgary Flames,1,Vancouver Canucks,2,SO,"18,865",2:42,,2016-10-15
New York Islanders,1,Washington Capitals,2,,"18,506",2:25,,2016-10-15
Buffalo Sabres,6,Edmonton Oilers,2,,"18,347",2:39,,2016-10-16
Anaheim Ducks,2,New York Islanders,3,OT,"15,795",2:37,,2016-10-16
Carolina Hurricanes,3,Vancouver Canucks,4,OT,"17,832",2:25,,2016-10-16
Ottawa Senators,1,Detroit Red Wings,5,,"20,027",2:33,,2016-10-17
San Jose Sharks,4,New York Rangers,7,,"18,200",2:32,,2016-10-17
Colorado Avalanche,4,Pittsburgh Penguins,3,OT,"18,431",2:41,,2016-10-17
Boston Bruins,4,Winnipeg Jets,1,,"15,296",2:36,,2016-10-17
Buffalo Sabres,3,Calgary Flames,4,OT,"19,289",2:35,,2016-10-18
Philadelphia Flyers,4,Chicago Blackhawks,7,,"21,263",2:26,,2016-10-18
Carolina Hurricanes,2,Edmonton Oilers,3,,"18,347",2:30,,2016-10-18
Los Angeles Kings,3,Minnesota Wild,6,,"18,644",2:40,,2016-10-18
Pittsburgh Penguins,0,Montreal Canadiens,4,,"21,288",2:47,,2016-10-18
Anaheim Ducks,1,New Jersey Devils,2,,"16,514",2:37,,2016-10-18
Dallas Stars,2,Nashville Predators,1,,"17,113",2:29,,2016-10-18
San Jose Sharks,3,New York Islanders,2,,"10,772",2:34,,2016-10-18
Arizona Coyotes,4,Ottawa Senators,7,,"11,061",2:43,,2016-10-18
Florida Panthers,3,Tampa Bay Lightning,4,SO,"19,092",2:50,,2016-10-18
St. Louis Blues,1,Vancouver Canucks,2,OT,"17,568",2:28,,2016-10-18
Colorado Avalanche,0,Washington Capitals,3,,"18,506",2:29,,2016-10-18
Detroit Red Wings,2,New York Rangers,1,,"18,200",2:28,,2016-10-19
Toronto Maple Leafs,4,Winnipeg Jets,5,OT,"15,294",2:36,,2016-10-19
New Jersey Devils,1,Boston Bruins,2,,"17,565",2:37,,2016-10-20
Carolina Hurricanes,4,Calgary Flames,2,,"17,652",2:29,,2016-10-20
Los Angeles Kings,4,Dallas Stars,3,OT,"18,532",2:45,,2016-10-20
St. Louis Blues,1,Edmonton Oilers,3,,"18,347",2:30,,2016-10-20
Washington Capitals,4,Florida Panthers,2,,"12,440",2:27,,2016-10-20
Toronto Maple Leafs,2,Minnesota Wild,3,,"18,968",2:36,,2016-10-20
Arizona Coyotes,2,Montreal Canadiens,5,,"21,288",2:33,,2016-10-20
Anaheim Ducks,3,Philadelphia Flyers,2,,"19,982",2:23,,2016-10-20
San Jose Sharks,2,Pittsburgh Penguins,3,,"18,511",2:31,,2016-10-20
Colorado Avalanche,4,Tampa Bay Lightning,0,,"19,092",2:27,,2016-10-20
Buffalo Sabres,1,Vancouver Canucks,2,,"17,809",2:35,,2016-10-20
Chicago Blackhawks,2,Columbus Blue Jackets,3,,"15,789",2:27,,2016-10-21
Nashville Predators,3,Detroit Red Wings,5,,"20,027",2:34,,2016-10-21
Arizona Coyotes,2,New York Islanders,3,,"13,076",2:38,,2016-10-21
Montreal Canadiens,4,Boston Bruins,2,,"17,565",2:36,,2016-10-22
St. Louis Blues,6,Calgary Flames,4,,"18,076",2:33,,2016-10-22
Toronto Maple Leafs,4,Chicago Blackhawks,5,SO,"21,735",2:51,,2016-10-22
Columbus Blue Jackets,3,Dallas Stars,0,,"18,532",2:30,,2016-10-22
San Jose Sharks,0,Detroit Red Wings,3,,"20,027",2:27,,2016-10-22
Colorado Avalanche,2,Florida Panthers,5,,"14,326",2:32,,2016-10-22
Vancouver Canucks,3,Los Angeles Kings,4,SO,"18,230",2:51,,2016-10-22
Minnesota Wild,1,New Jersey Devils,2,OT,"16,514",2:36,,2016-10-22
Pittsburgh Penguins,1,Nashville Predators,5,,"17,113",2:31,,2016-10-22
Tampa Bay Lightning,4,Ottawa Senators,1,,"15,918",2:30,,2016-10-22
Carolina Hurricanes,3,Philadelphia Flyers,6,,"19,668",2:36,,2016-10-22
New York Rangers,4,Washington Capitals,2,,"18,506",2:20,,2016-10-22
Vancouver Canucks,2,Anaheim Ducks,4,,"17,174",2:29,,2016-10-23
Minnesota Wild,3,New York Islanders,6,,"11,583",2:30,,2016-10-23
Arizona Coyotes,2,New York Rangers,3,,"18,006",2:26,,2016-10-23
Edmonton Oilers,3,Winnipeg Jets,0,,"33,240",2:30,,2016-10-23
Calgary Flames,3,Chicago Blackhawks,2,SO,"21,348",2:51,,2016-10-24
Philadelphia Flyers,1,Montreal Canadiens,3,,"21,288",2:27,,2016-10-24
Minnesota Wild,5,Boston Bruins,0,,"17,565",2:32,,2016-10-25
Winnipeg Jets,2,Dallas Stars,3,,"18,040",2:37,,2016-10-25
Carolina Hurricanes,2,Detroit Red Wings,4,,"20,027",2:24,,2016-10-25
Columbus Blue Jackets,2,Los Angeles Kings,3,OT,"18,230",2:23,,2016-10-25
Arizona Coyotes,3,New Jersey Devils,5,,"12,756",2:30,,2016-10-25
Buffalo Sabres,3,Philadelphia Flyers,4,SO,"19,209",2:50,,2016-10-25
Florida Panthers,2,Pittsburgh Penguins,3,,"18,434",2:20,,2016-10-25
Anaheim Ducks,1,San Jose Sharks,2,OT,"17,562",2:36,,2016-10-25
Calgary Flames,4,St. Louis Blues,1,,"17,337",2:25,,2016-10-25
Tampa Bay Lightning,7,Toronto Maple Leafs,3,,"19,449",2:42,,2016-10-25
Ottawa Senators,3,Vancouver Canucks,0,,"18,471",2:24,,2016-10-25
Nashville Predators,1,Anaheim Ducks,6,,"15,421",2:36,,2016-10-26
Washington Capitals,1,Edmonton Oilers,4,,"18,347",2:30,,2016-10-26
Montreal Canadiens,3,New York Islanders,2,,"12,194",2:33,,2016-10-26
Boston Bruins,2,New York Rangers,5,,"18,006",2:31,,2016-10-26
Minnesota Wild,4,Buffalo Sabres,0,,"18,122",2:28,,2016-10-27
Nashville Predators,2,Los Angeles Kings,3,OT,"18,230",2:49,,2016-10-27
Tampa Bay Lightning,1,Montreal Canadiens,3,,"21,288",2:32,,2016-10-27
Arizona Coyotes,5,Philadelphia Flyers,4,,"19,432",2:39,,2016-10-27
New York Islanders,2,Pittsburgh Penguins,4,,"18,422",2:35,,2016-10-27
Columbus Blue Jackets,1,San Jose Sharks,3,,"17,229",2:30,,2016-10-27
Detroit Red Wings,2,St. Louis Blues,1,SO,"19,229",2:47,,2016-10-27
Florida Panthers,2,Toronto Maple Leafs,3,,"18,979",2:26,,2016-10-27
Dallas Stars,1,Winnipeg Jets,4,,"15,294",2:31,,2016-10-27
Columbus Blue Jackets,4,Anaheim Ducks,0,,"15,841",2:32,,2016-10-28
New York Rangers,2,Carolina Hurricanes,3,,"18,680",2:21,,2016-10-28
Ottawa Senators,2,Calgary Flames,5,,"18,132",2:36,,2016-10-28
Winnipeg Jets,1,Colorado Avalanche,0,,"16,135",2:24,,2016-10-28
Chicago Blackhawks,3,New Jersey Devils,2,OT,"13,882",2:30,,2016-10-28
Edmonton Oilers,2,Vancouver Canucks,0,,"18,865",2:24,,2016-10-28
Colorado Avalanche,3,Arizona Coyotes,2,,"13,533",2:26,,2016-10-29
Florida Panthers,0,Buffalo Sabres,3,,"18,261",2:34,,2016-10-29
Boston Bruins,1,Detroit Red Wings,0,,"20,027",2:45,,2016-10-29
Dallas Stars,0,Minnesota Wild,4,,"19,031",2:28,,2016-10-29
Toronto Maple Leafs,1,Montreal Canadiens,2,,"21,288",2:28,,2016-10-29
Tampa Bay Lightning,1,New Jersey Devils,3,,"13,098",2:30,,2016-10-29
Pittsburgh Penguins,5,Philadelphia Flyers,4,,"19,927",2:41,,2016-10-29
Nashville Predators,1,San Jose Sharks,4,,"17,562",2:28,,2016-10-29
Los Angeles Kings,0,St. Louis Blues,1,,"18,631",2:26,,2016-10-29
Washington Capitals,5,Vancouver Canucks,2,,"18,338",2:36,,2016-10-29
Philadelphia Flyers,4,Carolina Hurricanes,3,,"10,353",2:28,,2016-10-30
Washington Capitals,3,Calgary Flames,1,,"18,454",2:25,,2016-10-30
Los Angeles Kings,0,Chicago Blackhawks,3,,"21,329",2:23,,2016-10-30
Florida Panthers,5,Detroit Red Wings,2,,"20,027",2:24,,2016-10-30
Ottawa Senators,2,Edmonton Oilers,0,,"18,347",2:29,,2016-10-30
Toronto Maple Leafs,1,New York Islanders,5,,"12,057",2:32,,2016-10-30
Tampa Bay Lightning,1,New York Rangers,6,,"18,006",2:36,,2016-10-30
Buffalo Sabres,3,Winnipeg Jets,1,,"15,294",2:30,,2016-10-30
San Jose Sharks,2,Arizona Coyotes,3,,"11,046",2:36,,2016-11-01
Dallas Stars,2,Columbus Blue Jackets,3,OT,"10,141",2:27,,2016-11-01
Calgary Flames,1,Chicago Blackhawks,5,,"21,166",2:23,,2016-11-01
Nashville Predators,5,Colorado Avalanche,1,,"12,142",2:26,,2016-11-01
Boston Bruins,2,Florida Panthers,1,,"13,808",2:44,,2016-11-01
Anaheim Ducks,4,Los Angeles Kings,0,,"18,230",2:39,,2016-11-01
Buffalo Sabres,2,Minnesota Wild,1,,"18,864",2:28,,2016-11-01
Tampa Bay Lightning,6,New York Islanders,1,,"10,822",2:28,,2016-11-01
St. Louis Blues,0,New York Rangers,5,,"18,006",2:30,,2016-11-01
Carolina Hurricanes,1,Ottawa Senators,2,OT,"13,049",2:40,,2016-11-01
Edmonton Oilers,2,Toronto Maple Leafs,3,OT,"19,687",2:34,,2016-11-01
Washington Capitals,3,Winnipeg Jets,2,,"15,294",2:35,,2016-11-01
Pittsburgh Penguins,5,Anaheim Ducks,1,,"15,543",2:33,,2016-11-02
Vancouver Canucks,0,Montreal Canadiens,3,,"21,288",2:28,,2016-11-02
Detroit Red Wings,3,Philadelphia Flyers,4,OT,"19,309",2:32,,2016-11-02
Nashville Predators,2,Arizona Coyotes,3,SO,"10,745",2:40,,2016-11-03
Toronto Maple Leafs,2,Buffalo Sabres,1,,"18,183",2:35,,2016-11-03
Colorado Avalanche,0,Chicago Blackhawks,4,,"21,580",2:25,,2016-11-03
St. Louis Blues,2,Dallas Stars,6,,"18,532",2:40,,2016-11-03
New Jersey Devils,3,Florida Panthers,4,OT,"11,597",2:37,,2016-11-03
Pittsburgh Penguins,2,Los Angeles Kings,3,OT,"18,230",2:38,,2016-11-03
Philadelphia Flyers,3,New York Islanders,2,SO,"11,119",2:50,,2016-11-03
Edmonton Oilers,3,New York Rangers,5,,"18,006",2:31,,2016-11-03
Vancouver Canucks,0,Ottawa Senators,1,,"13,260",2:34,,2016-11-03
Calgary Flames,3,San Jose Sharks,2,,"17,562",2:24,,2016-11-03
Boston Bruins,4,Tampa Bay Lightning,3,SO,"19,092",3:04,,2016-11-03
Winnipeg Jets,3,Washington Capitals,4,OT,"18,506",2:39,,2016-11-03
Arizona Coyotes,1,Anaheim Ducks,5,,"16,405",2:33,,2016-11-04
Montreal Canadiens,0,Columbus Blue Jackets,10,,"14,436",2:39,,2016-11-04
Winnipeg Jets,5,Detroit Red Wings,3,,"20,027",2:43,,2016-11-04
New York Rangers,5,Boston Bruins,2,,"17,565",2:24,,2016-11-05
Minnesota Wild,0,Colorado Avalanche,1,,"16,256",2:34,,2016-11-05
Chicago Blackhawks,3,Dallas Stars,2,,"18,532",2:42,,2016-11-05
Calgary Flames,0,Los Angeles Kings,5,,"18,230",2:30,,2016-11-05
Philadelphia Flyers,4,Montreal Canadiens,5,,"21,288",2:32,,2016-11-05
Carolina Hurricanes,3,Nashville Predators,2,SO,"17,113",2:38,,2016-11-05
Edmonton Oilers,4,New York Islanders,3,SO,"13,862",2:41,,2016-11-05
Buffalo Sabres,2,Ottawa Senators,1,,"16,225",2:23,,2016-11-05
Pittsburgh Penguins,5,San Jose Sharks,0,,"17,562",2:29,,2016-11-05
Columbus Blue Jackets,1,St. Louis Blues,2,OT,"18,245",2:35,,2016-11-05
New Jersey Devils,1,Tampa Bay Lightning,4,,"19,092",2:37,,2016-11-05
Vancouver Canucks,3,Toronto Maple Leafs,6,,"19,480",2:48,,2016-11-05
Florida Panthers,2,Washington Capitals,4,,"18,506",2:32,,2016-11-05
Calgary Flames,1,Anaheim Ducks,4,,"16,218",2:27,,2016-11-06
New Jersey Devils,4,Carolina Hurricanes,1,,"8,650",2:23,,2016-11-06
Dallas Stars,3,Chicago Blackhawks,4,OT,"21,901",2:49,,2016-11-06
Edmonton Oilers,2,Detroit Red Wings,1,,"20,027",2:28,,2016-11-06
Winnipeg Jets,2,New York Rangers,5,,"18,006",2:23,,2016-11-06
Colorado Avalanche,1,St. Louis Blues,5,,"17,220",2:26,,2016-11-06
Buffalo Sabres,0,Boston Bruins,4,,"17,565",2:34,,2016-11-07
Tampa Bay Lightning,1,Florida Panthers,3,,"11,703",2:28,,2016-11-07
Vancouver Canucks,2,New York Islanders,4,,"12,514",2:29,,2016-11-07
Arizona Coyotes,4,Colorado Avalanche,2,,"13,858",2:27,,2016-11-08
Boston Bruins,2,Montreal Canadiens,3,,"21,288",2:33,,2016-11-08
Carolina Hurricanes,2,New Jersey Devils,3,SO,"12,179",2:50,,2016-11-08
Ottawa Senators,1,Nashville Predators,3,,"17,113",2:35,,2016-11-08
Vancouver Canucks,5,New York Rangers,3,,"18,006",2:26,,2016-11-08
Detroit Red Wings,3,Philadelphia Flyers,2,SO,"19,598",2:35,,2016-11-08
Edmonton Oilers,3,Pittsburgh Penguins,4,,"18,576",2:26,,2016-11-08
Los Angeles Kings,7,Toronto Maple Leafs,0,,"18,976",2:27,,2016-11-08
Dallas Stars,2,Winnipeg Jets,8,,"15,294",3:26,,2016-11-08
San Jose Sharks,3,Washington Capitals,0,,"18,506",2:21,,2016-11-08
Ottawa Senators,2,Buffalo Sabres,1,SO,"17,884",2:42,,2016-11-09
Anaheim Ducks,2,Columbus Blue Jackets,3,OT,"10,250",2:39,,2016-11-09
Chicago Blackhawks,2,St. Louis Blues,1,OT,"18,704",2:31,,2016-11-09
Winnipeg Jets,3,Arizona Coyotes,2,,"11,185",2:22,,2016-11-10
Columbus Blue Jackets,2,Boston Bruins,5,,"17,565",2:26,,2016-11-10
Anaheim Ducks,4,Carolina Hurricanes,2,,"8,086",2:32,,2016-11-10
Dallas Stars,4,Calgary Flames,2,,"18,795",2:30,,2016-11-10
Vancouver Canucks,1,Detroit Red Wings,3,,"20,027",2:28,,2016-11-10
San Jose Sharks,4,Florida Panthers,2,,"11,703",2:24,,2016-11-10
Los Angeles Kings,1,Montreal Canadiens,4,,"21,288",2:27,,2016-11-10
St. Louis Blues,1,Nashville Predators,3,,"17,259",2:24,,2016-11-10
Minnesota Wild,4,Pittsburgh Penguins,2,,"18,458",2:34,,2016-11-10
New York Islanders,1,Tampa Bay Lightning,4,,"19,092",2:22,,2016-11-10
New Jersey Devils,2,Buffalo Sabres,1,OT,"18,301",2:41,,2016-11-11
Washington Capitals,3,Chicago Blackhawks,2,OT,"22,075",2:32,,2016-11-11
Winnipeg Jets,2,Colorado Avalanche,3,OT,"16,517",2:30,,2016-11-11
Dallas Stars,3,Edmonton Oilers,2,,"18,347",2:30,,2016-11-11
Los Angeles Kings,1,Ottawa Senators,2,,"15,622",2:32,,2016-11-11
Philadelphia Flyers,3,Toronto Maple Leafs,6,,"19,189",2:25,,2016-11-11
Boston Bruins,2,Arizona Coyotes,1,,"16,531",2:35,,2016-11-12
Washington Capitals,1,Carolina Hurricanes,5,,"12,436",2:29,,2016-11-12
St. Louis Blues,4,Columbus Blue Jackets,8,,"15,788",2:34,,2016-11-12
New York Rangers,4,Calgary Flames,1,,"18,421",2:21,,2016-11-12
New York Islanders,2,Florida Panthers,3,OT,"15,828",2:53,,2016-11-12
Detroit Red Wings,0,Montreal Canadiens,5,,"21,288",2:33,,2016-11-12
Buffalo Sabres,2,New Jersey Devils,4,,"16,514",2:34,,2016-11-12
Anaheim Ducks,0,Nashville Predators,5,,"17,309",2:37,,2016-11-12
Minnesota Wild,2,Philadelphia Flyers,3,,"19,591",2:30,,2016-11-12
Toronto Maple Leafs,1,Pittsburgh Penguins,4,,"18,668",2:23,,2016-11-12
San Jose Sharks,3,Tampa Bay Lightning,1,,"19,092",2:35,,2016-11-12
Montreal Canadiens,2,Chicago Blackhawks,3,,"21,762",2:36,,2016-11-13
Boston Bruins,2,Colorado Avalanche,0,,"15,808",2:31,,2016-11-13
New York Rangers,3,Edmonton Oilers,1,,"18,347",2:27,,2016-11-13
Minnesota Wild,2,Ottawa Senators,1,OT,"14,265",2:35,,2016-11-13
Dallas Stars,4,Vancouver Canucks,5,OT,"18,470",2:33,,2016-11-13
Los Angeles Kings,2,Winnipeg Jets,3,SO,"15,294",2:43,,2016-11-13
Tampa Bay Lightning,4,New York Islanders,0,,"12,498",2:26,,2016-11-14
Edmonton Oilers,1,Anaheim Ducks,4,,"15,600",2:33,,2016-11-15
San Jose Sharks,0,Carolina Hurricanes,1,,"8,932",2:18,,2016-11-15
Washington Capitals,1,Columbus Blue Jackets,2,OT,"11,738",2:30,,2016-11-15
Los Angeles Kings,1,Colorado Avalanche,4,,"14,805",2:35,,2016-11-15
New Jersey Devils,2,Dallas Stars,1,OT,"18,039",2:24,,2016-11-15
Tampa Bay Lightning,4,Detroit Red Wings,3,,"20,027",2:33,,2016-11-15
Calgary Flames,1,Minnesota Wild,0,,"19,048",2:32,,2016-11-15
Florida Panthers,4,Montreal Canadiens,3,OT,"21,288",2:29,,2016-11-15
Ottawa Senators,3,Philadelphia Flyers,2,SO,"19,358",2:49,,2016-11-15
Buffalo Sabres,1,St. Louis Blues,4,,"16,884",2:30,,2016-11-15
Nashville Predators,2,Toronto Maple Leafs,6,,"19,342",2:30,,2016-11-15
New York Rangers,7,Vancouver Canucks,2,,"17,814",2:27,,2016-11-15
Chicago Blackhawks,0,Winnipeg Jets,4,,"15,294",2:26,,2016-11-15
Arizona Coyotes,1,Calgary Flames,2,OT,"18,202",2:37,,2016-11-16
Pittsburgh Penguins,1,Washington Capitals,7,,"18,506",2:45,,2016-11-16
New Jersey Devils,2,Anaheim Ducks,3,,"14,954",2:46,,2016-11-17
Tampa Bay Lightning,4,Buffalo Sabres,1,,"17,870",2:29,,2016-11-17
Colorado Avalanche,2,Dallas Stars,3,,"18,237",2:42,,2016-11-17
Edmonton Oilers,2,Los Angeles Kings,4,,"18,230",2:29,,2016-11-17
Boston Bruins,0,Minnesota Wild,1,,"18,774",2:33,,2016-11-17
Nashville Predators,5,Ottawa Senators,1,,"15,480",2:27,,2016-11-17
Winnipeg Jets,2,Philadelphia Flyers,5,,"19,432",2:26,,2016-11-17
San Jose Sharks,2,St. Louis Blues,3,,"17,618",2:28,,2016-11-17
Florida Panthers,1,Toronto Maple Leafs,6,,"18,931",2:33,,2016-11-17
Arizona Coyotes,2,Vancouver Canucks,3,OT,"18,027",2:56,,2016-11-17
Montreal Canadiens,2,Carolina Hurricanes,3,,"12,101",2:27,,2016-11-18
New York Rangers,2,Columbus Blue Jackets,4,,"14,541",2:27,,2016-11-18
Chicago Blackhawks,3,Calgary Flames,2,,"18,691",2:31,,2016-11-18
Pittsburgh Penguins,3,New York Islanders,2,OT,"13,365",2:28,,2016-11-18
Detroit Red Wings,0,Washington Capitals,1,,"18,506",2:27,,2016-11-18
San Jose Sharks,2,Arizona Coyotes,3,OT,"13,148",2:38,,2016-11-19
Winnipeg Jets,1,Boston Bruins,4,,"17,565",2:21,,2016-11-19
Pittsburgh Penguins,1,Buffalo Sabres,2,SO,"18,817",2:49,,2016-11-19
Edmonton Oilers,5,Dallas Stars,2,,"18,352",2:28,,2016-11-19
New Jersey Devils,2,Los Angeles Kings,4,,"18,230",2:25,,2016-11-19
Colorado Avalanche,3,Minnesota Wild,2,,"19,238",2:43,,2016-11-19
Toronto Maple Leafs,1,Montreal Canadiens,2,,"21,288",2:30,,2016-11-19
Florida Panthers,4,Ottawa Senators,1,,"14,132",2:25,,2016-11-19
Tampa Bay Lightning,3,Philadelphia Flyers,0,,"19,732",2:25,,2016-11-19
Nashville Predators,1,St. Louis Blues,3,,"18,922",2:29,,2016-11-19
Chicago Blackhawks,4,Vancouver Canucks,3,OT,"18,865",2:31,,2016-11-19
Los Angeles Kings,3,Anaheim Ducks,2,,"16,611",2:38,,2016-11-20
Winnipeg Jets,1,Carolina Hurricanes,3,,"10,809",2:30,,2016-11-20
Calgary Flames,3,Detroit Red Wings,2,,"20,027",2:26,,2016-11-20
Florida Panthers,3,New York Rangers,2,SO,"18,006",2:49,,2016-11-20
Columbus Blue Jackets,3,Washington Capitals,2,,"18,506",2:29,,2016-11-20
Calgary Flames,2,Buffalo Sabres,4,,"17,526",2:29,,2016-11-21
Colorado Avalanche,3,Columbus Blue Jackets,2,OT,"10,063",2:35,,2016-11-21
Minnesota Wild,2,Dallas Stars,3,OT,"18,532",2:38,,2016-11-21
Chicago Blackhawks,0,Edmonton Oilers,5,,"18,347",2:25,,2016-11-21
Tampa Bay Lightning,1,Nashville Predators,3,,"17,113",2:37,,2016-11-21
New York Rangers,5,Pittsburgh Penguins,2,,"18,632",2:24,,2016-11-21
New Jersey Devils,0,San Jose Sharks,4,,"17,286",2:11,,2016-11-21
New York Islanders,3,Anaheim Ducks,2,SO,"15,161",3:07,,2016-11-22
St. Louis Blues,4,Boston Bruins,2,,"17,565",2:32,,2016-11-22
Philadelphia Flyers,3,Florida Panthers,1,,"15,515",2:28,,2016-11-22
Ottawa Senators,4,Montreal Canadiens,3,,"21,288",2:45,,2016-11-22
Carolina Hurricanes,2,Toronto Maple Leafs,1,,"18,893",2:20,,2016-11-22
Vancouver Canucks,4,Arizona Coyotes,1,,"11,256",2:28,,2016-11-23
Detroit Red Wings,2,Buffalo Sabres,1,SO,"18,360",2:42,,2016-11-23
Calgary Flames,2,Columbus Blue Jackets,0,,"13,140",2:20,,2016-11-23
Edmonton Oilers,6,Colorado Avalanche,3,,"15,185",2:27,,2016-11-23
New York Islanders,2,Los Angeles Kings,4,,"18,230",2:26,,2016-11-23
Winnipeg Jets,1,Minnesota Wild,3,,"19,022",2:21,,2016-11-23
Toronto Maple Leafs,4,New Jersey Devils,5,SO,"13,752",2:47,,2016-11-23
Dallas Stars,2,Nashville Predators,5,,"17,119",2:30,,2016-11-23
Pittsburgh Penguins,6,New York Rangers,1,,"18,006",2:25,,2016-11-23
Chicago Blackhawks,1,San Jose Sharks,2,,"17,501",2:27,,2016-11-23
Philadelphia Flyers,2,Tampa Bay Lightning,4,,"19,092",2:41,,2016-11-23
St. Louis Blues,3,Washington Capitals,4,,"18,506",2:33,,2016-11-23
Carolina Hurricanes,1,Montreal Canadiens,2,,"21,288",2:26,,2016-11-24
Boston Bruins,1,Ottawa Senators,3,,"17,191",2:29,,2016-11-24
Chicago Blackhawks,3,Anaheim Ducks,2,,"17,174",2:33,,2016-11-25
Edmonton Oilers,2,Arizona Coyotes,3,SO,"14,950",2:54,,2016-11-25
Calgary Flames,2,Boston Bruins,1,,"17,565",2:42,,2016-11-25
Vancouver Canucks,1,Dallas Stars,2,,"18,532",2:30,,2016-11-25
Pittsburgh Penguins,2,Minnesota Wild,6,,"19,212",2:24,,2016-11-25
Detroit Red Wings,5,New Jersey Devils,4,OT,"15,612",2:38,,2016-11-25
Winnipeg Jets,1,Nashville Predators,5,,"17,192",2:30,,2016-11-25
New York Rangers,3,Philadelphia Flyers,2,,"19,981",2:33,,2016-11-25
New York Islanders,2,San Jose Sharks,3,,"17,562",2:19,,2016-11-25
Columbus Blue Jackets,5,Tampa Bay Lightning,3,,"19,092",2:35,,2016-11-25
Buffalo Sabres,1,Washington Capitals,3,,"18,506",2:34,,2016-11-25
Vancouver Canucks,3,Colorado Avalanche,2,SO,"15,511",2:39,,2016-11-26
Montreal Canadiens,2,Detroit Red Wings,1,OT,"20,027",2:39,,2016-11-26
Columbus Blue Jackets,1,Florida Panthers,2,SO,"13,573",3:18,,2016-11-26
Chicago Blackhawks,1,Los Angeles Kings,2,OT,"18,435",2:34,,2016-11-26
Carolina Hurricanes,1,Ottawa Senators,2,,"18,042",2:26,,2016-11-26
New Jersey Devils,3,Pittsburgh Penguins,4,SO,"18,615",2:56,,2016-11-26
Anaheim Ducks,3,San Jose Sharks,2,,"17,562",2:41,,2016-11-26
Minnesota Wild,3,St. Louis Blues,4,SO,"19,396",2:44,,2016-11-26
Washington Capitals,2,Toronto Maple Leafs,4,,"19,051",2:38,,2016-11-26
Tampa Bay Lightning,1,Boston Bruins,4,,"17,565",2:29,,2016-11-27
Florida Panthers,2,Carolina Hurricanes,3,,"8,124",2:19,,2016-11-27
Arizona Coyotes,2,Edmonton Oilers,1,,"18,347",2:30,,2016-11-27
Ottawa Senators,2,New York Rangers,0,,"18,006",2:27,,2016-11-27
Calgary Flames,3,Philadelphia Flyers,5,,"19,408",2:38,,2016-11-27
Nashville Predators,0,Winnipeg Jets,3,,"15,294",2:26,,2016-11-27
Calgary Flames,1,New York Islanders,2,OT,"10,772",2:31,,2016-11-28
Dallas Stars,3,St. Louis Blues,4,OT,"17,169",2:37,,2016-11-28
Montreal Canadiens,1,Anaheim Ducks,2,,"14,830",2:34,,2016-11-29
Tampa Bay Lightning,1,Columbus Blue Jackets,5,,"10,366",2:30,,2016-11-29
Florida Panthers,1,Chicago Blackhawks,2,SO,"21,475",2:46,,2016-11-29
Nashville Predators,5,Colorado Avalanche,3,,"12,082",2:29,,2016-11-29
Dallas Stars,1,Detroit Red Wings,3,,"20,027",2:32,,2016-11-29
Toronto Maple Leafs,4,Edmonton Oilers,2,,"18,347",2:32,,2016-11-29
Carolina Hurricanes,2,New York Rangers,3,,"18,006",2:21,,2016-11-29
Buffalo Sabres,5,Ottawa Senators,4,,"14,259",2:36,,2016-11-29
Boston Bruins,2,Philadelphia Flyers,3,SO,"19,558",2:57,,2016-11-29
Arizona Coyotes,1,San Jose Sharks,2,OT,"17,377",2:32,,2016-11-29
Minnesota Wild,4,Vancouver Canucks,5,,"17,917",2:28,,2016-11-29
New Jersey Devils,2,Winnipeg Jets,3,,"15,294",2:30,,2016-11-29
Toronto Maple Leafs,0,Calgary Flames,3,,"19,289",2:20,,2016-11-30
San Jose Sharks,4,Los Angeles Kings,1,,"18,230",2:27,,2016-11-30
Pittsburgh Penguins,3,New York Islanders,5,,"12,149",2:40,,2016-11-30
Los Angeles Kings,4,Arizona Coyotes,3,,"11,327",2:38,,2016-12-01
Carolina Hurricanes,1,Boston Bruins,2,SO,"17,565",2:48,,2016-12-01
New York Rangers,3,Buffalo Sabres,4,,"18,047",2:25,,2016-12-01
New Jersey Devils,3,Chicago Blackhawks,4,OT,"21,351",2:33,,2016-12-01
Columbus Blue Jackets,3,Colorado Avalanche,2,,"12,141",2:25,,2016-12-01
Florida Panthers,2,Detroit Red Wings,1,OT,"20,027",2:31,,2016-12-01
Philadelphia Flyers,3,Ottawa Senators,2,OT,"14,334",2:39,,2016-12-01
Dallas Stars,2,Pittsburgh Penguins,6,,"18,420",2:26,,2016-12-01
Tampa Bay Lightning,4,St. Louis Blues,5,,"17,351",2:32,,2016-12-01
Anaheim Ducks,3,Vancouver Canucks,1,,"17,627",2:28,,2016-12-01
Edmonton Oilers,6,Winnipeg Jets,3,,"15,294",2:23,,2016-12-01
New York Islanders,3,Washington Capitals,0,,"18,506",2:27,,2016-12-01
Minnesota Wild,2,Calgary Flames,3,SO,"18,390",2:45,,2016-12-02
Montreal Canadiens,1,San Jose Sharks,2,,"17,562",2:31,,2016-12-02
Columbus Blue Jackets,3,Arizona Coyotes,2,SO,"11,287",2:58,,2016-12-03
Boston Bruins,2,Buffalo Sabres,1,,"19,070",2:39,,2016-12-03
Dallas Stars,3,Colorado Avalanche,0,,"16,725",2:20,,2016-12-03
Anaheim Ducks,2,Edmonton Oilers,3,OT,"18,347",2:34,,2016-12-03
New Jersey Devils,5,Nashville Predators,4,OT,"17,113",2:54,,2016-12-03
Carolina Hurricanes,2,New York Rangers,4,,"18,006",2:25,,2016-12-03
Florida Panthers,0,Ottawa Senators,2,,"15,149",2:30,,2016-12-03
Chicago Blackhawks,1,Philadelphia Flyers,3,,"19,487",2:27,,2016-12-03
Detroit Red Wings,3,Pittsburgh Penguins,5,,"18,661",2:26,,2016-12-03
Winnipeg Jets,3,St. Louis Blues,2,OT,"19,362",2:25,,2016-12-03
Washington Capitals,1,Tampa Bay Lightning,2,SO,"19,092",2:46,,2016-12-03
Toronto Maple Leafs,2,Vancouver Canucks,3,SO,"18,865",2:40,,2016-12-03
Tampa Bay Lightning,0,Carolina Hurricanes,1,OT,"11,521",2:24,,2016-12-04
Anaheim Ducks,3,Calgary Flames,8,,"17,840",2:36,,2016-12-04
Winnipeg Jets,2,Chicago Blackhawks,1,,"21,383",2:30,,2016-12-04
Minnesota Wild,2,Edmonton Oilers,1,OT,"18,347",2:41,,2016-12-04
Montreal Canadiens,5,Los Angeles Kings,4,SO,"18,230",2:49,,2016-12-04
Philadelphia Flyers,4,Nashville Predators,2,,"17,113",2:34,,2016-12-04
Detroit Red Wings,4,New York Islanders,3,OT,"13,789",2:28,,2016-12-04
Florida Panthers,3,Boston Bruins,4,OT,"17,565",2:29,,2016-12-05
Arizona Coyotes,1,Columbus Blue Jackets,4,,"11,091",2:28,,2016-12-05
Ottawa Senators,5,Pittsburgh Penguins,8,,"18,414",2:45,,2016-12-05
Buffalo Sabres,2,Washington Capitals,3,OT,"18,506",2:38,,2016-12-05
Edmonton Oilers,3,Buffalo Sabres,4,OT,"18,149",2:41,,2016-12-06
Arizona Coyotes,0,Chicago Blackhawks,4,,"21,327",2:26,,2016-12-06
Calgary Flames,2,Dallas Stars,1,,"17,996",2:34,,2016-12-06
Vancouver Canucks,2,New Jersey Devils,3,,"13,126",2:34,,2016-12-06
Colorado Avalanche,3,Nashville Predators,4,,"17,113",2:40,,2016-12-06
New York Rangers,2,New York Islanders,4,,"15,795",2:27,,2016-12-06
Florida Panthers,2,Philadelphia Flyers,3,OT,"18,999",2:41,,2016-12-06
Montreal Canadiens,2,St. Louis Blues,3,OT,"17,646",2:38,,2016-12-06
Detroit Red Wings,4,Winnipeg Jets,3,SO,"15,294",2:36,,2016-12-06
Carolina Hurricanes,5,Anaheim Ducks,6,SO,"14,582",2:45,,2016-12-07
Ottawa Senators,4,San Jose Sharks,2,,"17,349",2:33,,2016-12-07
Minnesota Wild,3,Toronto Maple Leafs,2,,"18,944",2:35,,2016-12-07
Boston Bruins,3,Washington Capitals,4,OT,"18,506",2:39,,2016-12-07
Calgary Flames,2,Arizona Coyotes,1,OT,"10,210",2:36,,2016-12-08
Colorado Avalanche,4,Boston Bruins,2,,"17,565",2:21,,2016-12-08
Nashville Predators,2,Dallas Stars,5,,"17,887",2:40,,2016-12-08
Pittsburgh Penguins,5,Florida Panthers,1,,"14,068",2:27,,2016-12-08
Carolina Hurricanes,3,Los Angeles Kings,1,,"18,230",2:20,,2016-12-08
New Jersey Devils,2,Montreal Canadiens,5,,"21,288",2:53,,2016-12-08
St. Louis Blues,2,New York Islanders,3,,"11,178",2:24,,2016-12-08
Edmonton Oilers,5,Philadelphia Flyers,6,,"19,346",2:35,,2016-12-08
Vancouver Canucks,5,Tampa Bay Lightning,1,,"19,092",2:30,,2016-12-08
New York Rangers,2,Winnipeg Jets,1,,"15,294",2:17,,2016-12-08
San Jose Sharks,2,Anaheim Ducks,3,,"17,174",2:25,,2016-12-09
Washington Capitals,4,Buffalo Sabres,1,,"18,234",2:28,,2016-12-09
New York Rangers,1,Chicago Blackhawks,0,OT,"21,770",2:31,,2016-12-09
Columbus Blue Jackets,4,Detroit Red Wings,1,,"20,027",2:33,,2016-12-09
Edmonton Oilers,2,Minnesota Wild,3,SO,"19,019",2:59,,2016-12-09
St. Louis Blues,4,New Jersey Devils,1,,"16,514",2:22,,2016-12-09
Nashville Predators,1,Arizona Coyotes,4,,"13,820",2:32,,2016-12-10
Toronto Maple Leafs,4,Boston Bruins,1,,"17,565",2:25,,2016-12-10
New York Islanders,2,Columbus Blue Jackets,6,,"16,928",2:30,,2016-12-10
Winnipeg Jets,2,Calgary Flames,6,,"18,677",2:36,,2016-12-10
Vancouver Canucks,2,Florida Panthers,4,,"17,585",2:35,,2016-12-10
Ottawa Senators,1,Los Angeles Kings,4,,"18,230",2:30,,2016-12-10
Colorado Avalanche,1,Montreal Canadiens,10,,"21,288",2:29,,2016-12-10
Dallas Stars,2,Philadelphia Flyers,4,,"19,594",2:44,,2016-12-10
Carolina Hurricanes,3,San Jose Sharks,4,,"17,562",2:24,,2016-12-10
Pittsburgh Penguins,4,Tampa Bay Lightning,3,,"19,092",2:41,,2016-12-10
Ottawa Senators,1,Anaheim Ducks,5,,"15,714",2:33,,2016-12-11
Dallas Stars,1,Chicago Blackhawks,3,,"21,451",2:24,,2016-12-11
Philadelphia Flyers,1,Detroit Red Wings,0,OT,"20,027",2:41,,2016-12-11
Winnipeg Jets,2,Edmonton Oilers,3,,"18,347",2:29,,2016-12-11
St. Louis Blues,1,Minnesota Wild,3,,"18,363",2:51,,2016-12-11
New Jersey Devils,0,New York Rangers,5,,"18,006",2:37,,2016-12-11
Colorado Avalanche,3,Toronto Maple Leafs,1,,"18,875",2:33,,2016-12-11
Vancouver Canucks,0,Washington Capitals,3,,"18,506",2:31,,2016-12-11
Boston Bruins,2,Montreal Canadiens,1,OT,"21,288",2:43,,2016-12-12
Arizona Coyotes,0,Pittsburgh Penguins,7,,"18,420",2:28,,2016-12-12
Los Angeles Kings,3,Buffalo Sabres,6,,"18,375",2:28,,2016-12-13
Vancouver Canucks,6,Carolina Hurricanes,8,,"11,721",2:38,,2016-12-13
Anaheim Ducks,2,Dallas Stars,6,,"17,543",2:41,,2016-12-13
Arizona Coyotes,4,Detroit Red Wings,1,,"20,027",2:32,,2016-12-13
Columbus Blue Jackets,3,Edmonton Oilers,1,,"18,347",2:27,,2016-12-13
Florida Panthers,1,Minnesota Wild,5,,"18,754",2:45,,2016-12-13
St. Louis Blues,3,Nashville Predators,6,,"17,113",2:30,,2016-12-13
Washington Capitals,4,New York Islanders,2,,"12,730",2:29,,2016-12-13
Chicago Blackhawks,2,New York Rangers,1,,"18,006",2:19,,2016-12-13
San Jose Sharks,3,Toronto Maple Leafs,2,SO,"19,380",2:48,,2016-12-13
Tampa Bay Lightning,6,Calgary Flames,3,,"18,164",2:36,,2016-12-14
Philadelphia Flyers,4,Colorado Avalanche,3,,"14,456",2:33,,2016-12-14
San Jose Sharks,4,Ottawa Senators,3,SO,"17,273",2:50,,2016-12-14
Boston Bruins,3,Pittsburgh Penguins,4,OT,"18,415",2:38,,2016-12-14
Anaheim Ducks,4,Boston Bruins,3,,"17,565",2:36,,2016-12-15
New York Rangers,2,Dallas Stars,0,,"18,212",2:33,,2016-12-15
Los Angeles Kings,4,Detroit Red Wings,1,,"20,027",2:32,,2016-12-15
Minnesota Wild,5,Nashville Predators,2,,"17,113",2:33,,2016-12-15
Chicago Blackhawks,5,New York Islanders,4,,"12,504",2:22,,2016-12-15
New Jersey Devils,2,St. Louis Blues,5,,"18,347",2:26,,2016-12-15
Arizona Coyotes,3,Toronto Maple Leafs,2,SO,"18,903",2:43,,2016-12-15
Florida Panthers,3,Winnipeg Jets,4,SO,"15,294",2:52,,2016-12-15
New York Islanders,2,Buffalo Sabres,3,OT,"18,903",2:32,,2016-12-16
Washington Capitals,4,Carolina Hurricanes,3,SO,"11,892",2:35,,2016-12-16
Columbus Blue Jackets,4,Calgary Flames,1,,"18,045",2:22,,2016-12-16
Florida Panthers,3,Colorado Avalanche,1,,"14,679",2:27,,2016-12-16
San Jose Sharks,4,Montreal Canadiens,2,,"21,288",2:30,,2016-12-16
Los Angeles Kings,1,Pittsburgh Penguins,0,OT,"18,544",2:28,,2016-12-16
Tampa Bay Lightning,2,Vancouver Canucks,4,,"18,685",2:25,,2016-12-16
Buffalo Sabres,1,Carolina Hurricanes,2,SO,"11,682",2:30,,2016-12-17
Philadelphia Flyers,1,Dallas Stars,3,,"18,243",2:22,,2016-12-17
Anaheim Ducks,4,Detroit Red Wings,6,,"20,027",2:50,,2016-12-17
Tampa Bay Lightning,2,Edmonton Oilers,3,SO,"18,347",2:41,,2016-12-17
Arizona Coyotes,1,Minnesota Wild,4,,"19,036",2:30,,2016-12-17
New York Rangers,2,Nashville Predators,1,SO,"17,113",2:37,,2016-12-17
New Jersey Devils,1,Ottawa Senators,3,,"15,111",2:28,,2016-12-17
Chicago Blackhawks,6,St. Louis Blues,4,,"19,197",2:28,,2016-12-17
Pittsburgh Penguins,1,Toronto Maple Leafs,2,OT,"19,553",2:35,,2016-12-17
Montreal Canadiens,2,Washington Capitals,1,,"18,506",2:29,,2016-12-17
Los Angeles Kings,0,Boston Bruins,1,,"17,565",2:32,,2016-12-18
San Jose Sharks,1,Chicago Blackhawks,4,,"22,027",2:16,,2016-12-18
Ottawa Senators,6,New York Islanders,2,,"13,102",2:31,,2016-12-18
New Jersey Devils,2,New York Rangers,3,SO,"18,006",2:43,,2016-12-18
Columbus Blue Jackets,4,Vancouver Canucks,3,OT,"18,113",2:24,,2016-12-18
Colorado Avalanche,1,Winnipeg Jets,4,,"15,294",2:23,,2016-12-18
Calgary Flames,4,Arizona Coyotes,2,,"12,192",2:50,,2016-12-19
Nashville Predators,2,Philadelphia Flyers,1,SO,"19,660",2:36,,2016-12-19
Edmonton Oilers,3,St. Louis Blues,2,OT,"19,357",2:37,,2016-12-19
Anaheim Ducks,3,Toronto Maple Leafs,2,,"18,861",2:44,,2016-12-19
New York Islanders,4,Boston Bruins,2,,"17,565",2:27,,2016-12-20
Los Angeles Kings,2,Columbus Blue Jackets,3,SO,"16,568",2:42,,2016-12-20
Ottawa Senators,4,Chicago Blackhawks,3,,"21,614",2:32,,2016-12-20
St. Louis Blues,3,Dallas Stars,2,OT,"18,532",2:45,,2016-12-20
Buffalo Sabres,3,Florida Panthers,4,SO,"14,265",2:51,,2016-12-20
Colorado Avalanche,0,Minnesota Wild,2,,"19,018",2:21,,2016-12-20
Anaheim Ducks,1,Montreal Canadiens,5,,"21,288",2:29,,2016-12-20
Nashville Predators,5,New Jersey Devils,1,,"13,744",2:22,,2016-12-20
New York Rangers,2,Pittsburgh Penguins,7,,"18,541",2:24,,2016-12-20
Calgary Flames,1,San Jose Sharks,4,,"17,562",2:24,,2016-12-20
Detroit Red Wings,1,Tampa Bay Lightning,4,,"19,092",2:32,,2016-12-20
Winnipeg Jets,1,Vancouver Canucks,4,,"18,865",2:29,,2016-12-20
Edmonton Oilers,3,Arizona Coyotes,2,,"11,378",2:46,,2016-12-21
Washington Capitals,2,Philadelphia Flyers,3,SO,"20,011",2:41,,2016-12-21
Carolina Hurricanes,3,Buffalo Sabres,1,,"18,863",2:19,,2016-12-22
Pittsburgh Penguins,1,Columbus Blue Jackets,7,,"19,115",2:36,,2016-12-22
Toronto Maple Leafs,6,Colorado Avalanche,0,,"15,502",2:33,,2016-12-22
Boston Bruins,3,Florida Panthers,1,,"14,462",2:37,,2016-12-22
Minnesota Wild,4,Montreal Canadiens,2,,"21,288",2:34,,2016-12-22
Philadelphia Flyers,0,New Jersey Devils,4,,"16,514",2:42,,2016-12-22
Los Angeles Kings,4,Nashville Predators,0,,"17,156",2:20,,2016-12-22
Anaheim Ducks,1,Ottawa Senators,2,OT,"17,125",2:36,,2016-12-22
St. Louis Blues,2,Tampa Bay Lightning,5,,"19,092",2:37,,2016-12-22
Winnipeg Jets,4,Vancouver Canucks,1,,"18,865",2:28,,2016-12-22
Toronto Maple Leafs,4,Arizona Coyotes,1,,"14,377",2:34,,2016-12-23
Boston Bruins,2,Carolina Hurricanes,3,OT,"12,924",2:29,,2016-12-23
Montreal Canadiens,1,Columbus Blue Jackets,2,,"18,147",2:31,,2016-12-23
Vancouver Canucks,1,Calgary Flames,4,,"18,840",2:25,,2016-12-23
Colorado Avalanche,2,Chicago Blackhawks,1,OT,"21,918",2:32,,2016-12-23
Los Angeles Kings,2,Dallas Stars,3,OT,"18,156",2:31,,2016-12-23
Detroit Red Wings,4,Florida Panthers,3,SO,"15,374",2:59,,2016-12-23
Buffalo Sabres,1,New York Islanders,5,,"13,852",2:23,,2016-12-23
Minnesota Wild,7,New York Rangers,4,,"18,006",2:25,,2016-12-23
New Jersey Devils,1,Pittsburgh Penguins,4,,"18,625",2:33,,2016-12-23
Edmonton Oilers,2,San Jose Sharks,3,OT,"17,562",2:40,,2016-12-23
Tampa Bay Lightning,0,Washington Capitals,4,,"18,506",2:31,,2016-12-23
San Jose Sharks,3,Anaheim Ducks,2,OT,"17,403",2:32,,2016-12-27
Dallas Stars,3,Arizona Coyotes,2,,"14,561",2:40,,2016-12-27
Boston Bruins,3,Columbus Blue Jackets,4,,"19,005",2:33,,2016-12-27
Winnipeg Jets,3,Chicago Blackhawks,1,,"22,117",2:27,,2016-12-27
Calgary Flames,6,Colorado Avalanche,3,,"14,634",2:25,,2016-12-27
Buffalo Sabres,4,Detroit Red Wings,3,,"20,027",2:43,,2016-12-27
Pittsburgh Penguins,5,New Jersey Devils,2,,"16,514",2:37,,2016-12-27
Minnesota Wild,3,Nashville Predators,2,OT,"17,141",2:35,,2016-12-27
Washington Capitals,3,New York Islanders,4,,"15,795",2:30,,2016-12-27
Ottawa Senators,3,New York Rangers,4,,"18,006",2:40,,2016-12-27
Toronto Maple Leafs,3,Florida Panthers,2,SO,"16,965",2:51,,2016-12-28
Carolina Hurricanes,2,Pittsburgh Penguins,3,,"18,653",2:28,,2016-12-28
Philadelphia Flyers,3,St. Louis Blues,6,,"19,409",2:50,,2016-12-28
Montreal Canadiens,3,Tampa Bay Lightning,4,OT,"19,092",2:32,,2016-12-28
Los Angeles Kings,1,Vancouver Canucks,2,,"18,865",2:19,,2016-12-28
New York Rangers,6,Arizona Coyotes,3,,"15,090",2:27,,2016-12-29
Boston Bruins,4,Buffalo Sabres,2,,"19,070",2:43,,2016-12-29
Anaheim Ducks,3,Calgary Flames,1,,"19,289",2:42,,2016-12-29
Colorado Avalanche,2,Dallas Stars,4,,"18,532",2:30,,2016-12-29
Los Angeles Kings,1,Edmonton Oilers,3,,"18,347",2:30,,2016-12-29
Montreal Canadiens,3,Florida Panthers,2,OT,"17,489",2:39,,2016-12-29
New York Islanders,4,Minnesota Wild,6,,"19,252",2:36,,2016-12-29
Chicago Blackhawks,3,Nashville Predators,2,,"17,229",2:24,,2016-12-29
Detroit Red Wings,3,Ottawa Senators,2,OT,"20,011",2:28,,2016-12-29
Toronto Maple Leafs,3,Tampa Bay Lightning,2,OT,"19,092",2:39,,2016-12-29
Columbus Blue Jackets,5,Winnipeg Jets,3,,"15,294",2:34,,2016-12-29
New Jersey Devils,2,Washington Capitals,1,SO,"18,506",2:42,,2016-12-29
Chicago Blackhawks,2,Carolina Hurricanes,3,,"18,016",2:23,,2016-12-30
Philadelphia Flyers,0,San Jose Sharks,2,,"17,562",2:30,,2016-12-30
Nashville Predators,4,St. Louis Blues,0,,"19,483",2:25,,2016-12-30
Anaheim Ducks,2,Vancouver Canucks,3,OT,"18,214",2:38,,2016-12-30
Buffalo Sabres,1,Boston Bruins,3,,"17,565",2:28,,2016-12-31
Arizona Coyotes,2,Calgary Flames,4,,"19,289",2:34,,2016-12-31
New York Rangers,6,Colorado Avalanche,2,,"17,609",2:41,,2016-12-31
Florida Panthers,3,Dallas Stars,1,,"18,532",2:31,,2016-12-31
Vancouver Canucks,3,Edmonton Oilers,2,SO,"18,347",2:44,,2016-12-31
San Jose Sharks,2,Los Angeles Kings,3,,"18,230",2:44,,2016-12-31
Columbus Blue Jackets,4,Minnesota Wild,2,,"19,307",2:36,,2016-12-31
Washington Capitals,6,New Jersey Devils,2,,"16,514",2:39,,2016-12-31
Montreal Canadiens,3,Pittsburgh Penguins,4,OT,"18,633",2:40,,2016-12-31
Carolina Hurricanes,1,Tampa Bay Lightning,3,,"19,092",2:26,,2016-12-31
New York Islanders,6,Winnipeg Jets,2,,"15,294",2:27,,2016-12-31
Philadelphia Flyers,3,Anaheim Ducks,4,SO,"17,174",2:51,,2017-01-01
Detroit Red Wings,4,Toronto Maple Leafs,5,OT,"40,148",2:57,,2017-01-01
Ottawa Senators,1,Washington Capitals,2,,"18,506",2:29,,2017-01-01
Boston Bruins,0,New Jersey Devils,3,,"15,141",2:25,,2017-01-02
Chicago Blackhawks,1,St. Louis Blues,4,,"46,556",2:31,,2017-01-02
Colorado Avalanche,2,Vancouver Canucks,3,,"18,865",2:26,,2017-01-02
New Jersey Devils,3,Carolina Hurricanes,1,,"8,998",2:24,,2017-01-03
Edmonton Oilers,1,Columbus Blue Jackets,3,,"17,169",2:28,,2017-01-03
Montreal Canadiens,2,Nashville Predators,1,OT,"17,113",2:40,,2017-01-03
Buffalo Sabres,4,New York Rangers,1,,"18,006",2:23,,2017-01-03
Los Angeles Kings,2,San Jose Sharks,1,OT,"17,562",2:34,,2017-01-03
Winnipeg Jets,6,Tampa Bay Lightning,4,,"19,092",2:35,,2017-01-03
Toronto Maple Leafs,5,Washington Capitals,6,OT,"18,506",2:39,,2017-01-03
Detroit Red Wings,0,Anaheim Ducks,2,,"17,174",2:28,,2017-01-04
Colorado Avalanche,1,Calgary Flames,4,,"18,388",2:30,,2017-01-04
Montreal Canadiens,4,Dallas Stars,3,OT,"18,106",2:44,,2017-01-04
Winnipeg Jets,4,Florida Panthers,1,,"13,607",2:26,,2017-01-04
New York Rangers,5,Philadelphia Flyers,2,,"19,858",2:24,,2017-01-04
Arizona Coyotes,0,Vancouver Canucks,3,,"18,215",2:25,,2017-01-04
Edmonton Oilers,4,Boston Bruins,3,,"17,565",2:40,,2017-01-05
Buffalo Sabres,3,Chicago Blackhawks,4,OT,"21,824",2:21,,2017-01-05
Detroit Red Wings,4,Los Angeles Kings,0,,"18,230",2:26,,2017-01-05
Minnesota Wild,5,San Jose Sharks,4,,"17,562",2:25,,2017-01-05
Carolina Hurricanes,4,St. Louis Blues,2,,"19,090",2:26,,2017-01-05
Nashville Predators,6,Tampa Bay Lightning,1,,"19,092",2:33,,2017-01-05
Columbus Blue Jackets,0,Washington Capitals,5,,"18,506",2:30,,2017-01-05
Arizona Coyotes,2,Anaheim Ducks,3,OT,"15,415",2:36,,2017-01-06
Carolina Hurricanes,1,Chicago Blackhawks,2,,"21,822",2:29,,2017-01-06
New York Islanders,1,Colorado Avalanche,2,OT,"14,788",2:47,,2017-01-06
Nashville Predators,1,Florida Panthers,2,,"14,003",2:32,,2017-01-06
Toronto Maple Leafs,4,New Jersey Devils,2,,"15,233",2:23,,2017-01-06
Calgary Flames,2,Vancouver Canucks,4,,"18,865",2:31,,2017-01-06
New York Islanders,1,Arizona Coyotes,2,SO,"12,380",2:41,,2017-01-07
Winnipeg Jets,3,Buffalo Sabres,4,,"19,070",2:32,,2017-01-07
New York Rangers,5,Columbus Blue Jackets,4,,"19,001",2:28,,2017-01-07
Vancouver Canucks,1,Calgary Flames,3,,"18,685",2:23,,2017-01-07
Boston Bruins,4,Florida Panthers,0,,"16,630",2:29,,2017-01-07
Minnesota Wild,3,Los Angeles Kings,4,OT,"18,230",2:36,,2017-01-07
Edmonton Oilers,2,New Jersey Devils,1,OT,"14,734",2:28,,2017-01-07
Washington Capitals,1,Ottawa Senators,0,,"18,685",2:27,,2017-01-07
Tampa Bay Lightning,2,Philadelphia Flyers,4,,"19,810",2:28,,2017-01-07
Detroit Red Wings,3,San Jose Sharks,6,,"17,562",2:24,,2017-01-07
Dallas Stars,3,St. Louis Blues,4,,"19,503",2:34,,2017-01-07
Montreal Canadiens,5,Toronto Maple Leafs,3,,"19,796",2:39,,2017-01-07
Minnesota Wild,2,Anaheim Ducks,1,,"15,645",2:35,,2017-01-08
Boston Bruins,3,Carolina Hurricanes,4,OT,"11,820",2:28,,2017-01-08
Philadelphia Flyers,1,Columbus Blue Jackets,2,OT,"17,962",2:34,,2017-01-08
Nashville Predators,2,Chicago Blackhawks,5,,"21,658",2:27,,2017-01-08
Edmonton Oilers,3,Ottawa Senators,5,,"17,724",2:26,,2017-01-08
Tampa Bay Lightning,2,Pittsburgh Penguins,6,,"18,633",2:29,,2017-01-08
Dallas Stars,6,Los Angeles Kings,4,,"18,230",2:35,,2017-01-09
Washington Capitals,4,Montreal Canadiens,1,,"21,288",2:30,,2017-01-09
Florida Panthers,3,New Jersey Devils,0,,"12,834",2:19,,2017-01-09
Calgary Flames,0,Winnipeg Jets,2,,"15,294",2:23,,2017-01-09
Dallas Stars,0,Anaheim Ducks,2,,"15,073",2:29,,2017-01-10
Philadelphia Flyers,1,Buffalo Sabres,4,,"18,920",2:30,,2017-01-10
Columbus Blue Jackets,3,Carolina Hurricanes,5,,"9,351",2:33,,2017-01-10
Detroit Red Wings,3,Chicago Blackhawks,4,OT,"22,019",2:39,,2017-01-10
San Jose Sharks,5,Edmonton Oilers,3,,"18,347",2:24,,2017-01-10
Vancouver Canucks,1,Nashville Predators,2,OT,"17,113",2:39,,2017-01-10
Boston Bruins,5,St. Louis Blues,3,,"19,342",2:32,,2017-01-10
San Jose Sharks,2,Calgary Flames,3,,"18,912",2:26,,2017-01-11
Florida Panthers,2,New York Islanders,1,,"13,529",2:25,,2017-01-11
Montreal Canadiens,7,Winnipeg Jets,4,,"15,294",2:29,,2017-01-11
Pittsburgh Penguins,2,Washington Capitals,5,,"18,506",2:43,,2017-01-11
Anaheim Ducks,4,Colorado Avalanche,1,,"14,589",2:28,,2017-01-12
Detroit Red Wings,2,Dallas Stars,5,,"18,532",2:28,,2017-01-12
New Jersey Devils,2,Edmonton Oilers,3,OT,"18,347",2:32,,2017-01-12
St. Louis Blues,1,Los Angeles Kings,5,,"18,230",2:33,,2017-01-12
Montreal Canadiens,1,Minnesota Wild,7,,"19,104",2:22,,2017-01-12
Boston Bruins,1,Nashville Predators,2,,"17,113",2:32,,2017-01-12
Pittsburgh Penguins,1,Ottawa Senators,4,,"17,769",2:31,,2017-01-12
Vancouver Canucks,4,Philadelphia Flyers,5,SO,"19,757",2:52,,2017-01-12
Buffalo Sabres,2,Tampa Bay Lightning,4,,"19,092",2:32,,2017-01-12
Winnipeg Jets,3,Arizona Coyotes,4,,"12,326",2:33,,2017-01-13
Buffalo Sabres,2,Carolina Hurricanes,5,,"11,992",2:22,,2017-01-13
New Jersey Devils,2,Calgary Flames,1,,"19,190",2:30,,2017-01-13
New York Islanders,5,Florida Panthers,2,,"14,352",2:38,,2017-01-13
Toronto Maple Leafs,4,New York Rangers,2,,"18,006",2:29,,2017-01-13
Columbus Blue Jackets,3,Tampa Bay Lightning,1,,"19,092",2:36,,2017-01-13
Chicago Blackhawks,0,Washington Capitals,6,,"18,506",2:23,,2017-01-13
Anaheim Ducks,3,Arizona Coyotes,0,,"12,015",2:32,,2017-01-14
Philadelphia Flyers,3,Boston Bruins,6,,"17,565",2:33,,2017-01-14
New York Islanders,4,Carolina Hurricanes,7,,"16,640",2:24,,2017-01-14
Nashville Predators,3,Colorado Avalanche,2,,"16,096",2:32,,2017-01-14
Minnesota Wild,5,Dallas Stars,4,,"18,532",2:27,,2017-01-14
Pittsburgh Penguins,3,Detroit Red Wings,6,,"20,027",2:34,,2017-01-14
Calgary Flames,1,Edmonton Oilers,2,SO,"18,347",2:34,,2017-01-14
Columbus Blue Jackets,3,Florida Panthers,4,,"14,795",2:40,,2017-01-14
Winnipeg Jets,2,Los Angeles Kings,3,OT,"18,230",2:41,,2017-01-14
New York Rangers,4,Montreal Canadiens,5,,"21,288",2:43,,2017-01-14
Toronto Maple Leafs,4,Ottawa Senators,2,,"19,782",2:37,,2017-01-14
St. Louis Blues,4,San Jose Sharks,0,,"17,562",2:26,,2017-01-14
St. Louis Blues,2,Anaheim Ducks,1,OT,"17,174",2:30,,2017-01-15
Minnesota Wild,3,Chicago Blackhawks,2,,"22,051",2:26,,2017-01-15
New Jersey Devils,2,Vancouver Canucks,1,OT,"18,865",2:25,,2017-01-15
Philadelphia Flyers,0,Washington Capitals,5,,"18,506",2:15,,2017-01-15
New York Islanders,4,Boston Bruins,0,,"17,565",2:18,,2017-01-16
Dallas Stars,1,Buffalo Sabres,4,,"19,070",2:31,,2017-01-16
Montreal Canadiens,0,Detroit Red Wings,1,,"20,027",2:24,,2017-01-16
Arizona Coyotes,1,Edmonton Oilers,3,,"18,347",2:28,,2017-01-16
Tampa Bay Lightning,2,Los Angeles Kings,1,,"18,230",2:30,,2017-01-16
Washington Capitals,7,Pittsburgh Penguins,8,OT,"18,653",2:46,,2017-01-16
Winnipeg Jets,2,San Jose Sharks,5,,"17,479",2:25,,2017-01-16
Tampa Bay Lightning,1,Anaheim Ducks,2,OT,"14,763",2:38,,2017-01-17
Carolina Hurricanes,1,Columbus Blue Jackets,4,,"14,724",2:26,,2017-01-17
Florida Panthers,2,Calgary Flames,5,,"18,137",2:27,,2017-01-17
Chicago Blackhawks,6,Colorado Avalanche,4,,"18,007",2:26,,2017-01-17
New Jersey Devils,4,Minnesota Wild,3,,"19,051",2:26,,2017-01-17
Dallas Stars,7,New York Rangers,6,,"18,006",2:38,,2017-01-17
Ottawa Senators,6,St. Louis Blues,4,,"18,922",2:37,,2017-01-17
Buffalo Sabres,3,Toronto Maple Leafs,4,,"19,122",2:29,,2017-01-17
Nashville Predators,0,Vancouver Canucks,1,,"18,312",2:39,,2017-01-17
Boston Bruins,5,Detroit Red Wings,6,SO,"20,027",2:49,,2017-01-18
Florida Panthers,3,Edmonton Oilers,4,OT,"18,347",2:42,,2017-01-18
San Jose Sharks,3,Los Angeles Kings,2,,"18,230",2:36,,2017-01-18
Pittsburgh Penguins,4,Montreal Canadiens,1,,"21,288",2:28,,2017-01-18
Arizona Coyotes,3,Winnipeg Jets,6,,"15,294",2:23,,2017-01-18
Colorado Avalanche,1,Anaheim Ducks,2,,"15,414",3:01,,2017-01-19
Ottawa Senators,2,Columbus Blue Jackets,0,,"15,823",2:33,,2017-01-19
Nashville Predators,4,Calgary Flames,3,,"18,904",2:34,,2017-01-19
Arizona Coyotes,3,Minnesota Wild,4,,"19,027",2:30,,2017-01-19
Dallas Stars,0,New York Islanders,3,,"12,630",2:27,,2017-01-19
Tampa Bay Lightning,1,San Jose Sharks,2,,"17,387",2:21,,2017-01-19
Washington Capitals,7,St. Louis Blues,3,,"19,316",2:25,,2017-01-19
New York Rangers,5,Toronto Maple Leafs,2,,"19,088",2:31,,2017-01-19
Chicago Blackhawks,1,Boston Bruins,0,,"17,565",2:20,,2017-01-20
Detroit Red Wings,2,Buffalo Sabres,3,OT,"18,942",2:45,,2017-01-20
Pittsburgh Penguins,7,Carolina Hurricanes,1,,"17,312",2:35,,2017-01-20
Nashville Predators,3,Edmonton Oilers,2,SO,"18,347",3:07,,2017-01-20
Montreal Canadiens,3,New Jersey Devils,1,,"15,345",2:29,,2017-01-20
Florida Panthers,1,Vancouver Canucks,2,,"18,865",2:30,,2017-01-20
Tampa Bay Lightning,3,Arizona Coyotes,5,,"12,177",2:35,,2017-01-21
Carolina Hurricanes,2,Columbus Blue Jackets,3,,"19,033",2:28,,2017-01-21
Edmonton Oilers,7,Calgary Flames,3,,"19,289",2:42,,2017-01-21
Washington Capitals,4,Dallas Stars,3,OT,"18,532",2:44,,2017-01-21
Anaheim Ducks,3,Minnesota Wild,5,,"19,288",2:30,,2017-01-21
Buffalo Sabres,3,Montreal Canadiens,2,OT,"21,288",2:31,,2017-01-21
Los Angeles Kings,2,New York Islanders,4,,"15,138",2:38,,2017-01-21
New Jersey Devils,4,Philadelphia Flyers,1,,"19,932",2:39,,2017-01-21
Colorado Avalanche,2,San Jose Sharks,3,OT,"17,562",2:28,,2017-01-21
Ottawa Senators,3,Toronto Maple Leafs,2,SO,"19,544",2:55,,2017-01-21
St. Louis Blues,3,Winnipeg Jets,5,,"15,294",2:28,,2017-01-21
Vancouver Canucks,2,Chicago Blackhawks,4,,"21,689",2:35,,2017-01-22
New York Rangers,1,Detroit Red Wings,0,OT,"20,027",2:33,,2017-01-22
Nashville Predators,4,Minnesota Wild,2,,"19,087",2:24,,2017-01-22
Philadelphia Flyers,3,New York Islanders,2,OT,"13,146",2:39,,2017-01-22
Columbus Blue Jackets,7,Ottawa Senators,6,OT,"16,702",2:40,,2017-01-22
Boston Bruins,1,Pittsburgh Penguins,5,,"18,506",2:42,,2017-01-22
Florida Panthers,2,Arizona Coyotes,3,OT,"10,042",2:34,,2017-01-23
San Jose Sharks,5,Colorado Avalanche,2,,"13,803",2:27,,2017-01-23
Los Angeles Kings,2,New York Rangers,3,,"18,006",2:27,,2017-01-23
Calgary Flames,0,Toronto Maple Leafs,4,,"19,043",2:32,,2017-01-23
Anaheim Ducks,3,Winnipeg Jets,2,,"15,294",2:40,,2017-01-23
Carolina Hurricanes,1,Washington Capitals,6,,"18,506",2:29,,2017-01-23
Detroit Red Wings,3,Boston Bruins,4,OT,"17,565",2:45,,2017-01-24
Tampa Bay Lightning,5,Chicago Blackhawks,2,,"21,617",2:30,,2017-01-24
Minnesota Wild,3,Dallas Stars,2,SO,"17,877",2:48,,2017-01-24
Calgary Flames,1,Montreal Canadiens,5,,"21,288",2:29,,2017-01-24
Los Angeles Kings,3,New Jersey Devils,1,,"13,412",2:26,,2017-01-24
Buffalo Sabres,5,Nashville Predators,4,OT,"17,113",2:49,,2017-01-24
Columbus Blue Jackets,2,New York Islanders,4,,"11,419",2:29,,2017-01-24
Washington Capitals,0,Ottawa Senators,3,,"16,683",2:30,,2017-01-24
St. Louis Blues,3,Pittsburgh Penguins,0,,"18,563",2:31,,2017-01-24
San Jose Sharks,4,Winnipeg Jets,3,,"15,294",2:35,,2017-01-24
Edmonton Oilers,4,Anaheim Ducks,0,,"17,174",2:23,,2017-01-25
Vancouver Canucks,3,Colorado Avalanche,2,,"12,819",2:30,,2017-01-25
Toronto Maple Leafs,4,Detroit Red Wings,0,,"20,027",2:24,,2017-01-25
Philadelphia Flyers,2,New York Rangers,0,,"18,006",2:17,,2017-01-25
Vancouver Canucks,0,Arizona Coyotes,3,,"11,203",2:26,,2017-01-26
Pittsburgh Penguins,3,Boston Bruins,4,,"17,565",2:44,,2017-01-26
Los Angeles Kings,3,Carolina Hurricanes,0,,"10,486",2:21,,2017-01-26
Winnipeg Jets,5,Chicago Blackhawks,3,,"21,746",2:23,,2017-01-26
Buffalo Sabres,3,Dallas Stars,4,,"17,856",2:40,,2017-01-26
Tampa Bay Lightning,1,Florida Panthers,2,OT,"14,248",2:36,,2017-01-26
St. Louis Blues,1,Minnesota Wild,5,,"19,064",2:31,,2017-01-26
Washington Capitals,5,New Jersey Devils,2,,"13,428",2:32,,2017-01-26
Columbus Blue Jackets,3,Nashville Predators,4,,"17,113",2:43,,2017-01-26
Montreal Canadiens,1,New York Islanders,3,,"12,019",2:25,,2017-01-26
Calgary Flames,3,Ottawa Senators,2,OT,"16,263",2:36,,2017-01-26
Toronto Maple Leafs,1,Philadelphia Flyers,2,,"19,723",2:28,,2017-01-26
Edmonton Oilers,4,San Jose Sharks,1,,"17,562",2:22,,2017-01-26
Colorado Avalanche,1,Anaheim Ducks,5,,"15,963",2:32,,2017-01-31
Los Angeles Kings,3,Arizona Coyotes,2,,"11,577",2:33,,2017-01-31
Philadelphia Flyers,1,Carolina Hurricanes,5,,"13,577",2:38,,2017-01-31
Toronto Maple Leafs,3,Dallas Stars,6,,"17,547",2:29,,2017-01-31
New Jersey Devils,4,Detroit Red Wings,3,,"20,027",2:28,,2017-01-31
Minnesota Wild,5,Edmonton Oilers,2,,"18,347",2:39,,2017-01-31
Ottawa Senators,5,Florida Panthers,6,,"11,933",2:38,,2017-01-31
Buffalo Sabres,2,Montreal Canadiens,5,,"21,288",2:23,,2017-01-31
Washington Capitals,2,New York Islanders,3,,"11,240",2:21,,2017-01-31
Columbus Blue Jackets,6,New York Rangers,4,,"18,006",2:35,,2017-01-31
Nashville Predators,2,Pittsburgh Penguins,4,,"18,455",2:36,,2017-01-31
Chicago Blackhawks,1,San Jose Sharks,3,,"17,424",2:23,,2017-01-31
Winnipeg Jets,5,St. Louis Blues,3,,"19,483",2:28,,2017-01-31
Boston Bruins,4,Tampa Bay Lightning,3,,"19,092",2:41,,2017-01-31
Minnesota Wild,1,Calgary Flames,5,,"18,044",2:35,,2017-02-01
Colorado Avalanche,0,Los Angeles Kings,5,,"18,230",2:29,,2017-02-01
Boston Bruins,3,Washington Capitals,5,,"18,506",2:32,,2017-02-01
Chicago Blackhawks,4,Arizona Coyotes,3,,"17,125",2:33,,2017-02-02
New York Rangers,2,Buffalo Sabres,1,OT,"18,941",2:40,,2017-02-02
Winnipeg Jets,4,Dallas Stars,3,,"17,236",2:30,,2017-02-02
Edmonton Oilers,0,Nashville Predators,2,,"17,113",2:38,,2017-02-02
Montreal Canadiens,1,Philadelphia Flyers,3,,"19,768",2:22,,2017-02-02
Toronto Maple Leafs,1,St. Louis Blues,5,,"19,258",2:30,,2017-02-02
Ottawa Senators,5,Tampa Bay Lightning,2,,"19,092",2:30,,2017-02-02
San Jose Sharks,4,Vancouver Canucks,1,,"18,865",2:25,,2017-02-02
Edmonton Oilers,1,Carolina Hurricanes,2,,"12,512",2:27,,2017-02-03
New York Islanders,4,Detroit Red Wings,5,,"20,027",2:32,,2017-02-03
Anaheim Ducks,1,Florida Panthers,2,,"14,689",2:30,,2017-02-03
Calgary Flames,4,New Jersey Devils,3,OT,"14,716",2:46,,2017-02-03
Columbus Blue Jackets,3,Pittsburgh Penguins,4,OT,"18,649",2:31,,2017-02-03
Toronto Maple Leafs,6,Boston Bruins,5,,"17,565",2:53,,2017-02-04
Ottawa Senators,0,Buffalo Sabres,4,,"19,070",2:25,,2017-02-04
New Jersey Devils,5,Columbus Blue Jackets,1,,"18,566",2:35,,2017-02-04
Winnipeg Jets,2,Colorado Avalanche,5,,"13,930",2:35,,2017-02-04
Chicago Blackhawks,5,Dallas Stars,3,,"18,532",2:27,,2017-02-04
Washington Capitals,3,Montreal Canadiens,2,,"21,288",2:37,,2017-02-04
Detroit Red Wings,1,Nashville Predators,0,,"17,204",2:30,,2017-02-04
Carolina Hurricanes,5,New York Islanders,4,OT,"14,153",2:38,,2017-02-04
Los Angeles Kings,1,Philadelphia Flyers,0,OT,"19,833",2:29,,2017-02-04
Arizona Coyotes,3,San Jose Sharks,2,SO,"17,562",2:46,,2017-02-04
Pittsburgh Penguins,4,St. Louis Blues,1,,"19,496",2:29,,2017-02-04
Anaheim Ducks,2,Tampa Bay Lightning,3,SO,"19,092",3:01,,2017-02-04
Minnesota Wild,6,Vancouver Canucks,3,,"18,212",2:35,,2017-02-04
Edmonton Oilers,1,Montreal Canadiens,0,SO,"21,288",2:37,,2017-02-05
Calgary Flames,3,New York Rangers,4,,"18,006",2:22,,2017-02-05
Los Angeles Kings,0,Washington Capitals,5,,"18,506",2:19,,2017-02-05
Buffalo Sabres,1,New Jersey Devils,2,,"12,105",2:31,,2017-02-06
Toronto Maple Leafs,5,New York Islanders,6,OT,"11,828",2:34,,2017-02-06
St. Louis Blues,2,Philadelphia Flyers,0,,"19,589",2:29,,2017-02-06
San Jose Sharks,4,Buffalo Sabres,5,OT,"18,462",2:35,,2017-02-07
Montreal Canadiens,0,Colorado Avalanche,4,,"12,667",2:25,,2017-02-07
Columbus Blue Jackets,3,Detroit Red Wings,2,OT,"20,027",2:32,,2017-02-07
Vancouver Canucks,2,Nashville Predators,4,,"17,113",2:42,,2017-02-07
Anaheim Ducks,1,New York Rangers,4,,"18,006",2:27,,2017-02-07
St. Louis Blues,6,Ottawa Senators,0,,"16,787",2:28,,2017-02-07
Calgary Flames,3,Pittsburgh Penguins,2,SO,"18,556",2:40,,2017-02-07
Los Angeles Kings,0,Tampa Bay Lightning,5,,"19,092",2:25,,2017-02-07
Dallas Stars,1,Toronto Maple Leafs,3,,"19,233",2:35,,2017-02-07
Minnesota Wild,4,Winnipeg Jets,2,,"15,294",2:30,,2017-02-07
Carolina Hurricanes,0,Washington Capitals,5,,"18,506",2:24,,2017-02-07
Chicago Blackhawks,4,Minnesota Wild,3,OT,"19,326",2:42,,2017-02-08
Montreal Canadiens,5,Arizona Coyotes,4,OT,"14,098",2:41,,2017-02-09
San Jose Sharks,3,Boston Bruins,6,,"17,565",2:31,,2017-02-09
Anaheim Ducks,5,Buffalo Sabres,2,,"18,027",2:32,,2017-02-09
Vancouver Canucks,3,Columbus Blue Jackets,0,,"13,979",2:23,,2017-02-09
Pittsburgh Penguins,4,Colorado Avalanche,1,,"16,777",2:24,,2017-02-09
Los Angeles Kings,6,Florida Panthers,3,,"13,451",2:34,,2017-02-09
Nashville Predators,3,New York Rangers,4,,"18,006",2:30,,2017-02-09
Dallas Stars,2,Ottawa Senators,3,,"17,676",2:36,,2017-02-09
New York Islanders,3,Philadelphia Flyers,1,,"19,737",2:19,,2017-02-09
St. Louis Blues,2,Toronto Maple Leafs,1,OT,"18,920",2:32,,2017-02-09
Detroit Red Wings,3,Washington Capitals,6,,"18,506",2:31,,2017-02-09
Tampa Bay Lightning,1,Minnesota Wild,2,SO,"19,178",2:44,,2017-02-10
Chicago Blackhawks,5,Winnipeg Jets,2,,"15,294",2:27,,2017-02-10
Pittsburgh Penguins,3,Arizona Coyotes,4,OT,"15,879",2:43,,2017-02-11
Vancouver Canucks,3,Boston Bruins,4,,"17,565",2:29,,2017-02-11
Detroit Red Wings,1,Columbus Blue Jackets,2,,"19,143",2:33,,2017-02-11
Carolina Hurricanes,2,Dallas Stars,5,,"17,864",2:25,,2017-02-11
Chicago Blackhawks,5,Edmonton Oilers,1,,"18,347",2:19,,2017-02-11
St. Louis Blues,4,Montreal Canadiens,2,,"21,288",2:25,,2017-02-11
Florida Panthers,7,Nashville Predators,4,,"17,113",2:51,,2017-02-11
Colorado Avalanche,2,New York Rangers,4,,"18,006",2:31,,2017-02-11
New York Islanders,0,Ottawa Senators,3,,"18,211",2:25,,2017-02-11
San Jose Sharks,1,Philadelphia Flyers,2,OT,"19,910",2:36,,2017-02-11
Buffalo Sabres,3,Toronto Maple Leafs,1,,"19,427",2:32,,2017-02-11
Tampa Bay Lightning,4,Winnipeg Jets,1,,"15,294",2:29,,2017-02-11
Anaheim Ducks,4,Washington Capitals,6,,"18,506",2:36,,2017-02-11
Montreal Canadiens,0,Boston Bruins,4,,"17,565",2:36,,2017-02-12
Vancouver Canucks,4,Buffalo Sabres,2,,"18,876",2:29,,2017-02-12
Detroit Red Wings,3,Minnesota Wild,6,,"19,141",2:28,,2017-02-12
San Jose Sharks,4,New Jersey Devils,1,,"16,514",2:18,,2017-02-12
Dallas Stars,3,Nashville Predators,5,,"17,113",2:33,,2017-02-12
Colorado Avalanche,1,New York Islanders,5,,"14,107",2:35,,2017-02-12
New York Rangers,3,Columbus Blue Jackets,2,,"14,378",2:26,,2017-02-13
Arizona Coyotes,5,Calgary Flames,0,,"18,486",2:28,,2017-02-13
Arizona Coyotes,2,Edmonton Oilers,5,,"18,347",2:38,,2017-02-14
Anaheim Ducks,1,Minnesota Wild,0,,"19,047",2:33,,2017-02-14
Colorado Avalanche,2,New Jersey Devils,3,,"12,462",2:36,,2017-02-14
Buffalo Sabres,3,Ottawa Senators,2,,"16,832",2:28,,2017-02-14
Vancouver Canucks,0,Pittsburgh Penguins,4,,"18,653",2:26,,2017-02-14
New York Islanders,1,Toronto Maple Leafs,7,,"18,956",2:30,,2017-02-14
Dallas Stars,2,Winnipeg Jets,5,,"15,294",2:36,,2017-02-14
Toronto Maple Leafs,2,Columbus Blue Jackets,5,,"14,548",2:30,,2017-02-15
Philadelphia Flyers,1,Calgary Flames,3,,"18,815",2:36,,2017-02-15
St. Louis Blues,2,Detroit Red Wings,0,,"20,027",2:19,,2017-02-15
Florida Panthers,6,San Jose Sharks,5,OT,"17,562",2:31,,2017-02-15
Colorado Avalanche,0,Buffalo Sabres,2,,"18,335",2:32,,2017-02-16
Philadelphia Flyers,3,Edmonton Oilers,6,,"18,347",2:42,,2017-02-16
Arizona Coyotes,5,Los Angeles Kings,3,,"18,230",2:44,,2017-02-16
Dallas Stars,1,Minnesota Wild,3,,"19,084",2:41,,2017-02-16
Ottawa Senators,3,New Jersey Devils,0,,"13,908",2:26,,2017-02-16
New York Rangers,2,New York Islanders,4,,"15,795",2:25,,2017-02-16
Winnipeg Jets,3,Pittsburgh Penguins,4,OT,"18,638",2:42,,2017-02-16
Vancouver Canucks,3,St. Louis Blues,4,,"19,291",2:26,,2017-02-16
Florida Panthers,4,Anaheim Ducks,1,,"16,339",2:28,,2017-02-17
Colorado Avalanche,2,Carolina Hurricanes,1,OT,"11,456",2:36,,2017-02-17
Pittsburgh Penguins,1,Columbus Blue Jackets,2,OT,"19,188",2:36,,2017-02-17
San Jose Sharks,4,Arizona Coyotes,1,,"17,446",2:29,,2017-02-18
St. Louis Blues,2,Buffalo Sabres,3,,"19,070",2:27,,2017-02-18
Edmonton Oilers,3,Chicago Blackhawks,1,,"22,075",2:23,,2017-02-18
Tampa Bay Lightning,3,Dallas Stars,4,OT,"18,210",2:32,,2017-02-18
Washington Capitals,2,Detroit Red Wings,3,SO,"20,027",2:53,,2017-02-18
Florida Panthers,3,Los Angeles Kings,2,,"18,230",2:28,,2017-02-18
Nashville Predators,2,Minnesota Wild,5,,"19,292",2:46,,2017-02-18
Winnipeg Jets,3,Montreal Canadiens,1,,"21,288",2:26,,2017-02-18
New York Islanders,2,New Jersey Devils,3,,"16,514",2:29,,2017-02-18
Ottawa Senators,6,Toronto Maple Leafs,3,,"19,527",2:37,,2017-02-18
Calgary Flames,1,Vancouver Canucks,2,OT,"18,865",2:33,,2017-02-18
Los Angeles Kings,0,Anaheim Ducks,1,,"17,174",2:17,,2017-02-19
Chicago Blackhawks,5,Buffalo Sabres,1,,"19,070",2:22,,2017-02-19
Toronto Maple Leafs,4,Carolina Hurricanes,0,,"10,004",2:33,,2017-02-19
Nashville Predators,4,Columbus Blue Jackets,3,,"17,894",2:35,,2017-02-19
Tampa Bay Lightning,3,Colorado Avalanche,2,OT,"17,270",2:48,,2017-02-19
New Jersey Devils,4,New York Islanders,6,,"15,795",2:37,,2017-02-19
Washington Capitals,1,New York Rangers,2,,"18,006",2:23,,2017-02-19
Winnipeg Jets,3,Ottawa Senators,2,,"19,288",2:32,,2017-02-19
Detroit Red Wings,5,Pittsburgh Penguins,2,,"18,664",2:34,,2017-02-19
Boston Bruins,2,San Jose Sharks,1,OT,"17,562",2:36,,2017-02-19
Philadelphia Flyers,3,Vancouver Canucks,2,,"18,865",2:28,,2017-02-19
Anaheim Ducks,2,Arizona Coyotes,3,,"14,554",2:28,,2017-02-20
Florida Panthers,2,St. Louis Blues,1,,"19,239",2:26,,2017-02-20
Pittsburgh Penguins,3,Carolina Hurricanes,1,,"12,145",2:26,,2017-02-21
Los Angeles Kings,2,Colorado Avalanche,1,,"13,768",2:14,,2017-02-21
New York Islanders,3,Detroit Red Wings,1,,"20,027",2:25,,2017-02-21
Chicago Blackhawks,5,Minnesota Wild,3,,"19,333",2:29,,2017-02-21
Ottawa Senators,2,New Jersey Devils,1,,"12,343",2:16,,2017-02-21
Calgary Flames,6,Nashville Predators,5,OT,"17,113",2:51,,2017-02-21
Montreal Canadiens,3,New York Rangers,2,SO,"18,006",2:39,,2017-02-21
Edmonton Oilers,1,Tampa Bay Lightning,4,,"19,092",2:36,,2017-02-21
Winnipeg Jets,4,Toronto Maple Leafs,5,OT,"19,583",2:55,,2017-02-21
Boston Bruins,3,Anaheim Ducks,5,,"15,135",2:41,,2017-02-22
Edmonton Oilers,4,Florida Panthers,3,,"15,300",2:35,,2017-02-22
Washington Capitals,4,Philadelphia Flyers,1,,"19,849",2:39,,2017-02-22
Arizona Coyotes,3,Chicago Blackhawks,6,,"21,781",2:31,,2017-02-23
Boston Bruins,4,Los Angeles Kings,1,,"18,230",2:36,,2017-02-23
New York Islanders,3,Montreal Canadiens,0,,"21,288",2:27,,2017-02-23
Colorado Avalanche,2,Nashville Predators,4,,"17,243",2:32,,2017-02-23
Calgary Flames,3,Tampa Bay Lightning,2,,"19,092",2:32,,2017-02-23
New York Rangers,2,Toronto Maple Leafs,1,SO,"19,175",2:41,,2017-02-23
Ottawa Senators,0,Carolina Hurricanes,3,,"11,327",2:31,,2017-02-24
Arizona Coyotes,2,Dallas Stars,5,,"18,043",2:34,,2017-02-24
Calgary Flames,4,Florida Panthers,2,,"14,765",2:31,,2017-02-24
Edmonton Oilers,1,Washington Capitals,2,,"18,506",2:19,,2017-02-24
New York Islanders,0,Columbus Blue Jackets,7,,"18,183",2:19,,2017-02-25
Buffalo Sabres,3,Colorado Avalanche,5,,"15,362",2:25,,2017-02-25
Anaheim Ducks,1,Los Angeles Kings,4,,"18,230",2:56,,2017-02-25
New York Rangers,4,New Jersey Devils,3,OT,"16,514",2:27,,2017-02-25
Washington Capitals,2,Nashville Predators,5,,"17,150",2:37,,2017-02-25
Philadelphia Flyers,2,Pittsburgh Penguins,4,,"67,318",2:39,,2017-02-25
Montreal Canadiens,3,Toronto Maple Leafs,2,OT,"19,843",2:31,,2017-02-25
San Jose Sharks,4,Vancouver Canucks,1,,"18,139",2:27,,2017-02-25
Buffalo Sabres,2,Arizona Coyotes,3,,"13,432",2:27,,2017-02-26
Calgary Flames,3,Carolina Hurricanes,1,,"14,112",2:21,,2017-02-26
St. Louis Blues,2,Chicago Blackhawks,4,,"21,961",2:19,,2017-02-26
Boston Bruins,6,Dallas Stars,3,,"18,006",2:35,,2017-02-26
Ottawa Senators,2,Florida Panthers,1,,"14,118",2:38,,2017-02-26
Edmonton Oilers,4,Nashville Predators,5,,"17,113",2:46,,2017-02-26
Columbus Blue Jackets,5,New York Rangers,2,,"18,006",2:38,,2017-02-26
Los Angeles Kings,4,Minnesota Wild,5,OT,"19,118",2:44,,2017-02-27
Montreal Canadiens,4,New Jersey Devils,3,OT,"13,270",2:40,,2017-02-27
Ottawa Senators,1,Tampa Bay Lightning,5,,"19,092",2:45,,2017-02-27
Arizona Coyotes,1,Boston Bruins,4,,"17,565",2:25,,2017-02-28
Nashville Predators,5,Buffalo Sabres,4,OT,"18,634",2:37,,2017-02-28
Los Angeles Kings,1,Calgary Flames,2,OT,"19,289",2:44,,2017-02-28
Pittsburgh Penguins,2,Dallas Stars,3,,"18,235",2:28,,2017-02-28
Carolina Hurricanes,2,Florida Panthers,3,SO,"10,839",2:42,,2017-02-28
Columbus Blue Jackets,0,Montreal Canadiens,1,OT,"21,288",2:48,,2017-02-28
Washington Capitals,4,New York Rangers,1,,"18,006",2:43,,2017-02-28
Colorado Avalanche,0,Philadelphia Flyers,4,,"19,564",2:24,,2017-02-28
Toronto Maple Leafs,1,San Jose Sharks,3,,"17,515",2:27,,2017-02-28
Edmonton Oilers,2,St. Louis Blues,1,,"18,944",2:30,,2017-02-28
Detroit Red Wings,3,Vancouver Canucks,2,OT,"18,865",2:31,,2017-02-28
Minnesota Wild,6,Winnipeg Jets,5,,"15,294",2:31,,2017-02-28
Pittsburgh Penguins,1,Chicago Blackhawks,4,,"22,012",2:22,,2017-03-01
Carolina Hurricanes,3,Tampa Bay Lightning,4,OT,"19,092",2:36,,2017-03-01
New York Rangers,2,Boston Bruins,1,,"17,565",2:30,,2017-03-02
Arizona Coyotes,3,Buffalo Sabres,6,,"18,116",2:34,,2017-03-02
Minnesota Wild,0,Columbus Blue Jackets,1,,"15,987",2:42,,2017-03-02
New York Islanders,5,Dallas Stars,4,,"17,438",2:23,,2017-03-02
Toronto Maple Leafs,2,Los Angeles Kings,3,SO,"18,230",2:51,,2017-03-02
Nashville Predators,1,Montreal Canadiens,2,,"21,288",2:40,,2017-03-02
Colorado Avalanche,1,Ottawa Senators,2,,"16,932",2:17,,2017-03-02
Florida Panthers,1,Philadelphia Flyers,2,SO,"19,650",2:41,,2017-03-02
Vancouver Canucks,1,San Jose Sharks,3,,"17,488",2:20,,2017-03-02
New Jersey Devils,0,Washington Capitals,1,,"18,506",2:27,,2017-03-02
Toronto Maple Leafs,2,Anaheim Ducks,5,,"16,293",2:41,,2017-03-03
Arizona Coyotes,4,Carolina Hurricanes,2,,"10,827",2:24,,2017-03-03
Detroit Red Wings,2,Calgary Flames,3,OT,"19,289",2:39,,2017-03-03
New York Islanders,1,Chicago Blackhawks,2,SO,"21,883",2:32,,2017-03-03
Tampa Bay Lightning,2,Pittsburgh Penguins,5,,"18,640",2:24,,2017-03-03
St. Louis Blues,0,Winnipeg Jets,3,,"15,294",2:34,,2017-03-03
New Jersey Devils,2,Boston Bruins,3,,"17,565",2:41,,2017-03-04
Tampa Bay Lightning,2,Buffalo Sabres,1,SO,"18,935",2:41,,2017-03-04
Detroit Red Wings,3,Edmonton Oilers,4,,"18,347",2:31,,2017-03-04
Dallas Stars,2,Florida Panthers,1,,"15,713",2:27,,2017-03-04
Vancouver Canucks,4,Los Angeles Kings,3,,"18,230",2:35,,2017-03-04
Chicago Blackhawks,5,Nashville Predators,3,,"17,297",2:24,,2017-03-04
Montreal Canadiens,4,New York Rangers,1,,"18,006",2:25,,2017-03-04
Columbus Blue Jackets,2,Ottawa Senators,3,,"17,516",2:29,,2017-03-04
Colorado Avalanche,1,Winnipeg Jets,6,,"15,294",2:27,,2017-03-04
Philadelphia Flyers,1,Washington Capitals,2,OT,"18,506",2:33,,2017-03-04
Vancouver Canucks,2,Anaheim Ducks,1,,"14,523",2:22,,2017-03-05
Carolina Hurricanes,2,Arizona Coyotes,1,,"10,224",2:25,,2017-03-05
New York Islanders,2,Calgary Flames,5,,"18,741",2:27,,2017-03-05
St. Louis Blues,3,Colorado Avalanche,0,,"14,477",2:21,,2017-03-05
San Jose Sharks,1,Minnesota Wild,3,,"19,168",2:23,,2017-03-05
Columbus Blue Jackets,3,New Jersey Devils,0,,"14,054",2:19,,2017-03-05
Buffalo Sabres,3,Pittsburgh Penguins,4,,"18,653",2:43,,2017-03-05
Boston Bruins,2,Ottawa Senators,4,,"17,046",2:28,,2017-03-06
New York Rangers,1,Tampa Bay Lightning,0,OT,"19,092",2:42,,2017-03-06
San Jose Sharks,3,Winnipeg Jets,2,,"15,294",2:32,,2017-03-06
Dallas Stars,4,Washington Capitals,2,,"18,506",2:31,,2017-03-06
Nashville Predators,3,Anaheim Ducks,4,SO,"14,622",2:55,,2017-03-07
Philadelphia Flyers,6,Buffalo Sabres,3,,"18,233",2:29,,2017-03-07
New Jersey Devils,0,Columbus Blue Jackets,2,,"15,947",2:28,,2017-03-07
Carolina Hurricanes,1,Colorado Avalanche,3,,"11,700",2:16,,2017-03-07
New York Islanders,4,Edmonton Oilers,1,,"18,347",2:15,,2017-03-07
New York Rangers,5,Florida Panthers,2,,"16,116",2:32,,2017-03-07
St. Louis Blues,2,Minnesota Wild,1,,"19,124",2:26,,2017-03-07
Detroit Red Wings,2,Toronto Maple Leafs,3,,"19,060",2:35,,2017-03-07
Montreal Canadiens,2,Vancouver Canucks,1,OT,"18,865",2:31,,2017-03-07
Detroit Red Wings,1,Boston Bruins,6,,"17,565",2:29,,2017-03-08
Ottawa Senators,5,Dallas Stars,2,,"17,689",2:34,,2017-03-08
Pittsburgh Penguins,7,Winnipeg Jets,4,,"15,294",2:45,,2017-03-08
Ottawa Senators,3,Arizona Coyotes,2,OT,"10,611",2:31,,2017-03-09
New York Rangers,3,Carolina Hurricanes,4,,"11,404",2:27,,2017-03-09
Montreal Canadiens,0,Calgary Flames,5,,"19,289",2:33,,2017-03-09
Anaheim Ducks,1,Chicago Blackhawks,0,,"21,838",2:38,,2017-03-09
New Jersey Devils,2,Colorado Avalanche,3,,"11,886",2:28,,2017-03-09
Nashville Predators,2,Los Angeles Kings,3,OT,"18,230",2:48,,2017-03-09
Washington Capitals,2,San Jose Sharks,4,,"17,562",2:25,,2017-03-09
Minnesota Wild,1,Tampa Bay Lightning,4,,"19,092",2:41,,2017-03-09
Philadelphia Flyers,2,Toronto Maple Leafs,4,,"18,894",2:36,,2017-03-09
New York Islanders,4,Vancouver Canucks,3,OT,"18,406",2:27,,2017-03-09
Buffalo Sabres,3,Columbus Blue Jackets,4,,"17,530",2:28,,2017-03-10
Chicago Blackhawks,2,Detroit Red Wings,4,,"20,027",2:36,,2017-03-10
Pittsburgh Penguins,3,Edmonton Oilers,2,SO,"18,347",2:32,,2017-03-10
Minnesota Wild,7,Florida Panthers,4,,"16,232",2:44,,2017-03-10
Anaheim Ducks,3,St. Louis Blues,4,,"19,358",2:36,,2017-03-10
New Jersey Devils,4,Arizona Coyotes,5,,"11,223",2:40,,2017-03-11
Philadelphia Flyers,1,Boston Bruins,2,,"17,565",2:39,,2017-03-11
Columbus Blue Jackets,3,Buffalo Sabres,5,,"18,744",2:35,,2017-03-11
Toronto Maple Leafs,3,Carolina Hurricanes,2,OT,"12,328",2:30,,2017-03-11
Ottawa Senators,4,Colorado Avalanche,2,,"15,317",2:27,,2017-03-11
Washington Capitals,2,Los Angeles Kings,4,,"18,230",2:34,,2017-03-11
Nashville Predators,3,San Jose Sharks,1,,"17,497",2:24,,2017-03-11
New York Islanders,3,St. Louis Blues,4,,"19,505",2:26,,2017-03-11
Florida Panthers,2,Tampa Bay Lightning,3,,"19,092",2:45,,2017-03-11
Pittsburgh Penguins,3,Vancouver Canucks,0,,"18,865",2:27,,2017-03-11
Calgary Flames,3,Winnipeg Jets,0,,"15,294",2:31,,2017-03-11
Washington Capitals,2,Anaheim Ducks,5,,"17,174",2:41,,2017-03-12
Minnesota Wild,2,Chicago Blackhawks,4,,"22,147",2:27,,2017-03-12
New York Rangers,4,Detroit Red Wings,1,,"20,027",2:17,,2017-03-12
Montreal Canadiens,4,Edmonton Oilers,1,,"18,347",2:30,,2017-03-12
Dallas Stars,1,San Jose Sharks,5,,"17,442",2:20,,2017-03-12
Colorado Avalanche,0,Arizona Coyotes,1,,"11,521",2:28,,2017-03-13
Pittsburgh Penguins,3,Calgary Flames,4,SO,"19,289",2:45,,2017-03-13
St. Louis Blues,3,Los Angeles Kings,1,,"18,230",2:37,,2017-03-13
Winnipeg Jets,4,Nashville Predators,5,OT,"17,355",2:42,,2017-03-13
Carolina Hurricanes,8,New York Islanders,4,,"12,785",2:28,,2017-03-13
Tampa Bay Lightning,3,New York Rangers,2,,"18,006",2:27,,2017-03-13
Columbus Blue Jackets,5,Philadelphia Flyers,3,,"19,447",2:39,,2017-03-13
Boston Bruins,6,Vancouver Canucks,3,,"18,865",2:34,,2017-03-13
New York Islanders,3,Carolina Hurricanes,2,OT,"8,707",2:23,,2017-03-14
Dallas Stars,1,Edmonton Oilers,7,,"18,347",2:28,,2017-03-14
Toronto Maple Leafs,2,Florida Panthers,7,,"17,552",2:40,,2017-03-14
Arizona Coyotes,3,Los Angeles Kings,2,SO,"18,230",3:02,,2017-03-14
Chicago Blackhawks,4,Montreal Canadiens,2,,"21,288",2:35,,2017-03-14
Tampa Bay Lightning,2,Ottawa Senators,1,OT,"16,894",2:30,,2017-03-14
Buffalo Sabres,1,San Jose Sharks,4,,"17,386",2:25,,2017-03-14
Minnesota Wild,2,Washington Capitals,4,,"18,506",2:35,,2017-03-14
St. Louis Blues,1,Anaheim Ducks,2,,"14,760",2:27,,2017-03-15
Boston Bruins,5,Calgary Flames,2,,"18,892",2:27,,2017-03-15
Detroit Red Wings,1,Colorado Avalanche,3,,"16,764",2:27,,2017-03-15
Pittsburgh Penguins,0,Philadelphia Flyers,4,,"19,514",2:23,,2017-03-15
Detroit Red Wings,5,Arizona Coyotes,4,SO,"15,036",2:51,,2017-03-16
Minnesota Wild,1,Carolina Hurricanes,3,,"10,894",2:16,,2017-03-16
Florida Panthers,1,Columbus Blue Jackets,2,,"14,921",2:31,,2017-03-16
Boston Bruins,4,Edmonton Oilers,7,,"18,347",2:39,,2017-03-16
Buffalo Sabres,0,Los Angeles Kings,2,,"18,230",2:26,,2017-03-16
Philadelphia Flyers,2,New Jersey Devils,6,,"13,718",2:26,,2017-03-16
Winnipeg Jets,4,New York Islanders,2,,"13,700",2:24,,2017-03-16
Chicago Blackhawks,2,Ottawa Senators,1,,"18,638",2:29,,2017-03-16
St. Louis Blues,4,San Jose Sharks,1,,"17,402",2:28,,2017-03-16
Toronto Maple Leafs,5,Tampa Bay Lightning,0,,"19,092",2:28,,2017-03-16
Dallas Stars,4,Vancouver Canucks,2,,"18,865",2:31,,2017-03-16
Nashville Predators,2,Washington Capitals,1,OT,"18,506",2:24,,2017-03-16
Buffalo Sabres,2,Anaheim Ducks,1,SO,"14,556",2:46,,2017-03-17
Dallas Stars,1,Calgary Flames,3,,"19,227",2:24,,2017-03-17
Florida Panthers,4,New York Rangers,3,SO,"18,006",2:41,,2017-03-17
New Jersey Devils,4,Pittsburgh Penguins,6,,"18,651",2:41,,2017-03-17
St. Louis Blues,3,Arizona Coyotes,0,,"15,132",2:29,,2017-03-18
Nashville Predators,2,Carolina Hurricanes,4,,"10,707",2:29,,2017-03-18
Colorado Avalanche,1,Detroit Red Wings,5,,"20,027",2:26,,2017-03-18
Vancouver Canucks,0,Edmonton Oilers,2,,"18,347",2:23,,2017-03-18
New York Rangers,3,Minnesota Wild,2,,"19,337",2:35,,2017-03-18
Columbus Blue Jackets,3,New York Islanders,2,OT,"14,007",2:29,,2017-03-18
Montreal Canadiens,4,Ottawa Senators,3,SO,"19,531",2:39,,2017-03-18
Anaheim Ducks,2,San Jose Sharks,1,,"17,562",2:19,,2017-03-18
Washington Capitals,5,Tampa Bay Lightning,3,,"19,092",2:40,,2017-03-18
Chicago Blackhawks,2,Toronto Maple Leafs,1,OT,"19,505",2:36,,2017-03-18
Los Angeles Kings,2,Calgary Flames,5,,"19,115",2:25,,2017-03-19
Colorado Avalanche,3,Chicago Blackhawks,6,,"22,070",2:29,,2017-03-19
Ottawa Senators,1,Montreal Canadiens,4,,"21,288",2:39,,2017-03-19
Columbus Blue Jackets,4,New Jersey Devils,1,,"14,254",2:36,,2017-03-19
Carolina Hurricanes,3,Philadelphia Flyers,4,OT,"19,517",2:30,,2017-03-19
Florida Panthers,0,Pittsburgh Penguins,4,,"18,653",2:29,,2017-03-19
Minnesota Wild,4,Winnipeg Jets,5,,"15,294",2:39,,2017-03-19
San Jose Sharks,0,Dallas Stars,1,,"17,687",2:26,,2017-03-20
Buffalo Sabres,2,Detroit Red Wings,1,,"20,027",2:31,,2017-03-20
Los Angeles Kings,0,Edmonton Oilers,2,,"18,347",2:27,,2017-03-20
Arizona Coyotes,1,Nashville Predators,3,,"17,113",2:29,,2017-03-20
Boston Bruins,2,Toronto Maple Leafs,4,,"19,347",2:38,,2017-03-20
Ottawa Senators,3,Boston Bruins,2,,"17,565",2:37,,2017-03-21
Pittsburgh Penguins,3,Buffalo Sabres,1,,"18,313",2:30,,2017-03-21
Vancouver Canucks,5,Chicago Blackhawks,4,OT,"21,607",2:42,,2017-03-21
St. Louis Blues,4,Colorado Avalanche,2,,"11,687",2:24,,2017-03-21
Carolina Hurricanes,4,Florida Panthers,3,,"10,793",2:24,,2017-03-21
San Jose Sharks,2,Minnesota Wild,3,,"19,104",2:26,,2017-03-21
Detroit Red Wings,2,Montreal Canadiens,1,OT,"21,288",2:36,,2017-03-21
New York Rangers,2,New Jersey Devils,3,OT,"16,514",2:47,,2017-03-21
Arizona Coyotes,5,Tampa Bay Lightning,3,,"19,092",2:32,,2017-03-21
Philadelphia Flyers,2,Winnipeg Jets,3,,"15,294",2:33,,2017-03-21
Calgary Flames,2,Washington Capitals,4,,"18,506",2:24,,2017-03-21
Edmonton Oilers,3,Anaheim Ducks,4,,"15,310",2:38,,2017-03-22
Toronto Maple Leafs,5,Columbus Blue Jackets,2,,"16,106",2:31,,2017-03-22
New York Islanders,3,New York Rangers,2,,"18,006",2:37,,2017-03-22
Tampa Bay Lightning,6,Boston Bruins,3,,"17,565",2:48,,2017-03-23
Dallas Stars,2,Chicago Blackhawks,3,SO,"21,798",2:40,,2017-03-23
Edmonton Oilers,7,Colorado Avalanche,4,,"14,142",2:24,,2017-03-23
Arizona Coyotes,1,Florida Panthers,3,,"11,338",2:29,,2017-03-23
Winnipeg Jets,2,Los Angeles Kings,5,,"18,230",2:31,,2017-03-23
Philadelphia Flyers,3,Minnesota Wild,1,,"19,004",2:24,,2017-03-23
Carolina Hurricanes,4,Montreal Canadiens,1,,"21,288",2:26,,2017-03-23
Calgary Flames,1,Nashville Predators,3,,"17,324",2:27,,2017-03-23
Pittsburgh Penguins,1,Ottawa Senators,2,SO,"18,102",2:49,,2017-03-23
Vancouver Canucks,1,St. Louis Blues,4,,"19,356",2:33,,2017-03-23
New Jersey Devils,2,Toronto Maple Leafs,4,,"19,142",2:40,,2017-03-23
Columbus Blue Jackets,1,Washington Capitals,2,SO,"18,506",2:44,,2017-03-23
Winnipeg Jets,1,Anaheim Ducks,3,,"15,647",2:30,,2017-03-24
San Jose Sharks,1,Dallas Stars,6,,"17,265",2:25,,2017-03-24
Tampa Bay Lightning,2,Detroit Red Wings,1,OT,"20,027",2:41,,2017-03-24
New York Islanders,4,Pittsburgh Penguins,3,SO,"18,659",2:45,,2017-03-24
Toronto Maple Leafs,2,Buffalo Sabres,5,,"19,070",2:34,,2017-03-25
Philadelphia Flyers,0,Columbus Blue Jackets,1,,"19,052",2:28,,2017-03-25
Colorado Avalanche,1,Edmonton Oilers,4,,"18,347",2:28,,2017-03-25
Chicago Blackhawks,0,Florida Panthers,7,,"18,625",2:31,,2017-03-25
New York Rangers,3,Los Angeles Kings,0,,"18,230",2:28,,2017-03-25
Vancouver Canucks,4,Minnesota Wild,2,,"19,184",2:29,,2017-03-25
Ottawa Senators,1,Montreal Canadiens,3,,"21,288",2:32,,2017-03-25
Carolina Hurricanes,3,New Jersey Devils,1,,"15,088",2:22,,2017-03-25
San Jose Sharks,2,Nashville Predators,7,,"17,282",2:39,,2017-03-25
Boston Bruins,2,New York Islanders,1,,"15,795",2:28,,2017-03-25
Calgary Flames,3,St. Louis Blues,2,OT,"19,516",2:36,,2017-03-25
Arizona Coyotes,1,Washington Capitals,4,,"18,506",2:22,,2017-03-25
New York Rangers,3,Anaheim Ducks,6,,"17,174",2:36,,2017-03-26
Minnesota Wild,2,Detroit Red Wings,3,OT,"20,027",2:34,,2017-03-26
Dallas Stars,2,New Jersey Devils,1,OT,"14,711",2:24,,2017-03-26
Philadelphia Flyers,6,Pittsburgh Penguins,2,,"18,654",2:29,,2017-03-26
Vancouver Canucks,1,Winnipeg Jets,2,,"15,294",2:28,,2017-03-26
Florida Panthers,2,Buffalo Sabres,4,,"18,564",2:34,,2017-03-27
Detroit Red Wings,4,Carolina Hurricanes,3,OT,"11,516",2:33,,2017-03-27
Colorado Avalanche,2,Calgary Flames,4,,"17,785",2:24,,2017-03-27
Nashville Predators,3,New York Islanders,1,,"11,671",2:35,,2017-03-27
Arizona Coyotes,1,St. Louis Blues,4,,"19,164",2:21,,2017-03-27
Chicago Blackhawks,4,Tampa Bay Lightning,5,OT,"19,092",2:32,,2017-03-27
Nashville Predators,1,Boston Bruins,4,,"17,565",3:05,,2017-03-28
Detroit Red Wings,1,Carolina Hurricanes,4,,"9,427",2:23,,2017-03-28
Buffalo Sabres,1,Columbus Blue Jackets,3,,"14,533",2:29,,2017-03-28
Los Angeles Kings,1,Edmonton Oilers,2,,"18,347",2:31,,2017-03-28
Washington Capitals,5,Minnesota Wild,4,OT,"19,188",2:41,,2017-03-28
Dallas Stars,1,Montreal Canadiens,4,,"21,288",2:29,,2017-03-28
Winnipeg Jets,4,New Jersey Devils,3,SO,"12,315",2:47,,2017-03-28
Ottawa Senators,2,Philadelphia Flyers,3,SO,"19,706",2:42,,2017-03-28
New York Rangers,4,San Jose Sharks,5,OT,"17,562",2:29,,2017-03-28
Florida Panthers,2,Toronto Maple Leafs,3,,"19,278",2:33,,2017-03-28
Anaheim Ducks,4,Vancouver Canucks,1,,"18,262",2:27,,2017-03-28
St. Louis Blues,3,Arizona Coyotes,1,,"11,377",2:25,,2017-03-29
Los Angeles Kings,4,Calgary Flames,1,,"19,005",2:47,,2017-03-29
Washington Capitals,5,Colorado Avalanche,3,,"13,820",2:23,,2017-03-29
Chicago Blackhawks,5,Pittsburgh Penguins,1,,"18,657",2:28,,2017-03-29
Dallas Stars,0,Boston Bruins,2,,"17,565",2:29,,2017-03-30
Columbus Blue Jackets,1,Carolina Hurricanes,2,OT,"11,881",2:27,,2017-03-30
San Jose Sharks,2,Edmonton Oilers,3,,"18,347",2:28,,2017-03-30
Ottawa Senators,1,Minnesota Wild,5,,"19,044",2:29,,2017-03-30
Florida Panthers,2,Montreal Canadiens,6,,"21,288",2:34,,2017-03-30
Toronto Maple Leafs,3,Nashville Predators,1,,"17,214",2:32,,2017-03-30
New York Islanders,3,Philadelphia Flyers,6,,"19,703",2:45,,2017-03-30
Detroit Red Wings,3,Tampa Bay Lightning,5,,"19,092",2:28,,2017-03-30
Anaheim Ducks,3,Winnipeg Jets,4,OT,"15,294",2:43,,2017-03-30
Washington Capitals,3,Arizona Coyotes,6,,"14,290",2:33,,2017-03-31
San Jose Sharks,2,Calgary Flames,5,,"19,289",2:31,,2017-03-31
Columbus Blue Jackets,1,Chicago Blackhawks,3,,"22,112",2:21,,2017-03-31
St. Louis Blues,1,Colorado Avalanche,2,SO,"14,763",2:31,,2017-03-31
New Jersey Devils,1,New York Islanders,2,,"13,766",2:40,,2017-03-31
Pittsburgh Penguins,4,New York Rangers,3,SO,"18,006",2:44,,2017-03-31
Los Angeles Kings,2,Vancouver Canucks,0,,"18,865",2:21,,2017-03-31
Florida Panthers,2,Boston Bruins,5,,"17,565",2:30,,2017-04-01
Dallas Stars,3,Carolina Hurricanes,0,,"14,201",2:18,,2017-04-01
Toronto Maple Leafs,5,Detroit Red Wings,4,,"20,027",2:37,,2017-04-01
Anaheim Ducks,2,Edmonton Oilers,3,OT,"18,347",2:37,,2017-04-01
Minnesota Wild,0,Nashville Predators,3,,"17,113",2:41,,2017-04-01
New Jersey Devils,0,Philadelphia Flyers,3,,"19,911",2:45,,2017-04-01
Montreal Canadiens,2,Tampa Bay Lightning,1,OT,"19,092",2:32,,2017-04-01
Ottawa Senators,2,Winnipeg Jets,4,,"15,294",2:28,,2017-04-01
New York Islanders,4,Buffalo Sabres,2,,"19,070",2:27,,2017-04-02
Washington Capitals,3,Columbus Blue Jackets,2,,"18,247",2:35,,2017-04-02
Anaheim Ducks,4,Calgary Flames,3,,"18,945",2:27,,2017-04-02
Boston Bruins,3,Chicago Blackhawks,2,,"22,131",2:36,,2017-04-02
Arizona Coyotes,2,Los Angeles Kings,1,,"18,230",2:36,,2017-04-02
Colorado Avalanche,2,Minnesota Wild,5,,"19,164",2:27,,2017-04-02
Philadelphia Flyers,3,New York Rangers,4,,"18,006",2:22,,2017-04-02
Carolina Hurricanes,2,Pittsburgh Penguins,3,,"18,631",2:25,,2017-04-02
Nashville Predators,1,St. Louis Blues,4,,"19,262",2:38,,2017-04-02
Dallas Stars,3,Tampa Bay Lightning,6,,"19,092",2:38,,2017-04-02
San Jose Sharks,3,Vancouver Canucks,1,,"18,295",2:14,,2017-04-02
Toronto Maple Leafs,4,Buffalo Sabres,2,,"18,829",2:40,,2017-04-03
Ottawa Senators,4,Detroit Red Wings,5,SO,"20,027",2:48,,2017-04-03
Montreal Canadiens,4,Florida Panthers,1,,"15,222",2:27,,2017-04-03
Calgary Flames,1,Anaheim Ducks,3,,"15,125",2:45,,2017-04-04
Tampa Bay Lightning,0,Boston Bruins,4,,"17,565",2:25,,2017-04-04
Chicago Blackhawks,3,Colorado Avalanche,4,OT,"16,203",2:33,,2017-04-04
Arizona Coyotes,2,Dallas Stars,3,OT,"16,876",2:28,,2017-04-04
Edmonton Oilers,4,Los Angeles Kings,6,,"18,230",2:28,,2017-04-04
Carolina Hurricanes,3,Minnesota Wild,5,,"18,848",2:30,,2017-04-04
Philadelphia Flyers,0,New Jersey Devils,1,OT,"13,861",2:27,,2017-04-04
New York Islanders,2,Nashville Predators,1,OT,"17,113",2:25,,2017-04-04
Detroit Red Wings,0,Ottawa Senators,2,,"17,166",2:25,,2017-04-04
Columbus Blue Jackets,1,Pittsburgh Penguins,4,,"18,632",2:23,,2017-04-04
Vancouver Canucks,1,San Jose Sharks,3,,"17,459",2:26,,2017-04-04
Winnipeg Jets,5,St. Louis Blues,2,,"19,178",2:30,,2017-04-04
Washington Capitals,4,Toronto Maple Leafs,1,,"19,415",2:26,,2017-04-04
Montreal Canadiens,1,Buffalo Sabres,2,,"18,815",2:20,,2017-04-05
New York Rangers,0,Washington Capitals,2,,"18,506",2:24,,2017-04-05
Chicago Blackhawks,0,Anaheim Ducks,4,,"16,462",2:28,,2017-04-06
Vancouver Canucks,3,Arizona Coyotes,4,,"11,959",2:24,,2017-04-06
Ottawa Senators,2,Boston Bruins,1,SO,"17,565",2:38,,2017-04-06
New York Islanders,3,Carolina Hurricanes,0,,"9,769",2:17,,2017-04-06
Winnipeg Jets,5,Columbus Blue Jackets,4,,"16,447",2:23,,2017-04-06
Minnesota Wild,4,Colorado Avalanche,3,,"15,565",2:33,,2017-04-06
Nashville Predators,7,Dallas Stars,3,,"17,543",2:27,,2017-04-06
St. Louis Blues,6,Florida Panthers,3,,"13,194",2:24,,2017-04-06
Calgary Flames,4,Los Angeles Kings,1,,"18,230",2:28,,2017-04-06
Pittsburgh Penguins,7,New Jersey Devils,4,,"14,012",2:30,,2017-04-06
Edmonton Oilers,4,San Jose Sharks,2,,"17,562",2:28,,2017-04-06
Tampa Bay Lightning,4,Toronto Maple Leafs,1,,"19,380",2:47,,2017-04-06
Tampa Bay Lightning,4,Montreal Canadiens,2,,"21,288",2:32,,2017-04-07
Minnesota Wild,3,Arizona Coyotes,1,,"17,490",2:26,,2017-04-08
Washington Capitals,3,Boston Bruins,1,,"17,565",2:34,,2017-04-08
St. Louis Blues,5,Carolina Hurricanes,4,SO,"13,509",2:45,,2017-04-08
Colorado Avalanche,3,Dallas Stars,4,SO,"18,532",2:48,,2017-04-08
Montreal Canadiens,3,Detroit Red Wings,2,OT,"20,027",2:23,,2017-04-08
Buffalo Sabres,0,Florida Panthers,3,,"17,235",2:22,,2017-04-08
Chicago Blackhawks,2,Los Angeles Kings,3,OT,"18,230",2:31,,2017-04-08
New York Islanders,4,New Jersey Devils,2,,"16,514",2:23,,2017-04-08
New York Rangers,1,Ottawa Senators,3,,"18,976",2:29,,2017-04-08
Columbus Blue Jackets,2,Philadelphia Flyers,4,,"19,789",2:18,,2017-04-08
Calgary Flames,1,San Jose Sharks,3,,"17,562",2:16,,2017-04-08
Pittsburgh Penguins,3,Toronto Maple Leafs,5,,"19,561",2:32,,2017-04-08
Edmonton Oilers,3,Vancouver Canucks,2,,"18,865",2:23,,2017-04-08
Nashville Predators,1,Winnipeg Jets,2,,"15,294",2:33,,2017-04-08
Los Angeles Kings,3,Anaheim Ducks,4,OT,"16,564",2:38,,2017-04-09
New Jersey Devils,1,Detroit Red Wings,4,,"20,027",2:30,,2017-04-09
Vancouver Canucks,2,Edmonton Oilers,5,,"18,347",2:39,,2017-04-09
Ottawa Senators,2,New York Islanders,4,,"13,303",2:17,,2017-04-09
Pittsburgh Penguins,2,New York Rangers,3,,"18,006",2:29,,2017-04-09
Carolina Hurricanes,4,Philadelphia Flyers,3,SO,"19,559",2:29,,2017-04-09
Colorado Avalanche,2,St. Louis Blues,3,,"18,971",2:27,,2017-04-09
Buffalo Sabres,2,Tampa Bay Lightning,4,,"19,092",2:27,,2017-04-09
Columbus Blue Jackets,3,Toronto Maple Leafs,2,,"19,369",2:33,,2017-04-09
Florida Panthers,2,Washington Capitals,0,,"18,506",1:53,,2017-04-09
