{"first_round": ["Tampa Bay Lightning", "Columbus Blue Jackets", "Boston Bruins", "Toronto Maple Leafs", "Washington Capitals", "Carolina Hurricanes", "New York Islanders", "Pittsburgh Penguins", "Nashville Predators", "Dallas Stars", "Winnipeg Jets", "St. Louis Blues", "Calgary Flames", "Colorado Avalanche", "San Jose Sharks", "Vegas Golden Knights"], "second_round": ["Columbus Blue Jackets", "Boston Bruins", "Carolina Hurricanes", "New York Islanders", "Dallas Stars", "St. Louis Blues", "Colorado Avalanche", "San Jose Sharks"], "conference_finals": ["Boston Bruins", "Carolina Hurricanes", "St. Louis Blues", "San Jose Sharks"], "final": [], "winner": []}