visitor_team_name,visitor_goals,home_team_name,home_goals,overtimes,attendance,game_duration,game_remarks,date_game
Anaheim Ducks,5,San Jose Sharks,2,,"17,562",2:25,,2018-10-03
Montreal Canadiens,2,Toronto Maple Leafs,3,OT,"19,589",2:37,,2018-10-03
Calgary Flames,2,Vancouver Canucks,5,,"18,870",2:31,,2018-10-03
Boston Bruins,0,Washington Capitals,7,,"18,506",2:30,,2018-10-03
Boston Bruins,4,Buffalo Sabres,0,,"19,070",2:35,,2018-10-04
New York Islanders,2,Carolina Hurricanes,1,OT,"18,680",2:34,,2018-10-04
Minnesota Wild,1,Colorado Avalanche,4,,"18,086",2:37,,2018-10-04
Arizona Coyotes,0,Dallas Stars,3,,"18,532",2:34,,2018-10-04
Columbus Blue Jackets,3,Detroit Red Wings,2,OT,"19,515",2:43,,2018-10-04
Nashville Predators,3,New York Rangers,2,,"17,117",2:31,,2018-10-04
Chicago Blackhawks,4,Ottawa Senators,3,OT,"15,858",2:38,,2018-10-04
Washington Capitals,6,Pittsburgh Penguins,7,OT,"18,627",2:39,,2018-10-04
Winnipeg Jets,5,St. Louis Blues,1,,"18,292",2:35,,2018-10-04
Philadelphia Flyers,5,Vegas Golden Knights,2,,"18,555",2:24,,2018-10-04
Carolina Hurricanes,3,Columbus Blue Jackets,1,,"18,306",2:35,,2018-10-05
San Jose Sharks,3,Los Angeles Kings,2,OT,"18,230",2:36,,2018-10-05
Anaheim Ducks,1,Arizona Coyotes,0,,"17,125",2:24,,2018-10-06
New York Rangers,1,Buffalo Sabres,3,,"16,824",2:45,,2018-10-06
Vancouver Canucks,4,Calgary Flames,7,,"18,688",2:39,,2018-10-06
Philadelphia Flyers,2,Colorado Avalanche,5,,"16,768",2:33,,2018-10-06
Winnipeg Jets,1,Dallas Stars,5,,"18,131",2:36,,2018-10-06
Vegas Golden Knights,2,Minnesota Wild,1,SO,"19,077",3:18,,2018-10-06
Edmonton Oilers,2,New Jersey Devils,5,,"12,044",2:31,,2018-10-06
Nashville Predators,4,New York Islanders,3,,"12,163",2:25,,2018-10-06
Montreal Canadiens,5,Pittsburgh Penguins,1,,"18,622",2:26,,2018-10-06
Chicago Blackhawks,5,St. Louis Blues,4,OT,"17,429",2:39,,2018-10-06
Florida Panthers,1,Tampa Bay Lightning,2,SO,"19,092",2:39,,2018-10-06
Ottawa Senators,5,Toronto Maple Leafs,3,,"19,321",2:35,,2018-10-06
New York Rangers,5,Carolina Hurricanes,8,,"13,526",2:37,,2018-10-07
Toronto Maple Leafs,7,Chicago Blackhawks,6,OT,"21,812",2:31,,2018-10-07
Detroit Red Wings,2,Los Angeles Kings,4,,"18,230",2:43,,2018-10-07
Detroit Red Wings,2,Anaheim Ducks,3,SO,"17,436",2:44,,2018-10-08
Ottawa Senators,3,Boston Bruins,6,,"17,565",2:33,,2018-10-08
Vegas Golden Knights,2,Buffalo Sabres,4,,"16,004",2:20,,2018-10-08
San Jose Sharks,0,New York Islanders,4,,"8,790",2:26,,2018-10-08
Vancouver Canucks,3,Carolina Hurricanes,5,,"11,932",2:35,,2018-10-09
Colorado Avalanche,2,Columbus Blue Jackets,5,,"11,694",2:27,,2018-10-09
Toronto Maple Leafs,7,Dallas Stars,4,,"17,866",2:30,,2018-10-09
Calgary Flames,3,Nashville Predators,0,,"17,209",2:32,,2018-10-09
San Jose Sharks,8,Philadelphia Flyers,2,,"19,133",2:34,,2018-10-09
Los Angeles Kings,1,Winnipeg Jets,2,,"15,321",2:27,,2018-10-09
Arizona Coyotes,3,Anaheim Ducks,2,SO,"17,015",2:30,,2018-10-10
Philadelphia Flyers,7,Ottawa Senators,4,,"13,215",2:38,,2018-10-10
Vegas Golden Knights,2,Washington Capitals,5,,"18,506",2:40,,2018-10-10
Edmonton Oilers,1,Boston Bruins,4,,"17,565",2:28,,2018-10-11
Colorado Avalanche,6,Buffalo Sabres,1,,"15,396",2:30,,2018-10-11
Toronto Maple Leafs,5,Detroit Red Wings,3,,"19,515",2:32,,2018-10-11
Columbus Blue Jackets,5,Florida Panthers,4,,"14,394",2:34,,2018-10-11
Chicago Blackhawks,3,Minnesota Wild,4,OT,"18,652",2:42,,2018-10-11
Los Angeles Kings,3,Montreal Canadiens,0,,"21,302",2:33,,2018-10-11
Washington Capitals,0,New Jersey Devils,6,,"16,514",2:31,,2018-10-11
Winnipeg Jets,0,Nashville Predators,3,,"17,228",2:30,,2018-10-11
San Jose Sharks,2,New York Rangers,3,OT,"17,004",2:31,,2018-10-11
Vegas Golden Knights,2,Pittsburgh Penguins,4,,"18,610",2:27,,2018-10-11
Calgary Flames,3,St. Louis Blues,5,,"16,403",2:37,,2018-10-11
Vancouver Canucks,4,Tampa Bay Lightning,1,,"19,092",2:23,,2018-10-11
Buffalo Sabres,3,Arizona Coyotes,0,,"15,304",2:32,,2018-10-13
Detroit Red Wings,2,Boston Bruins,8,,"17,565",2:40,,2018-10-13
St. Louis Blues,3,Chicago Blackhawks,4,OT,"21,634",2:38,,2018-10-13
Calgary Flames,3,Colorado Avalanche,2,OT,"17,334",2:34,,2018-10-13
Anaheim Ducks,3,Dallas Stars,5,,"18,532",2:38,,2018-10-13
Vancouver Canucks,3,Florida Panthers,2,,"11,953",2:32,,2018-10-13
Carolina Hurricanes,5,Minnesota Wild,4,OT,"18,715",2:56,,2018-10-13
Pittsburgh Penguins,3,Montreal Canadiens,4,SO,"21,302",3:23,,2018-10-13
New York Islanders,2,Nashville Predators,5,,"17,208",2:34,,2018-10-13
Edmonton Oilers,2,New York Rangers,1,,"17,085",2:24,,2018-10-13
Los Angeles Kings,1,Ottawa Senators,5,,"15,355",2:29,,2018-10-13
Vegas Golden Knights,1,Philadelphia Flyers,0,,"19,067",2:19,,2018-10-13
Columbus Blue Jackets,2,Tampa Bay Lightning,8,,"19,092",2:36,,2018-10-13
Toronto Maple Leafs,4,Washington Capitals,2,,"18,506",2:21,,2018-10-13
San Jose Sharks,2,New Jersey Devils,3,,"13,809",2:35,,2018-10-14
Anaheim Ducks,3,St. Louis Blues,2,,"16,562",2:36,,2018-10-14
Carolina Hurricanes,1,Winnipeg Jets,3,,"15,321",2:33,,2018-10-14
Detroit Red Wings,3,Montreal Canadiens,7,,"20,323",2:40,,2018-10-15
Minnesota Wild,2,Nashville Predators,4,,"17,165",2:32,,2018-10-15
Dallas Stars,1,Ottawa Senators,4,,"12,358",2:30,,2018-10-15
Los Angeles Kings,1,Toronto Maple Leafs,4,,"19,429",2:25,,2018-10-15
Arizona Coyotes,1,Minnesota Wild,2,,"18,795",2:35,,2018-10-16
Dallas Stars,0,New Jersey Devils,3,,"12,808",2:33,,2018-10-16
Colorado Avalanche,2,New York Rangers,3,SO,"17,251",2:43,,2018-10-16
Florida Panthers,5,Philadelphia Flyers,6,SO,"19,038",2:48,,2018-10-16
Vancouver Canucks,3,Pittsburgh Penguins,2,OT,"18,492",2:24,,2018-10-16
Carolina Hurricanes,2,Tampa Bay Lightning,4,,"19,092",2:37,,2018-10-16
Buffalo Sabres,1,Vegas Golden Knights,4,,"18,321",2:38,,2018-10-16
Edmonton Oilers,5,Winnipeg Jets,4,OT,"15,321",2:29,,2018-10-16
New York Islanders,1,Anaheim Ducks,4,,"16,909",2:30,,2018-10-17
Boston Bruins,2,Calgary Flames,5,,"17,641",2:25,,2018-10-17
St. Louis Blues,2,Montreal Canadiens,3,,"20,137",2:22,,2018-10-17
New York Rangers,3,Washington Capitals,4,OT,"18,506",2:34,,2018-10-17
Philadelphia Flyers,3,Columbus Blue Jackets,6,,"13,492",2:20,,2018-10-18
Arizona Coyotes,4,Chicago Blackhawks,1,,"21,210",2:31,,2018-10-18
Boston Bruins,2,Edmonton Oilers,3,OT,"18,347",2:26,,2018-10-18
New York Islanders,7,Los Angeles Kings,2,,"18,230",2:34,,2018-10-18
Colorado Avalanche,5,New Jersey Devils,3,,"13,374",2:41,,2018-10-18
Buffalo Sabres,1,San Jose Sharks,5,,"17,389",2:33,,2018-10-18
Detroit Red Wings,1,Tampa Bay Lightning,3,,"19,092",2:43,,2018-10-18
Pittsburgh Penguins,3,Toronto Maple Leafs,0,,"19,483",2:28,,2018-10-18
Vancouver Canucks,1,Winnipeg Jets,4,,"15,321",2:32,,2018-10-18
Nashville Predators,5,Calgary Flames,3,,"18,725",2:36,,2018-10-19
Minnesota Wild,3,Dallas Stars,1,,"18,346",2:18,,2018-10-19
Florida Panthers,6,Washington Capitals,5,SO,"18,506",2:56,,2018-10-19
Colorado Avalanche,3,Carolina Hurricanes,1,,"11,753",2:30,,2018-10-20
Chicago Blackhawks,4,Columbus Blue Jackets,1,,"17,005",2:29,,2018-10-20
Nashville Predators,3,Edmonton Oilers,0,,"18,347",2:29,,2018-10-20
Detroit Red Wings,4,Florida Panthers,3,OT,"14,534",2:44,,2018-10-20
Buffalo Sabres,5,Los Angeles Kings,1,,"18,230",2:38,,2018-10-20
Tampa Bay Lightning,4,Minnesota Wild,5,OT,"19,080",2:42,,2018-10-20
Montreal Canadiens,3,Ottawa Senators,4,OT,"18,442",2:37,,2018-10-20
New Jersey Devils,2,Philadelphia Flyers,5,,"19,105",2:35,,2018-10-20
New York Islanders,1,San Jose Sharks,4,,"17,414",2:31,,2018-10-20
St. Louis Blues,4,Toronto Maple Leafs,1,,"19,268",2:31,,2018-10-20
Boston Bruins,1,Vancouver Canucks,2,OT,"17,871",2:30,,2018-10-20
Anaheim Ducks,1,Vegas Golden Knights,3,,"18,375",2:33,,2018-10-20
Arizona Coyotes,3,Winnipeg Jets,5,,"15,321",2:33,,2018-10-20
Buffalo Sabres,4,Anaheim Ducks,2,,"17,174",2:24,,2018-10-21
Tampa Bay Lightning,6,Chicago Blackhawks,3,,"21,012",2:29,,2018-10-21
Calgary Flames,4,New York Rangers,1,,"17,404",2:29,,2018-10-21
Carolina Hurricanes,3,Detroit Red Wings,1,,"19,515",2:28,,2018-10-22
Colorado Avalanche,4,Philadelphia Flyers,1,,"19,326",2:30,,2018-10-22
Washington Capitals,5,Vancouver Canucks,2,,"17,227",2:25,,2018-10-22
St. Louis Blues,4,Winnipeg Jets,5,OT,"15,321",2:37,,2018-10-22
Arizona Coyotes,4,Columbus Blue Jackets,1,,"11,458",2:28,,2018-10-23
Anaheim Ducks,1,Chicago Blackhawks,3,,"20,900",2:31,,2018-10-23
Los Angeles Kings,2,Dallas Stars,4,,"17,354",2:39,,2018-10-23
Pittsburgh Penguins,6,Edmonton Oilers,5,OT,"18,347",2:42,,2018-10-23
Calgary Flames,2,Montreal Canadiens,3,,"21,028",2:30,,2018-10-23
San Jose Sharks,5,Nashville Predators,4,,"17,159",2:41,,2018-10-23
Florida Panthers,2,New York Rangers,5,,"17,016",2:33,,2018-10-23
Boston Bruins,4,Ottawa Senators,1,,"15,265",2:31,,2018-10-23
Tampa Bay Lightning,1,Colorado Avalanche,0,,"16,753",2:23,,2018-10-24
Florida Panthers,3,New York Islanders,2,OT,"9,743",2:40,,2018-10-24
Vancouver Canucks,3,Vegas Golden Knights,2,SO,"18,189",2:42,,2018-10-24
Toronto Maple Leafs,4,Winnipeg Jets,2,,"15,321",2:29,,2018-10-24
Vancouver Canucks,1,Arizona Coyotes,4,,"12,955",2:20,,2018-10-25
Philadelphia Flyers,0,Boston Bruins,3,,"17,565",2:32,,2018-10-25
Montreal Canadiens,3,Buffalo Sabres,4,,"16,112",2:35,,2018-10-25
Pittsburgh Penguins,9,Calgary Flames,1,,"17,834",2:31,,2018-10-25
New York Rangers,1,Chicago Blackhawks,4,,"21,280",2:36,,2018-10-25
Anaheim Ducks,2,Dallas Stars,5,,"17,134",2:34,,2018-10-25
Washington Capitals,1,Edmonton Oilers,4,,"18,347",2:29,,2018-10-25
Los Angeles Kings,1,Minnesota Wild,4,,"18,778",2:36,,2018-10-25
Nashville Predators,4,New Jersey Devils,3,OT,"15,164",2:44,,2018-10-25
Columbus Blue Jackets,7,St. Louis Blues,4,,"17,068",2:37,,2018-10-25
San Jose Sharks,3,Carolina Hurricanes,4,SO,"12,311",2:43,,2018-10-26
Ottawa Senators,3,Colorado Avalanche,6,,"16,851",2:32,,2018-10-26
Winnipeg Jets,2,Detroit Red Wings,1,,"19,515",2:27,,2018-10-26
Tampa Bay Lightning,3,Vegas Golden Knights,2,,"18,207",2:38,,2018-10-26
Tampa Bay Lightning,1,Arizona Coyotes,7,,"13,623",2:31,,2018-10-27
Montreal Canadiens,3,Boston Bruins,0,,"17,565",2:37,,2018-10-27
Buffalo Sabres,4,Columbus Blue Jackets,5,OT,"15,642",2:39,,2018-10-27
Washington Capitals,4,Calgary Flames,3,SO,"17,832",2:45,,2018-10-27
Colorado Avalanche,2,Minnesota Wild,3,,"19,093",2:35,,2018-10-27
Florida Panthers,2,New Jersey Devils,3,,"15,927",2:50,,2018-10-27
Edmonton Oilers,5,Nashville Predators,3,,"17,248",2:31,,2018-10-27
New York Islanders,6,Philadelphia Flyers,1,,"19,247",2:28,,2018-10-27
Chicago Blackhawks,3,St. Louis Blues,7,,"17,201",2:32,,2018-10-27
Winnipeg Jets,2,Toronto Maple Leafs,3,,"19,545",2:31,,2018-10-27
Pittsburgh Penguins,5,Vancouver Canucks,0,,"17,537",2:29,,2018-10-27
San Jose Sharks,4,Anaheim Ducks,3,OT,"17,099",2:36,,2018-10-28
New York Islanders,2,Carolina Hurricanes,1,,"10,367",2:30,,2018-10-28
Edmonton Oilers,2,Chicago Blackhawks,1,OT,"20,987",2:24,,2018-10-28
Dallas Stars,2,Detroit Red Wings,4,,"19,515",2:26,,2018-10-28
New York Rangers,3,Los Angeles Kings,4,,"18,230",2:41,,2018-10-28
Ottawa Senators,3,Vegas Golden Knights,4,OT,"18,089",2:40,,2018-10-28
Calgary Flames,3,Toronto Maple Leafs,1,,"18,989",2:31,,2018-10-29
Minnesota Wild,2,Vancouver Canucks,5,,"16,546",2:36,,2018-10-29
Philadelphia Flyers,3,Anaheim Ducks,2,,"16,450",2:28,,2018-10-30
Ottawa Senators,1,Arizona Coyotes,5,,"13,988",2:32,,2018-10-30
Calgary Flames,2,Buffalo Sabres,1,OT,"15,196",2:38,,2018-10-30
Boston Bruins,3,Carolina Hurricanes,2,,"11,357",2:37,,2018-10-30
Detroit Red Wings,5,Columbus Blue Jackets,3,,"14,288",2:30,,2018-10-30
Minnesota Wild,4,Edmonton Oilers,3,,"18,347",2:32,,2018-10-30
Dallas Stars,4,Montreal Canadiens,1,,"20,506",2:39,,2018-10-30
Vegas Golden Knights,1,Nashville Predators,4,,"17,367",2:30,,2018-10-30
New York Islanders,6,Pittsburgh Penguins,3,,"18,509",2:32,,2018-10-30
New York Rangers,4,San Jose Sharks,3,SO,"17,562",2:38,,2018-10-30
New Jersey Devils,3,Tampa Bay Lightning,8,,"19,092",2:37,,2018-10-30
Chicago Blackhawks,2,Vancouver Canucks,4,,"16,955",2:32,,2018-10-31
New York Rangers,3,Anaheim Ducks,2,SO,"16,101",3:14,,2018-11-01
Colorado Avalanche,5,Calgary Flames,6,,"17,317",2:39,,2018-11-01
New Jersey Devils,3,Detroit Red Wings,4,,"18,273",2:48,,2018-11-01
Chicago Blackhawks,0,Edmonton Oilers,4,,"18,347",2:26,,2018-11-01
Winnipeg Jets,4,Florida Panthers,2,,"13,490",2:37,,2018-11-01
Philadelphia Flyers,5,Los Angeles Kings,2,,"18,230",2:35,,2018-11-01
Washington Capitals,4,Montreal Canadiens,6,,"20,279",2:25,,2018-11-01
Pittsburgh Penguins,2,New York Islanders,3,SO,"10,910",2:42,,2018-11-01
Buffalo Sabres,2,Ottawa Senators,4,,"12,587",2:20,,2018-11-01
Columbus Blue Jackets,4,San Jose Sharks,1,,"15,879",2:32,,2018-11-01
Vegas Golden Knights,3,St. Louis Blues,5,,"16,813",2:32,,2018-11-01
Nashville Predators,4,Tampa Bay Lightning,1,,"19,092",2:30,,2018-11-01
Dallas Stars,2,Toronto Maple Leafs,1,,"18,878",2:27,,2018-11-01
Carolina Hurricanes,3,Arizona Coyotes,4,OT,"10,562",2:30,,2018-11-02
Colorado Avalanche,6,Vancouver Canucks,7,OT,"18,334",2:44,,2018-11-02
Florida Panthers,4,Winnipeg Jets,2,,"13,490",2:34,,2018-11-02
Ottawa Senators,2,Buffalo Sabres,9,,"17,881",2:27,,2018-11-03
Chicago Blackhawks,3,Calgary Flames,5,,"18,143",2:26,,2018-11-03
Edmonton Oilers,4,Detroit Red Wings,3,,"19,515",2:31,,2018-11-03
Columbus Blue Jackets,1,Los Angeles Kings,4,,"18,230",2:32,,2018-11-03
Tampa Bay Lightning,4,Montreal Canadiens,1,,"21,302",2:31,,2018-11-03
Boston Bruins,0,Nashville Predators,1,,"17,535",2:38,,2018-11-03
New Jersey Devils,0,New York Islanders,3,,"11,901",2:26,,2018-11-03
Toronto Maple Leafs,5,Pittsburgh Penguins,0,,"18,638",2:38,,2018-11-03
Philadelphia Flyers,3,San Jose Sharks,4,OT,"17,562",2:29,,2018-11-03
Minnesota Wild,5,St. Louis Blues,1,,"17,767",2:27,,2018-11-03
Carolina Hurricanes,0,Vegas Golden Knights,3,,"18,328",2:29,,2018-11-03
Dallas Stars,4,Washington Capitals,3,OT,"18,506",2:40,,2018-11-03
Columbus Blue Jackets,2,Anaheim Ducks,3,OT,"16,727",2:31,,2018-11-04
Buffalo Sabres,1,New York Rangers,3,,"16,904",2:26,,2018-11-04
Tampa Bay Lightning,4,Ottawa Senators,3,OT,"11,364",2:29,,2018-11-04
Philadelphia Flyers,5,Arizona Coyotes,2,,"13,719",2:28,,2018-11-05
Dallas Stars,1,Boston Bruins,2,OT,"17,565",2:34,,2018-11-05
Montreal Canadiens,4,New York Islanders,3,SO,"9,402",2:40,,2018-11-05
New Jersey Devils,5,Pittsburgh Penguins,1,,"18,420",2:38,,2018-11-05
Edmonton Oilers,2,Washington Capitals,4,,"18,506",2:30,,2018-11-05
Dallas Stars,1,Columbus Blue Jackets,4,,"14,159",2:24,,2018-11-06
Vancouver Canucks,2,Detroit Red Wings,3,SO,"18,640",2:47,,2018-11-06
Anaheim Ducks,1,Los Angeles Kings,4,,"18,230",2:41,,2018-11-06
Montreal Canadiens,3,New York Rangers,5,,"17,428",2:40,,2018-11-06
New Jersey Devils,3,Ottawa Senators,7,,"12,491",2:37,,2018-11-06
Minnesota Wild,3,San Jose Sharks,4,,"15,853",2:23,,2018-11-06
Carolina Hurricanes,1,St. Louis Blues,4,,"16,210",2:31,,2018-11-06
Edmonton Oilers,2,Tampa Bay Lightning,5,,"19,092",2:33,,2018-11-06
Vegas Golden Knights,1,Toronto Maple Leafs,3,,"19,045",2:34,,2018-11-06
Calgary Flames,2,Anaheim Ducks,3,,"16,461",2:23,,2018-11-07
Nashville Predators,4,Colorado Avalanche,1,,"16,923",2:44,,2018-11-07
Pittsburgh Penguins,1,Washington Capitals,2,,"18,506",2:33,,2018-11-07
Vancouver Canucks,8,Boston Bruins,5,,"17,565",2:38,,2018-11-08
Carolina Hurricanes,4,Chicago Blackhawks,3,,"21,331",2:20,,2018-11-08
San Jose Sharks,3,Dallas Stars,4,,"18,137",2:33,,2018-11-08
Edmonton Oilers,1,Florida Panthers,4,,"11,484",2:33,,2018-11-08
Minnesota Wild,3,Los Angeles Kings,1,,"17,621",2:29,,2018-11-08
Buffalo Sabres,6,Montreal Canadiens,5,OT,"20,488",2:40,,2018-11-08
Vegas Golden Knights,5,Ottawa Senators,3,,"15,213",2:37,,2018-11-08
Arizona Coyotes,4,Philadelphia Flyers,5,OT,"18,884",2:28,,2018-11-08
New York Islanders,2,Tampa Bay Lightning,4,,"19,092",2:30,,2018-11-08
Minnesota Wild,5,Anaheim Ducks,1,,"16,464",2:30,,2018-11-09
New York Rangers,2,Detroit Red Wings,3,OT,"19,515",2:38,,2018-11-09
San Jose Sharks,0,St. Louis Blues,4,,"17,032",2:21,,2018-11-09
New Jersey Devils,1,Toronto Maple Leafs,6,,"19,211",2:32,,2018-11-09
Colorado Avalanche,2,Winnipeg Jets,5,,"15,321",2:23,,2018-11-09
Columbus Blue Jackets,2,Washington Capitals,1,,"18,506",2:31,,2018-11-09
Toronto Maple Leafs,1,Boston Bruins,5,,"17,565",2:34,,2018-11-10
Vancouver Canucks,3,Buffalo Sabres,4,SO,"17,541",2:42,,2018-11-10
Detroit Red Wings,4,Carolina Hurricanes,3,SO,"13,029",2:42,,2018-11-10
New York Rangers,5,Columbus Blue Jackets,4,SO,"18,384",2:47,,2018-11-10
Nashville Predators,5,Dallas Stars,4,OT,"18,532",2:42,,2018-11-10
New York Islanders,2,Florida Panthers,4,,"11,947",2:28,,2018-11-10
Calgary Flames,1,Los Angeles Kings,0,,"18,230",2:32,,2018-11-10
Vegas Golden Knights,4,Montreal Canadiens,5,,"21,302",2:30,,2018-11-10
Chicago Blackhawks,0,Philadelphia Flyers,4,,"19,355",2:25,,2018-11-10
Arizona Coyotes,0,Pittsburgh Penguins,4,,"18,596",2:31,,2018-11-10
Ottawa Senators,6,Tampa Bay Lightning,4,,"19,092",2:35,,2018-11-10
Vegas Golden Knights,1,Boston Bruins,4,,"17,565",2:30,,2018-11-11
Colorado Avalanche,4,Edmonton Oilers,1,,"18,347",2:14,,2018-11-11
Ottawa Senators,1,Florida Panthers,5,,"11,192",2:35,,2018-11-11
Calgary Flames,1,San Jose Sharks,3,,"17,562",2:22,,2018-11-11
Minnesota Wild,3,St. Louis Blues,2,,"16,735",2:33,,2018-11-11
New Jersey Devils,2,Winnipeg Jets,5,,"15,321",2:30,,2018-11-11
Arizona Coyotes,4,Washington Capitals,1,,"18,506",2:27,,2018-11-11
Nashville Predators,1,Anaheim Ducks,2,SO,"16,629",3:04,,2018-11-12
Chicago Blackhawks,2,Carolina Hurricanes,3,OT,"11,221",2:28,,2018-11-12
Columbus Blue Jackets,2,Dallas Stars,1,,"17,543",2:32,,2018-11-12
Vancouver Canucks,1,New York Rangers,2,,"17,100",2:28,,2018-11-12
Tampa Bay Lightning,1,Buffalo Sabres,2,,"15,833",2:31,,2018-11-13
Arizona Coyotes,1,Detroit Red Wings,6,,"18,257",2:39,,2018-11-13
Montreal Canadiens,2,Edmonton Oilers,6,,"18,347",2:28,,2018-11-13
Toronto Maple Leafs,5,Los Angeles Kings,1,,"17,859",2:21,,2018-11-13
Washington Capitals,5,Minnesota Wild,2,,"19,101",2:33,,2018-11-13
Pittsburgh Penguins,2,New Jersey Devils,4,,"15,108",2:41,,2018-11-13
Vancouver Canucks,2,New York Islanders,5,,"8,806",2:26,,2018-11-13
Florida Panthers,2,Philadelphia Flyers,1,,"19,147",2:30,,2018-11-13
Nashville Predators,4,San Jose Sharks,5,,"16,654",2:33,,2018-11-13
St. Louis Blues,0,Chicago Blackhawks,1,,"21,401",2:19,,2018-11-14
Boston Bruins,3,Colorado Avalanche,6,,"16,124",2:20,,2018-11-14
Anaheim Ducks,0,Vegas Golden Knights,5,,"18,111",2:25,,2018-11-14
Washington Capitals,1,Winnipeg Jets,3,,"15,321",2:22,,2018-11-14
Nashville Predators,1,Arizona Coyotes,2,,"13,315",2:29,,2018-11-15
Florida Panthers,3,Columbus Blue Jackets,7,,"14,872",2:31,,2018-11-15
Montreal Canadiens,3,Calgary Flames,2,,"18,443",2:32,,2018-11-15
Vancouver Canucks,2,Minnesota Wild,6,,"19,014",2:35,,2018-11-15
New York Rangers,5,New York Islanders,7,,"13,472",2:40,,2018-11-15
Detroit Red Wings,1,Ottawa Senators,2,,"13,402",2:39,,2018-11-15
New Jersey Devils,3,Philadelphia Flyers,0,,"18,806",2:34,,2018-11-15
Tampa Bay Lightning,4,Pittsburgh Penguins,3,,"18,422",2:31,,2018-11-15
Toronto Maple Leafs,5,San Jose Sharks,3,,"17,011",2:27,,2018-11-15
Toronto Maple Leafs,2,Anaheim Ducks,1,OT,"16,666",2:34,,2018-11-16
Los Angeles Kings,2,Chicago Blackhawks,1,SO,"21,227",2:36,,2018-11-16
Washington Capitals,3,Colorado Avalanche,2,OT,"18,050",2:35,,2018-11-16
Boston Bruins,0,Dallas Stars,1,OT,"18,532",2:37,,2018-11-16
St. Louis Blues,4,Vegas Golden Knights,1,,"18,488",2:25,,2018-11-16
Buffalo Sabres,2,Winnipeg Jets,1,SO,"15,321",2:37,,2018-11-16
Boston Bruins,2,Arizona Coyotes,1,,"16,386",2:23,,2018-11-17
Columbus Blue Jackets,4,Carolina Hurricanes,1,,"13,040",2:25,,2018-11-17
Edmonton Oilers,2,Calgary Flames,4,,"19,289",2:45,,2018-11-17
Buffalo Sabres,3,Minnesota Wild,2,,"18,947",2:22,,2018-11-17
Detroit Red Wings,3,New Jersey Devils,2,OT,"16,514",2:37,,2018-11-17
Los Angeles Kings,3,Nashville Predators,5,,"17,627",2:34,,2018-11-17
Florida Panthers,2,New York Rangers,4,,"18,006",2:30,,2018-11-17
Pittsburgh Penguins,4,Ottawa Senators,6,,"17,692",2:28,,2018-11-17
Tampa Bay Lightning,6,Philadelphia Flyers,5,OT,"19,060",2:40,,2018-11-17
St. Louis Blues,0,San Jose Sharks,4,,"17,417",2:24,,2018-11-17
Montreal Canadiens,3,Vancouver Canucks,2,,"17,880",2:35,,2018-11-17
Colorado Avalanche,4,Anaheim Ducks,3,OT,"16,502",2:40,,2018-11-18
New Jersey Devils,1,Carolina Hurricanes,2,,"11,211",2:30,,2018-11-18
Minnesota Wild,1,Chicago Blackhawks,3,,"21,373",2:33,,2018-11-18
Vegas Golden Knights,6,Edmonton Oilers,3,,"18,347",2:31,,2018-11-18
Dallas Stars,6,New York Islanders,2,,"10,650",2:24,,2018-11-18
Vegas Golden Knights,2,Calgary Flames,7,,"17,635",2:23,,2018-11-19
Washington Capitals,5,Montreal Canadiens,4,OT,"21,911",2:52,,2018-11-19
Tampa Bay Lightning,2,Nashville Predators,3,,"17,419",2:29,,2018-11-19
Dallas Stars,1,New York Rangers,2,,"17,071",2:22,,2018-11-19
Florida Panthers,7,Ottawa Senators,5,,"11,570",2:41,,2018-11-19
Buffalo Sabres,5,Pittsburgh Penguins,4,OT,"18,618",2:37,,2018-11-19
Los Angeles Kings,2,St. Louis Blues,0,,"16,860",2:21,,2018-11-19
Columbus Blue Jackets,2,Toronto Maple Leafs,4,,"19,134",2:32,,2018-11-19
Winnipeg Jets,6,Vancouver Canucks,3,,"17,917",2:32,,2018-11-19
Edmonton Oilers,4,San Jose Sharks,3,OT,"17,562",2:30,,2018-11-20
Vancouver Canucks,3,Anaheim Ducks,4,,"16,091",2:32,,2018-11-21
Vegas Golden Knights,3,Arizona Coyotes,2,OT,"14,151",2:39,,2018-11-21
Philadelphia Flyers,2,Buffalo Sabres,5,,"19,070",2:26,,2018-11-21
Toronto Maple Leafs,2,Carolina Hurricanes,5,,"12,562",2:31,,2018-11-21
Winnipeg Jets,3,Calgary Flames,6,,"17,661",2:35,,2018-11-21
Boston Bruins,2,Detroit Red Wings,3,OT,"19,515",2:29,,2018-11-21
Colorado Avalanche,7,Los Angeles Kings,3,,"17,840",2:40,,2018-11-21
Ottawa Senators,4,Minnesota Wild,6,,"19,035",2:36,,2018-11-21
Montreal Canadiens,2,New Jersey Devils,5,,"16,514",2:24,,2018-11-21
St. Louis Blues,1,Nashville Predators,4,,"17,558",2:39,,2018-11-21
New York Islanders,0,New York Rangers,5,,"17,297",2:25,,2018-11-21
Dallas Stars,1,Pittsburgh Penguins,5,,"18,430",2:18,,2018-11-21
Florida Panthers,3,Tampa Bay Lightning,7,,"19,092",2:28,,2018-11-21
Chicago Blackhawks,2,Washington Capitals,4,,"18,506",2:30,,2018-11-21
Edmonton Oilers,1,Anaheim Ducks,2,OT,"16,497",2:23,,2018-11-23
Colorado Avalanche,5,Arizona Coyotes,1,,"12,029",2:30,,2018-11-23
Pittsburgh Penguins,1,Boston Bruins,2,OT,"17,565",2:41,,2018-11-23
Montreal Canadiens,2,Buffalo Sabres,3,OT,"19,070",2:37,,2018-11-23
Florida Panthers,1,Carolina Hurricanes,4,,"13,226",2:28,,2018-11-23
Toronto Maple Leafs,2,Columbus Blue Jackets,4,,"18,656",2:21,,2018-11-23
Ottawa Senators,4,Dallas Stars,6,,"18,532",2:40,,2018-11-23
Winnipeg Jets,2,Minnesota Wild,4,,"19,116",2:42,,2018-11-23
New York Islanders,4,New Jersey Devils,3,OT,"16,514",2:38,,2018-11-23
New York Rangers,0,Philadelphia Flyers,4,,"19,523",2:31,,2018-11-23
Vancouver Canucks,0,San Jose Sharks,4,,"17,056",2:21,,2018-11-23
Nashville Predators,2,St. Louis Blues,6,,"16,192",2:30,,2018-11-23
Chicago Blackhawks,2,Tampa Bay Lightning,4,,"19,092",2:20,,2018-11-23
Calgary Flames,0,Vegas Golden Knights,2,,"18,206",2:25,,2018-11-23
Detroit Red Wings,1,Washington Capitals,3,,"18,506",2:32,,2018-11-23
Dallas Stars,2,Colorado Avalanche,3,,"18,010",2:31,,2018-11-24
Buffalo Sabres,3,Detroit Red Wings,2,SO,"19,515",2:51,,2018-11-24
Chicago Blackhawks,5,Florida Panthers,4,OT,"14,283",2:37,,2018-11-24
Vancouver Canucks,4,Los Angeles Kings,2,,"17,725",2:23,,2018-11-24
Boston Bruins,3,Montreal Canadiens,2,,"21,302",2:37,,2018-11-24
Carolina Hurricanes,1,New York Islanders,4,,"10,015",2:23,,2018-11-24
Washington Capitals,5,New York Rangers,3,,"16,884",2:17,,2018-11-24
Columbus Blue Jackets,2,Pittsburgh Penguins,4,,"18,602",2:37,,2018-11-24
Winnipeg Jets,8,St. Louis Blues,4,,"17,028",2:35,,2018-11-24
Philadelphia Flyers,0,Toronto Maple Leafs,6,,"19,373",2:25,,2018-11-24
San Jose Sharks,0,Vegas Golden Knights,6,,"18,252",2:34,,2018-11-24
Calgary Flames,6,Arizona Coyotes,1,,"12,821",2:29,,2018-11-25
Edmonton Oilers,2,Los Angeles Kings,5,,"17,581",2:39,,2018-11-25
Anaheim Ducks,2,Nashville Predators,5,,"17,167",2:43,,2018-11-25
New Jersey Devils,2,Tampa Bay Lightning,5,,"19,092",2:33,,2018-11-25
Columbus Blue Jackets,7,Detroit Red Wings,5,,"17,510",2:31,,2018-11-26
New Jersey Devils,3,Florida Panthers,4,OT,"9,456",2:43,,2018-11-26
Washington Capitals,4,New York Islanders,1,,"9,072",2:20,,2018-11-26
Ottawa Senators,2,New York Rangers,4,,"16,709",2:37,,2018-11-26
Boston Bruins,2,Toronto Maple Leafs,4,,"19,286",2:27,,2018-11-26
San Jose Sharks,2,Buffalo Sabres,3,OT,"19,070",2:39,,2018-11-27
Vegas Golden Knights,8,Chicago Blackhawks,3,,"21,460",2:26,,2018-11-27
Dallas Stars,0,Edmonton Oilers,1,OT,"18,347",2:32,,2018-11-27
Arizona Coyotes,4,Minnesota Wild,3,,"18,706",2:27,,2018-11-27
Carolina Hurricanes,2,Montreal Canadiens,1,,"20,835",2:27,,2018-11-27
Colorado Avalanche,3,Nashville Predators,2,,"17,163",2:29,,2018-11-27
Ottawa Senators,4,Philadelphia Flyers,3,,"19,083",2:28,,2018-11-27
Anaheim Ducks,3,Tampa Bay Lightning,1,,"19,092",2:25,,2018-11-27
Los Angeles Kings,2,Vancouver Canucks,1,OT,"17,790",2:26,,2018-11-27
Pittsburgh Penguins,4,Winnipeg Jets,3,,"15,321",2:23,,2018-11-27
Dallas Stars,4,Calgary Flames,3,OT,"17,676",2:32,,2018-11-28
Pittsburgh Penguins,3,Colorado Avalanche,6,,"17,348",2:31,,2018-11-28
St. Louis Blues,3,Detroit Red Wings,4,,"18,165",2:36,,2018-11-28
Anaheim Ducks,3,Florida Panthers,2,,"9,078",2:31,,2018-11-28
San Jose Sharks,3,Toronto Maple Leafs,5,,"19,362",2:36,,2018-11-28
New York Islanders,1,Boston Bruins,2,SO,"17,565",2:42,,2018-11-29
Minnesota Wild,2,Columbus Blue Jackets,4,,"15,210",2:28,,2018-11-29
Los Angeles Kings,2,Edmonton Oilers,3,,"18,347",2:35,,2018-11-29
Arizona Coyotes,3,Nashville Predators,0,,"17,165",2:33,,2018-11-29
New York Rangers,0,Ottawa Senators,3,,"10,921",2:13,,2018-11-29
Buffalo Sabres,4,Tampa Bay Lightning,5,,"19,092",2:33,,2018-11-29
Vegas Golden Knights,4,Vancouver Canucks,3,,"16,880",2:25,,2018-11-29
Chicago Blackhawks,5,Winnipeg Jets,6,,"15,321",2:21,,2018-11-29
Anaheim Ducks,2,Carolina Hurricanes,1,OT,"13,987",2:34,,2018-11-30
Los Angeles Kings,1,Calgary Flames,4,,"17,989",2:18,,2018-11-30
St. Louis Blues,3,Colorado Avalanche,2,OT,"18,021",2:38,,2018-11-30
Buffalo Sabres,2,Florida Panthers,3,OT,"12,179",2:36,,2018-11-30
New Jersey Devils,3,Washington Capitals,6,,"18,506",2:33,,2018-11-30
St. Louis Blues,1,Arizona Coyotes,6,,"13,451",2:30,,2018-12-01
Detroit Red Wings,4,Boston Bruins,2,,"17,565",2:40,,2018-12-01
Vegas Golden Knights,1,Edmonton Oilers,2,,"18,347",2:19,,2018-12-01
Tampa Bay Lightning,5,Florida Panthers,4,OT,"12,361",2:47,,2018-12-01
Toronto Maple Leafs,5,Minnesota Wild,3,,"19,107",2:31,,2018-12-01
New York Rangers,2,Montreal Canadiens,5,,"21,302",2:26,,2018-12-01
Winnipeg Jets,4,New Jersey Devils,3,OT,"16,514",2:46,,2018-12-01
Chicago Blackhawks,2,Nashville Predators,5,,"17,548",2:26,,2018-12-01
Columbus Blue Jackets,2,New York Islanders,3,,"13,917",2:30,,2018-12-01
San Jose Sharks,2,Ottawa Senators,6,,"17,531",2:37,,2018-12-01
Philadelphia Flyers,4,Pittsburgh Penguins,2,,"18,653",2:23,,2018-12-01
Dallas Stars,2,Vancouver Canucks,1,,"17,387",2:30,,2018-12-01
Calgary Flames,3,Chicago Blackhawks,2,,"21,074",2:30,,2018-12-02
Colorado Avalanche,2,Detroit Red Wings,0,,"18,248",2:32,,2018-12-02
Carolina Hurricanes,0,Los Angeles Kings,2,,"17,546",2:38,,2018-12-02
San Jose Sharks,3,Montreal Canadiens,1,,"20,301",2:24,,2018-12-02
Winnipeg Jets,4,New York Rangers,3,SO,"17,464",2:42,,2018-12-02
Anaheim Ducks,6,Washington Capitals,5,,"18,506",2:35,,2018-12-02
Edmonton Oilers,1,Dallas Stars,4,,"18,125",2:34,,2018-12-03
Tampa Bay Lightning,5,New Jersey Devils,1,,"13,394",2:32,,2018-12-03
Buffalo Sabres,1,Nashville Predators,2,,"17,311",2:31,,2018-12-03
Toronto Maple Leafs,4,Buffalo Sabres,3,OT,"19,070",2:38,,2018-12-04
Calgary Flames,9,Columbus Blue Jackets,6,,"14,885",2:30,,2018-12-04
Tampa Bay Lightning,6,Detroit Red Wings,5,SO,"18,477",2:42,,2018-12-04
Boston Bruins,0,Florida Panthers,5,,"12,058",2:40,,2018-12-04
Arizona Coyotes,2,Los Angeles Kings,1,,"17,203",2:32,,2018-12-04
Ottawa Senators,2,Montreal Canadiens,5,,"20,705",2:25,,2018-12-04
Winnipeg Jets,3,New York Islanders,1,,"9,125",2:22,,2018-12-04
Colorado Avalanche,3,Pittsburgh Penguins,6,,"18,415",2:34,,2018-12-04
Minnesota Wild,3,Vancouver Canucks,2,,"17,122",2:25,,2018-12-04
Washington Capitals,3,Vegas Golden Knights,5,,"18,275",2:36,,2018-12-04
Chicago Blackhawks,2,Anaheim Ducks,4,,"15,696",2:24,,2018-12-05
Carolina Hurricanes,1,San Jose Sharks,5,,"17,119",2:24,,2018-12-05
Edmonton Oilers,3,St. Louis Blues,2,SO,"16,551",2:37,,2018-12-05
Washington Capitals,4,Arizona Coyotes,2,,"11,910",2:21,,2018-12-06
Minnesota Wild,0,Calgary Flames,2,,"17,690",2:33,,2018-12-06
Colorado Avalanche,5,Florida Panthers,2,,"10,077",2:29,,2018-12-06
New Jersey Devils,6,Los Angeles Kings,3,,"17,568",2:47,,2018-12-06
Montreal Canadiens,5,Ottawa Senators,2,,"15,820",2:24,,2018-12-06
Columbus Blue Jackets,4,Philadelphia Flyers,3,OT,"19,428",2:30,,2018-12-06
New York Islanders,2,Pittsburgh Penguins,6,,"18,440",2:25,,2018-12-06
Boston Bruins,2,Tampa Bay Lightning,3,,"19,092",2:24,,2018-12-06
Detroit Red Wings,5,Toronto Maple Leafs,4,OT,"19,392",2:37,,2018-12-06
Nashville Predators,3,Vancouver Canucks,5,,"16,894",2:25,,2018-12-06
Chicago Blackhawks,3,Vegas Golden Knights,4,,"18,494",2:32,,2018-12-06
Carolina Hurricanes,4,Anaheim Ducks,1,,"15,573",2:35,,2018-12-07
San Jose Sharks,2,Dallas Stars,3,,"18,342",2:26,,2018-12-07
Minnesota Wild,2,Edmonton Oilers,7,,"18,347",2:28,,2018-12-07
St. Louis Blues,1,Winnipeg Jets,0,,"15,321",2:27,,2018-12-07
San Jose Sharks,5,Arizona Coyotes,3,,"13,780",2:29,,2018-12-08
Toronto Maple Leafs,3,Boston Bruins,6,,"17,565",2:39,,2018-12-08
Philadelphia Flyers,6,Buffalo Sabres,2,,"18,283",2:29,,2018-12-08
Washington Capitals,4,Columbus Blue Jackets,0,,"18,501",2:29,,2018-12-08
Nashville Predators,2,Calgary Flames,5,,"17,717",2:17,,2018-12-08
New York Islanders,3,Detroit Red Wings,2,,"19,515",2:39,,2018-12-08
New York Rangers,5,Florida Panthers,4,SO,"15,295",2:43,,2018-12-08
Vegas Golden Knights,1,Los Angeles Kings,5,,"17,631",2:25,,2018-12-08
Pittsburgh Penguins,1,Ottawa Senators,2,OT,"15,795",2:28,,2018-12-08
Colorado Avalanche,1,Tampa Bay Lightning,7,,"19,092",2:32,,2018-12-08
New Jersey Devils,5,Anaheim Ducks,6,SO,"16,470",2:45,,2018-12-09
Montreal Canadiens,3,Chicago Blackhawks,2,,"21,057",2:32,,2018-12-09
Calgary Flames,0,Edmonton Oilers,1,,"18,347",2:25,,2018-12-09
Boston Bruins,2,Ottawa Senators,1,OT,"13,148",2:33,,2018-12-09
Vancouver Canucks,6,St. Louis Blues,1,,"16,841",2:22,,2018-12-09
Dallas Stars,2,Vegas Golden Knights,4,,"18,240",2:31,,2018-12-09
Philadelphia Flyers,1,Winnipeg Jets,7,,"15,321",2:38,,2018-12-09
Los Angeles Kings,1,Detroit Red Wings,3,,"18,322",2:24,,2018-12-10
Pittsburgh Penguins,2,New York Islanders,1,SO,"13,917",2:43,,2018-12-10
New Jersey Devils,2,San Jose Sharks,5,,"17,097",2:28,,2018-12-10
New York Rangers,3,Tampa Bay Lightning,6,,"19,092",2:33,,2018-12-10
Arizona Coyotes,3,Boston Bruins,4,,"17,565",2:35,,2018-12-11
Los Angeles Kings,3,Buffalo Sabres,4,OT,"17,897",2:50,,2018-12-11
Toronto Maple Leafs,4,Carolina Hurricanes,1,,"11,907",2:21,,2018-12-11
Vancouver Canucks,3,Columbus Blue Jackets,2,,"14,689",2:28,,2018-12-11
Edmonton Oilers,6,Colorado Avalanche,4,,"15,809",2:36,,2018-12-11
Montreal Canadiens,1,Minnesota Wild,7,,"18,681",2:24,,2018-12-11
Ottawa Senators,1,Nashville Predators,3,,"17,162",2:24,,2018-12-11
Florida Panthers,3,St. Louis Blues,4,,"16,255",2:38,,2018-12-11
Chicago Blackhawks,3,Winnipeg Jets,6,,"15,321",2:23,,2018-12-11
Detroit Red Wings,2,Washington Capitals,6,,"18,506",2:35,,2018-12-11
Dallas Stars,3,Anaheim Ducks,6,,"16,810",2:32,,2018-12-12
Philadelphia Flyers,5,Calgary Flames,6,OT,"17,763",2:31,,2018-12-12
Pittsburgh Penguins,3,Chicago Blackhawks,6,,"21,232",2:28,,2018-12-12
Vegas Golden Knights,3,New York Islanders,2,,"9,182",2:39,,2018-12-12
Arizona Coyotes,1,Buffalo Sabres,3,,"16,872",2:33,,2018-12-13
Los Angeles Kings,1,Columbus Blue Jackets,4,,"15,087",2:30,,2018-12-13
Florida Panthers,1,Minnesota Wild,5,,"18,714",2:32,,2018-12-13
Carolina Hurricanes,4,Montreal Canadiens,6,,"20,407",2:33,,2018-12-13
Vancouver Canucks,3,Nashville Predators,4,OT,"17,206",2:41,,2018-12-13
Dallas Stars,2,San Jose Sharks,3,,"17,185",2:30,,2018-12-13
Toronto Maple Leafs,1,Tampa Bay Lightning,4,,"19,092",2:39,,2018-12-13
Edmonton Oilers,4,Winnipeg Jets,5,OT,"15,321",2:35,,2018-12-13
Washington Capitals,6,Carolina Hurricanes,5,SO,"14,446",2:45,,2018-12-14
Winnipeg Jets,4,Chicago Blackhawks,3,OT,"21,235",2:33,,2018-12-14
Ottawa Senators,4,Detroit Red Wings,2,,"18,330",2:32,,2018-12-14
Philadelphia Flyers,1,Edmonton Oilers,4,,"18,347",2:24,,2018-12-14
Vegas Golden Knights,4,New Jersey Devils,5,OT,"14,076",2:31,,2018-12-14
Arizona Coyotes,4,New York Rangers,3,OT,"17,441",2:33,,2018-12-14
Boston Bruins,3,Pittsburgh Penguins,5,,"18,549",2:32,,2018-12-14
Colorado Avalanche,3,St. Louis Blues,4,OT,"16,366",2:39,,2018-12-14
Anaheim Ducks,2,Columbus Blue Jackets,1,OT,"16,171",2:33,,2018-12-15
Dallas Stars,4,Colorado Avalanche,6,,"17,626",2:54,,2018-12-15
Toronto Maple Leafs,3,Florida Panthers,4,OT,"14,177",2:48,,2018-12-15
Calgary Flames,2,Minnesota Wild,1,,"18,882",2:25,,2018-12-15
Ottawa Senators,2,Montreal Canadiens,5,,"21,302",2:33,,2018-12-15
New Jersey Devils,1,Nashville Predators,2,SO,"17,446",2:57,,2018-12-15
Detroit Red Wings,3,New York Islanders,4,SO,"13,917",2:47,,2018-12-15
Los Angeles Kings,3,Pittsburgh Penguins,4,OT,"18,627",2:32,,2018-12-15
Philadelphia Flyers,1,Vancouver Canucks,5,,"17,238",2:23,,2018-12-15
Buffalo Sabres,3,Washington Capitals,4,SO,"18,506",2:43,,2018-12-15
Buffalo Sabres,4,Boston Bruins,2,,"17,565",2:34,,2018-12-16
Arizona Coyotes,0,Carolina Hurricanes,3,,"13,051",2:25,,2018-12-16
San Jose Sharks,7,Chicago Blackhawks,3,,"21,237",2:26,,2018-12-16
Vegas Golden Knights,4,New York Rangers,3,OT,"17,660",2:38,,2018-12-16
Calgary Flames,7,St. Louis Blues,2,,"17,064",2:26,,2018-12-16
Edmonton Oilers,2,Vancouver Canucks,4,,"18,036",2:23,,2018-12-16
Tampa Bay Lightning,4,Winnipeg Jets,5,OT,"15,321",2:38,,2018-12-16
Vegas Golden Knights,0,Columbus Blue Jackets,1,,"15,008",2:21,,2018-12-17
New York Islanders,4,Colorado Avalanche,1,,"15,066",2:29,,2018-12-17
Boston Bruins,4,Montreal Canadiens,0,,"21,302",2:22,,2018-12-17
Nashville Predators,3,Ottawa Senators,4,OT,"14,492",2:37,,2018-12-17
Anaheim Ducks,4,Pittsburgh Penguins,2,,"18,575",2:23,,2018-12-17
New York Islanders,3,Arizona Coyotes,1,,"11,640",2:25,,2018-12-18
Florida Panthers,5,Buffalo Sabres,2,,"17,602",2:27,,2018-12-18
Nashville Predators,1,Chicago Blackhawks,2,,"21,223",2:29,,2018-12-18
Calgary Flames,0,Dallas Stars,2,,"18,127",2:32,,2018-12-18
St. Louis Blues,4,Edmonton Oilers,1,,"18,347",2:33,,2018-12-18
Winnipeg Jets,1,Los Angeles Kings,4,,"17,405",2:30,,2018-12-18
San Jose Sharks,4,Minnesota Wild,0,,"18,870",2:23,,2018-12-18
Toronto Maple Leafs,7,New Jersey Devils,2,,"14,586",2:30,,2018-12-18
Anaheim Ducks,1,New York Rangers,3,,"17,590",2:27,,2018-12-18
Detroit Red Wings,2,Philadelphia Flyers,3,,"19,255",2:30,,2018-12-18
Tampa Bay Lightning,5,Vancouver Canucks,2,,"17,193",2:42,,2018-12-18
Montreal Canadiens,1,Colorado Avalanche,2,,"15,469",2:32,,2018-12-19
Pittsburgh Penguins,2,Washington Capitals,1,,"18,506",2:34,,2018-12-19
Montreal Canadiens,2,Arizona Coyotes,1,,"11,149",2:29,,2018-12-20
Anaheim Ducks,1,Boston Bruins,3,,"17,565",2:30,,2018-12-20
Detroit Red Wings,4,Carolina Hurricanes,1,,"13,548",2:36,,2018-12-20
New Jersey Devils,1,Columbus Blue Jackets,2,,"15,595",2:30,,2018-12-20
Tampa Bay Lightning,5,Calgary Flames,4,SO,"19,289",2:50,,2018-12-20
Chicago Blackhawks,5,Dallas Stars,2,,"18,532",2:31,,2018-12-20
Nashville Predators,1,Philadelphia Flyers,2,,"19,142",2:23,,2018-12-20
Minnesota Wild,1,Pittsburgh Penguins,2,,"18,435",2:29,,2018-12-20
Winnipeg Jets,5,San Jose Sharks,3,,"17,213",2:29,,2018-12-20
Florida Panthers,1,Toronto Maple Leafs,6,,"19,329",2:31,,2018-12-20
St. Louis Blues,1,Vancouver Canucks,5,,"18,261",2:31,,2018-12-20
New York Islanders,2,Vegas Golden Knights,4,,"18,226",2:35,,2018-12-20
Chicago Blackhawks,2,Colorado Avalanche,1,,"17,850",2:26,,2018-12-21
Ottawa Senators,2,New Jersey Devils,5,,"14,614",2:38,,2018-12-21
Buffalo Sabres,1,Washington Capitals,2,,"18,506",2:27,,2018-12-21
Colorado Avalanche,4,Arizona Coyotes,6,,"13,896",2:35,,2018-12-22
Nashville Predators,2,Boston Bruins,5,,"17,565",2:33,,2018-12-22
Anaheim Ducks,0,Buffalo Sabres,3,,"19,070",2:33,,2018-12-22
Pittsburgh Penguins,3,Carolina Hurricanes,0,,"16,264",2:24,,2018-12-22
St. Louis Blues,3,Calgary Flames,1,,"18,683",2:23,,2018-12-22
Florida Panthers,2,Detroit Red Wings,1,,"19,515",2:28,,2018-12-22
Tampa Bay Lightning,6,Edmonton Oilers,3,,"18,347",2:39,,2018-12-22
Dallas Stars,2,Minnesota Wild,1,OT,"19,074",2:40,,2018-12-22
Washington Capitals,4,Ottawa Senators,0,,"15,605",2:19,,2018-12-22
Columbus Blue Jackets,4,Philadelphia Flyers,3,,"19,311",2:26,,2018-12-22
Los Angeles Kings,3,San Jose Sharks,2,OT,"17,562",2:35,,2018-12-22
New York Rangers,3,Toronto Maple Leafs,5,,"19,466",2:21,,2018-12-22
Winnipeg Jets,1,Vancouver Canucks,0,,"18,028",2:23,,2018-12-22
Montreal Canadiens,4,Vegas Golden Knights,3,OT,"18,173",2:33,,2018-12-22
Boston Bruins,3,Carolina Hurricanes,5,,"17,491",2:37,,2018-12-23
Florida Panthers,6,Chicago Blackhawks,3,,"21,789",2:16,,2018-12-23
New York Islanders,3,Dallas Stars,1,,"18,031",2:26,,2018-12-23
Columbus Blue Jackets,3,New Jersey Devils,0,,"12,872",2:26,,2018-12-23
Philadelphia Flyers,3,New York Rangers,2,SO,"17,515",2:43,,2018-12-23
Arizona Coyotes,4,San Jose Sharks,3,SO,"17,325",2:38,,2018-12-23
Detroit Red Wings,4,Toronto Maple Leafs,5,OT,"19,196",2:31,,2018-12-23
Los Angeles Kings,4,Vegas Golden Knights,3,OT,"18,225",2:25,,2018-12-23
New Jersey Devils,5,Boston Bruins,2,,"17,565",2:31,,2018-12-27
Minnesota Wild,2,Chicago Blackhawks,5,,"21,735",2:36,,2018-12-27
Vancouver Canucks,4,Edmonton Oilers,2,,"18,347",2:27,,2018-12-27
Arizona Coyotes,1,Los Angeles Kings,2,,"18,230",2:30,,2018-12-27
Dallas Stars,2,Nashville Predators,0,,"17,697",2:37,,2018-12-27
Columbus Blue Jackets,4,New York Rangers,3,OT,"18,006",2:29,,2018-12-27
Detroit Red Wings,2,Pittsburgh Penguins,5,,"18,639",2:28,,2018-12-27
Anaheim Ducks,2,San Jose Sharks,4,,"17,562",2:24,,2018-12-27
Buffalo Sabres,1,St. Louis Blues,4,,"17,867",2:21,,2018-12-27
Philadelphia Flyers,5,Tampa Bay Lightning,6,OT,"19,092",2:41,,2018-12-27
Colorado Avalanche,1,Vegas Golden Knights,2,,"18,505",2:27,,2018-12-27
Calgary Flames,4,Winnipeg Jets,1,,"15,321",2:29,,2018-12-27
Carolina Hurricanes,1,Washington Capitals,3,,"18,506",2:29,,2018-12-27
Toronto Maple Leafs,4,Columbus Blue Jackets,2,,"18,963",2:24,,2018-12-28
Montreal Canadiens,5,Florida Panthers,3,,"19,512",2:24,,2018-12-28
Ottawa Senators,3,New York Islanders,6,,"13,434",2:35,,2018-12-28
Arizona Coyotes,5,Anaheim Ducks,4,OT,"17,174",2:33,,2018-12-29
Boston Bruins,3,Buffalo Sabres,2,OT,"19,070",2:29,,2018-12-29
Vancouver Canucks,3,Calgary Flames,2,OT,"19,289",2:35,,2018-12-29
Chicago Blackhawks,3,Colorado Avalanche,2,OT,"18,028",2:33,,2018-12-29
Detroit Red Wings,1,Dallas Stars,5,,"18,532",2:36,,2018-12-29
San Jose Sharks,7,Edmonton Oilers,4,,"18,347",2:29,,2018-12-29
Philadelphia Flyers,1,Florida Panthers,2,,"15,737",2:30,,2018-12-29
Vegas Golden Knights,4,Los Angeles Kings,1,,"18,230",2:28,,2018-12-29
Carolina Hurricanes,0,New Jersey Devils,2,,"16,514",2:36,,2018-12-29
New York Rangers,4,Nashville Predators,3,,"17,673",2:37,,2018-12-29
Washington Capitals,3,Ottawa Senators,2,,"16,808",2:30,,2018-12-29
Pittsburgh Penguins,6,St. Louis Blues,1,,"17,475",2:33,,2018-12-29
Montreal Canadiens,5,Tampa Bay Lightning,6,,"19,092",2:37,,2018-12-29
New York Islanders,4,Toronto Maple Leafs,0,,"19,514",2:29,,2018-12-29
Minnesota Wild,3,Winnipeg Jets,1,,"15,321",2:25,,2018-12-29
Vegas Golden Knights,5,Arizona Coyotes,1,,"17,125",2:31,,2018-12-30
Tampa Bay Lightning,2,Anaheim Ducks,1,OT,"17,340",2:25,,2018-12-31
New York Islanders,3,Buffalo Sabres,1,,"19,070",2:26,,2018-12-31
Philadelphia Flyers,1,Carolina Hurricanes,3,,"16,644",2:27,,2018-12-31
Ottawa Senators,3,Columbus Blue Jackets,6,,"18,549",2:41,,2018-12-31
San Jose Sharks,5,Calgary Flames,8,,"19,289",2:43,,2018-12-31
Los Angeles Kings,3,Colorado Avalanche,2,OT,"18,017",2:27,,2018-12-31
Montreal Canadiens,3,Dallas Stars,2,OT,"18,532",2:29,,2018-12-31
Florida Panthers,4,Detroit Red Wings,3,SO,"19,515",2:52,,2018-12-31
Winnipeg Jets,4,Edmonton Oilers,3,,"18,347",2:27,,2018-12-31
Pittsburgh Penguins,3,Minnesota Wild,2,,"19,163",2:29,,2018-12-31
Vancouver Canucks,0,New Jersey Devils,4,,"15,772",2:21,,2018-12-31
New York Rangers,2,St. Louis Blues,1,,"16,849",2:29,,2018-12-31
Nashville Predators,6,Washington Capitals,3,,"18,506",2:33,,2018-12-31
Boston Bruins,4,Chicago Blackhawks,2,,"76,126",2:37,,2019-01-01
Philadelphia Flyers,0,Nashville Predators,4,,"17,481",2:26,,2019-01-01
Los Angeles Kings,0,Vegas Golden Knights,2,,"18,319",2:23,,2019-01-01
Edmonton Oilers,3,Arizona Coyotes,1,,"12,583",2:24,,2019-01-02
San Jose Sharks,5,Colorado Avalanche,4,,"17,891",2:31,,2019-01-02
New Jersey Devils,4,Dallas Stars,5,,"18,133",2:29,,2019-01-02
Calgary Flames,5,Detroit Red Wings,3,,"19,515",2:36,,2019-01-02
Pittsburgh Penguins,7,New York Rangers,2,,"18,006",2:31,,2019-01-02
Vancouver Canucks,4,Ottawa Senators,3,OT,"16,358",2:41,,2019-01-02
Calgary Flames,4,Boston Bruins,6,,"17,565",2:23,,2019-01-03
Florida Panthers,3,Buffalo Sabres,4,,"18,551",2:36,,2019-01-03
Tampa Bay Lightning,6,Los Angeles Kings,2,,"17,551",2:30,,2019-01-03
Vancouver Canucks,0,Montreal Canadiens,2,,"21,302",2:35,,2019-01-03
Chicago Blackhawks,2,New York Islanders,3,OT,"13,454",2:33,,2019-01-03
Carolina Hurricanes,5,Philadelphia Flyers,3,,"18,718",2:41,,2019-01-03
Washington Capitals,2,St. Louis Blues,5,,"17,200",2:25,,2019-01-03
Minnesota Wild,4,Toronto Maple Leafs,3,,"19,244",2:35,,2019-01-03
Vegas Golden Knights,3,Anaheim Ducks,2,,"17,222",2:24,,2019-01-04
New Jersey Devils,3,Arizona Coyotes,2,SO,"12,636",2:46,,2019-01-04
Columbus Blue Jackets,2,Carolina Hurricanes,4,,"15,346",2:21,,2019-01-04
New York Rangers,1,Colorado Avalanche,6,,"17,287",2:26,,2019-01-04
Washington Capitals,1,Dallas Stars,2,OT,"18,532",2:32,,2019-01-04
Nashville Predators,3,Detroit Red Wings,4,OT,"19,515",2:37,,2019-01-04
Winnipeg Jets,0,Pittsburgh Penguins,4,,"18,642",2:29,,2019-01-04
Buffalo Sabres,1,Boston Bruins,2,,"17,565",2:31,,2019-01-05
Columbus Blue Jackets,4,Florida Panthers,3,OT,"15,213",2:27,,2019-01-05
Edmonton Oilers,0,Los Angeles Kings,4,,"18,230",2:29,,2019-01-05
Nashville Predators,4,Montreal Canadiens,1,,"21,302",2:29,,2019-01-05
Minnesota Wild,4,Ottawa Senators,3,,"14,124",2:29,,2019-01-05
Calgary Flames,3,Philadelphia Flyers,2,OT,"19,236",2:31,,2019-01-05
Tampa Bay Lightning,2,San Jose Sharks,5,,"17,562",2:27,,2019-01-05
New York Islanders,4,St. Louis Blues,3,,"16,801",2:30,,2019-01-05
Vancouver Canucks,0,Toronto Maple Leafs,5,,"19,388",2:23,,2019-01-05
Edmonton Oilers,4,Anaheim Ducks,0,,"17,317",2:30,,2019-01-06
New York Rangers,0,Arizona Coyotes,5,,"12,396",2:18,,2019-01-06
Washington Capitals,3,Detroit Red Wings,2,,"19,515",2:30,,2019-01-06
Carolina Hurricanes,5,Ottawa Senators,4,,"12,924",2:22,,2019-01-06
Chicago Blackhawks,5,Pittsburgh Penguins,3,,"18,623",2:24,,2019-01-06
New Jersey Devils,2,Vegas Golden Knights,3,,"18,103",2:36,,2019-01-06
Dallas Stars,1,Winnipeg Jets,5,,"15,321",2:24,,2019-01-06
Calgary Flames,4,Chicago Blackhawks,3,,"21,036",2:26,,2019-01-07
Minnesota Wild,1,Montreal Canadiens,0,,"20,601",2:26,,2019-01-07
St. Louis Blues,3,Philadelphia Flyers,0,,"19,021",2:25,,2019-01-07
Los Angeles Kings,1,San Jose Sharks,3,,"15,447",2:20,,2019-01-07
Nashville Predators,4,Toronto Maple Leafs,0,,"19,059",2:22,,2019-01-07
Minnesota Wild,0,Boston Bruins,4,,"17,565",2:28,,2019-01-08
New Jersey Devils,1,Buffalo Sabres,5,,"18,212",2:30,,2019-01-08
Montreal Canadiens,3,Detroit Red Wings,2,,"18,898",2:30,,2019-01-08
Carolina Hurricanes,4,New York Islanders,3,,"13,769",2:26,,2019-01-08
Florida Panthers,1,Pittsburgh Penguins,5,,"18,526",2:29,,2019-01-08
Edmonton Oilers,2,San Jose Sharks,7,,"17,320",2:25,,2019-01-08
Dallas Stars,3,St. Louis Blues,1,,"17,037",2:23,,2019-01-08
Columbus Blue Jackets,0,Tampa Bay Lightning,4,,"19,092",2:21,,2019-01-08
New York Rangers,2,Vegas Golden Knights,4,,"18,249",2:43,,2019-01-08
Colorado Avalanche,4,Winnipeg Jets,7,,"15,321",2:22,,2019-01-08
Philadelphia Flyers,3,Washington Capitals,5,,"18,506",2:37,,2019-01-08
Ottawa Senators,2,Anaheim Ducks,1,OT,"17,174",2:32,,2019-01-09
Colorado Avalanche,3,Calgary Flames,5,,"18,220",2:26,,2019-01-09
Nashville Predators,4,Chicago Blackhawks,3,OT,"21,255",2:27,,2019-01-09
Washington Capitals,4,Boston Bruins,2,,"17,565",2:35,,2019-01-10
Nashville Predators,3,Columbus Blue Jackets,4,OT,"17,065",2:35,,2019-01-10
Florida Panthers,3,Edmonton Oilers,4,SO,"18,347",2:38,,2019-01-10
Ottawa Senators,4,Los Angeles Kings,1,,"17,713",2:31,,2019-01-10
Winnipeg Jets,2,Minnesota Wild,3,,"19,072",2:25,,2019-01-10
Toronto Maple Leafs,4,New Jersey Devils,2,,"15,280",2:34,,2019-01-10
New York Islanders,4,New York Rangers,3,,"17,938",2:32,,2019-01-10
Dallas Stars,1,Philadelphia Flyers,2,,"19,448",2:28,,2019-01-10
Montreal Canadiens,1,St. Louis Blues,4,,"17,839",2:28,,2019-01-10
Carolina Hurricanes,1,Tampa Bay Lightning,3,,"19,092",2:34,,2019-01-10
Arizona Coyotes,4,Vancouver Canucks,3,OT,"18,527",2:33,,2019-01-10
San Jose Sharks,3,Vegas Golden Knights,2,,"18,367",2:28,,2019-01-10
Pittsburgh Penguins,7,Anaheim Ducks,4,,"17,473",2:25,,2019-01-11
Buffalo Sabres,3,Carolina Hurricanes,4,,"17,199",2:30,,2019-01-11
Florida Panthers,3,Calgary Flames,4,,"18,579",2:28,,2019-01-11
Detroit Red Wings,2,Winnipeg Jets,4,,"15,321",2:23,,2019-01-11
Tampa Bay Lightning,5,Buffalo Sabres,3,,"19,070",2:33,,2019-01-12
Vegas Golden Knights,4,Chicago Blackhawks,3,OT,"21,760",2:31,,2019-01-12
St. Louis Blues,3,Dallas Stars,1,,"18,124",2:27,,2019-01-12
Arizona Coyotes,3,Edmonton Oilers,2,,"18,347",2:27,,2019-01-12
Pittsburgh Penguins,2,Los Angeles Kings,5,,"18,414",2:36,,2019-01-12
Detroit Red Wings,5,Minnesota Wild,2,,"19,087",2:28,,2019-01-12
Colorado Avalanche,0,Montreal Canadiens,3,,"21,302",2:20,,2019-01-12
Philadelphia Flyers,2,New Jersey Devils,3,,"16,514",2:32,,2019-01-12
New York Rangers,2,New York Islanders,1,,"15,497",2:27,,2019-01-12
Ottawa Senators,1,San Jose Sharks,4,,"17,562",2:21,,2019-01-12
Boston Bruins,3,Toronto Maple Leafs,2,,"19,305",2:24,,2019-01-12
Columbus Blue Jackets,2,Washington Capitals,1,OT,"18,506",2:40,,2019-01-12
Nashville Predators,3,Carolina Hurricanes,6,,"16,347",2:31,,2019-01-13
New York Rangers,5,Columbus Blue Jackets,7,,"17,417",2:33,,2019-01-13
Arizona Coyotes,1,Calgary Flames,7,,"17,849",2:25,,2019-01-13
Tampa Bay Lightning,1,New York Islanders,5,,"11,193",2:28,,2019-01-13
Florida Panthers,1,Vancouver Canucks,5,,"18,610",2:42,,2019-01-13
Anaheim Ducks,3,Winnipeg Jets,4,OT,"15,321",2:33,,2019-01-13
Montreal Canadiens,3,Boston Bruins,2,OT,"17,565",2:37,,2019-01-14
Buffalo Sabres,2,Edmonton Oilers,7,,"18,347",2:29,,2019-01-14
Chicago Blackhawks,5,New Jersey Devils,8,,"15,204",2:29,,2019-01-14
Minnesota Wild,4,Philadelphia Flyers,7,,"19,123",2:42,,2019-01-14
Colorado Avalanche,6,Toronto Maple Leafs,3,,"19,248",2:26,,2019-01-14
St. Louis Blues,4,Washington Capitals,1,,"18,506",2:26,,2019-01-14
New Jersey Devils,1,Columbus Blue Jackets,4,,"16,377",2:25,,2019-01-15
Tampa Bay Lightning,2,Dallas Stars,0,,"18,021",2:27,,2019-01-15
Anaheim Ducks,1,Detroit Red Wings,3,,"19,515",2:25,,2019-01-15
Los Angeles Kings,2,Minnesota Wild,3,SO,"19,017",2:45,,2019-01-15
Florida Panthers,1,Montreal Canadiens,5,,"20,576",2:35,,2019-01-15
Washington Capitals,2,Nashville Predators,7,,"17,336",2:33,,2019-01-15
St. Louis Blues,1,New York Islanders,2,OT,"10,042",2:29,,2019-01-15
Carolina Hurricanes,2,New York Rangers,6,,"17,636",2:26,,2019-01-15
Pittsburgh Penguins,2,San Jose Sharks,5,,"17,292",2:22,,2019-01-15
Vegas Golden Knights,1,Winnipeg Jets,4,,"15,321",2:27,,2019-01-15
San Jose Sharks,3,Arizona Coyotes,6,,"13,342",2:29,,2019-01-16
Buffalo Sabres,4,Calgary Flames,3,OT,"18,286",2:34,,2019-01-16
Colorado Avalanche,2,Ottawa Senators,5,,"14,468",2:29,,2019-01-16
Boston Bruins,3,Philadelphia Flyers,4,,"19,297",2:55,,2019-01-16
Edmonton Oilers,3,Vancouver Canucks,2,SO,"18,166",2:50,,2019-01-16
St. Louis Blues,2,Boston Bruins,5,,"17,565",2:24,,2019-01-17
Los Angeles Kings,2,Dallas Stars,1,,"18,045",2:32,,2019-01-17
Anaheim Ducks,3,Minnesota Wild,0,,"18,907",2:24,,2019-01-17
Winnipeg Jets,5,Nashville Predators,1,,"17,507",2:33,,2019-01-17
New Jersey Devils,1,New York Islanders,4,,"12,088",2:21,,2019-01-17
Chicago Blackhawks,3,New York Rangers,4,,"17,434",2:32,,2019-01-17
Toronto Maple Leafs,4,Tampa Bay Lightning,2,,"19,092",2:34,,2019-01-17
Pittsburgh Penguins,3,Arizona Coyotes,2,OT,"14,757",2:38,,2019-01-18
Ottawa Senators,4,Carolina Hurricanes,1,,"15,598",2:22,,2019-01-18
Montreal Canadiens,4,Columbus Blue Jackets,1,,"18,892",2:25,,2019-01-18
Detroit Red Wings,4,Calgary Flames,6,,"19,289",2:38,,2019-01-18
Toronto Maple Leafs,1,Florida Panthers,3,,"16,741",2:23,,2019-01-18
Buffalo Sabres,3,Vancouver Canucks,4,,"18,176",2:26,,2019-01-18
New York Islanders,2,Washington Capitals,0,,"18,605",2:17,,2019-01-18
New York Rangers,3,Boston Bruins,2,,"17,565",2:39,,2019-01-19
Los Angeles Kings,1,Colorado Avalanche,7,,"18,043",2:34,,2019-01-19
Winnipeg Jets,2,Dallas Stars,4,,"18,532",2:38,,2019-01-19
Calgary Flames,5,Edmonton Oilers,2,,"18,347",2:35,,2019-01-19
Columbus Blue Jackets,1,Minnesota Wild,2,,"19,054",2:27,,2019-01-19
Philadelphia Flyers,5,Montreal Canadiens,2,,"21,302",2:19,,2019-01-19
Anaheim Ducks,3,New Jersey Devils,2,,"15,231",2:23,,2019-01-19
Florida Panthers,4,Nashville Predators,2,,"17,716",2:33,,2019-01-19
Ottawa Senators,2,St. Louis Blues,3,,"17,690",2:34,,2019-01-19
San Jose Sharks,3,Tampa Bay Lightning,6,,"19,092",2:29,,2019-01-19
Pittsburgh Penguins,3,Vegas Golden Knights,7,,"18,511",2:36,,2019-01-19
Washington Capitals,5,Chicago Blackhawks,8,,"21,316",2:36,,2019-01-20
Carolina Hurricanes,7,Edmonton Oilers,4,,"18,347",2:28,,2019-01-20
Anaheim Ducks,0,New York Islanders,3,,"13,917",2:21,,2019-01-20
Arizona Coyotes,4,Toronto Maple Leafs,2,,"19,165",2:23,,2019-01-20
Detroit Red Wings,2,Vancouver Canucks,3,,"18,865",2:32,,2019-01-20
Nashville Predators,4,Colorado Avalanche,1,,"18,018",2:28,,2019-01-21
San Jose Sharks,2,Florida Panthers,6,,"14,014",2:33,,2019-01-21
St. Louis Blues,3,Los Angeles Kings,4,,"18,230",2:33,,2019-01-21
Minnesota Wild,4,Vegas Golden Knights,2,,"18,328",2:40,,2019-01-21
Carolina Hurricanes,2,Calgary Flames,3,OT,"18,508",2:36,,2019-01-22
New York Islanders,2,Chicago Blackhawks,3,SO,"21,330",2:36,,2019-01-22
Detroit Red Wings,3,Edmonton Oilers,2,,"18,347",2:27,,2019-01-22
Arizona Coyotes,3,Ottawa Senators,2,,"12,236",2:27,,2019-01-22
San Jose Sharks,7,Washington Capitals,6,OT,"18,506",2:39,,2019-01-22
St. Louis Blues,5,Anaheim Ducks,1,,"16,795",2:21,,2019-01-23
Minnesota Wild,5,Colorado Avalanche,2,,"17,310",2:34,,2019-01-23
Arizona Coyotes,1,Montreal Canadiens,2,,"21,002",2:23,,2019-01-23
Washington Capitals,3,Toronto Maple Leafs,6,,"19,148",2:28,,2019-01-23
Carolina Hurricanes,5,Vancouver Canucks,2,,"18,373",2:32,,2019-01-23
Nashville Predators,2,Vegas Golden Knights,1,,"18,477",2:37,,2019-01-23
Winnipeg Jets,1,Philadelphia Flyers,3,,"19,087",2:30,,2019-01-28
New Jersey Devils,6,Pittsburgh Penguins,3,,"18,609",2:32,,2019-01-28
Winnipeg Jets,4,Boston Bruins,3,SO,"17,565",2:52,,2019-01-29
Buffalo Sabres,5,Columbus Blue Jackets,4,,"15,615",2:27,,2019-01-29
Philadelphia Flyers,1,New York Rangers,0,,"17,163",2:28,,2019-01-29
Buffalo Sabres,0,Dallas Stars,1,,"17,986",2:28,,2019-01-30
Tampa Bay Lightning,2,Pittsburgh Penguins,4,,"18,514",2:29,,2019-01-30
Philadelphia Flyers,3,Boston Bruins,2,OT,"17,565",2:34,,2019-01-31
New York Rangers,4,New Jersey Devils,3,,"16,514",2:30,,2019-01-31
Columbus Blue Jackets,3,Winnipeg Jets,4,,"15,321",2:24,,2019-01-31
Chicago Blackhawks,7,Buffalo Sabres,3,,"18,205",2:26,,2019-02-01
Vegas Golden Knights,2,Carolina Hurricanes,5,,"17,104",2:26,,2019-02-01
Minnesota Wild,1,Dallas Stars,3,,"18,124",2:28,,2019-02-01
Toronto Maple Leafs,2,Detroit Red Wings,3,OT,"19,515",2:25,,2019-02-01
Nashville Predators,4,Florida Panthers,1,,"13,158",2:29,,2019-02-01
Tampa Bay Lightning,1,New York Islanders,0,SO,"13,971",2:42,,2019-02-01
Ottawa Senators,3,Pittsburgh Penguins,5,,"18,618",2:29,,2019-02-01
Calgary Flames,3,Washington Capitals,4,,"18,506",2:37,,2019-02-01
St. Louis Blues,4,Columbus Blue Jackets,2,,"18,681",2:24,,2019-02-02
Vancouver Canucks,5,Colorado Avalanche,1,,"18,027",2:26,,2019-02-02
Vegas Golden Knights,1,Florida Panthers,3,,"15,202",2:27,,2019-02-02
Chicago Blackhawks,4,Minnesota Wild,3,OT,"19,114",2:39,,2019-02-02
New Jersey Devils,3,Montreal Canadiens,2,OT,"21,302",2:28,,2019-02-02
Dallas Stars,3,Nashville Predators,1,,"17,722",2:35,,2019-02-02
Los Angeles Kings,2,New York Islanders,4,,"13,917",2:30,,2019-02-02
Tampa Bay Lightning,3,New York Rangers,2,,"17,468",2:30,,2019-02-02
Detroit Red Wings,2,Ottawa Senators,0,,"15,714",2:24,,2019-02-02
Edmonton Oilers,4,Philadelphia Flyers,5,OT,"19,526",2:32,,2019-02-02
Arizona Coyotes,2,San Jose Sharks,3,OT,"17,227",2:27,,2019-02-02
Pittsburgh Penguins,2,Toronto Maple Leafs,3,,"19,477",2:30,,2019-02-02
Anaheim Ducks,3,Winnipeg Jets,9,,"15,321",2:30,,2019-02-02
Calgary Flames,4,Carolina Hurricanes,3,,"12,621",2:31,,2019-02-03
Edmonton Oilers,3,Montreal Canadiens,4,OT,"21,302",2:34,,2019-02-03
Boston Bruins,1,Washington Capitals,0,,"18,506",2:22,,2019-02-03
Arizona Coyotes,4,Dallas Stars,5,,"17,996",2:42,,2019-02-04
Los Angeles Kings,4,New York Rangers,3,OT,"16,233",2:24,,2019-02-04
Vancouver Canucks,1,Philadelphia Flyers,2,,"18,671",2:32,,2019-02-04
Anaheim Ducks,1,Toronto Maple Leafs,6,,"18,858",2:33,,2019-02-04
New York Islanders,1,Boston Bruins,3,,"17,565",2:33,,2019-02-05
Minnesota Wild,4,Buffalo Sabres,5,SO,"16,847",2:43,,2019-02-05
Columbus Blue Jackets,6,Colorado Avalanche,3,,"15,398",2:31,,2019-02-05
Chicago Blackhawks,6,Edmonton Oilers,2,,"18,347",2:32,,2019-02-05
St. Louis Blues,3,Florida Panthers,2,,"10,243",2:30,,2019-02-05
Anaheim Ducks,1,Montreal Canadiens,4,,"20,680",2:24,,2019-02-05
Los Angeles Kings,5,New Jersey Devils,1,,"14,508",2:31,,2019-02-05
Arizona Coyotes,2,Nashville Predators,5,,"17,295",2:34,,2019-02-05
Carolina Hurricanes,4,Pittsburgh Penguins,0,,"18,435",2:17,,2019-02-05
Vegas Golden Knights,3,Tampa Bay Lightning,2,SO,"19,092",2:52,,2019-02-05
San Jose Sharks,3,Winnipeg Jets,2,OT,"15,321",2:32,,2019-02-05
Vancouver Canucks,2,Washington Capitals,3,,"18,506",2:31,,2019-02-05
Boston Bruins,3,New York Rangers,4,SO,"16,848",2:49,,2019-02-06
Ottawa Senators,4,Toronto Maple Leafs,5,,"19,264",2:24,,2019-02-06
Columbus Blue Jackets,4,Arizona Coyotes,2,,"15,319",2:28,,2019-02-07
Carolina Hurricanes,6,Buffalo Sabres,5,OT,"17,588",2:42,,2019-02-07
San Jose Sharks,5,Calgary Flames,2,,"18,748",2:27,,2019-02-07
Vancouver Canucks,3,Chicago Blackhawks,4,OT,"21,540",2:34,,2019-02-07
Vegas Golden Knights,4,Detroit Red Wings,3,,"18,889",2:37,,2019-02-07
Pittsburgh Penguins,2,Florida Panthers,3,OT,"14,712",2:36,,2019-02-07
Edmonton Oilers,4,Minnesota Wild,1,,"18,904",2:31,,2019-02-07
Winnipeg Jets,2,Montreal Canadiens,5,,"21,302",2:34,,2019-02-07
New York Islanders,2,New Jersey Devils,1,SO,"13,265",2:37,,2019-02-07
Dallas Stars,2,Nashville Predators,3,OT,"17,174",2:28,,2019-02-07
Anaheim Ducks,0,Ottawa Senators,4,,"12,617",2:19,,2019-02-07
Los Angeles Kings,3,Philadelphia Flyers,2,SO,"18,982",2:42,,2019-02-07
St. Louis Blues,1,Tampa Bay Lightning,0,OT,"19,092",2:32,,2019-02-07
Colorado Avalanche,3,Washington Capitals,4,OT,"18,506",2:39,,2019-02-07
Carolina Hurricanes,3,New York Rangers,0,,"18,006",2:19,,2019-02-08
Dallas Stars,2,Arizona Coyotes,3,,"13,418",2:33,,2019-02-09
Los Angeles Kings,4,Boston Bruins,5,OT,"17,565",2:32,,2019-02-09
Detroit Red Wings,1,Buffalo Sabres,3,,"19,070",2:25,,2019-02-09
San Jose Sharks,5,Edmonton Oilers,2,,"18,347",2:27,,2019-02-09
Toronto Maple Leafs,4,Montreal Canadiens,3,OT,"21,302",2:31,,2019-02-09
Minnesota Wild,4,New Jersey Devils,2,,"15,783",2:30,,2019-02-09
Colorado Avalanche,3,New York Islanders,4,OT,"14,216",2:35,,2019-02-09
Winnipeg Jets,2,Ottawa Senators,5,,"16,263",2:30,,2019-02-09
Anaheim Ducks,2,Philadelphia Flyers,6,,"19,072",2:32,,2019-02-09
Nashville Predators,2,St. Louis Blues,3,,"18,166",2:30,,2019-02-09
Pittsburgh Penguins,4,Tampa Bay Lightning,5,,"19,092",2:53,,2019-02-09
Calgary Flames,3,Vancouver Canucks,4,SO,"18,410",2:45,,2019-02-09
Columbus Blue Jackets,4,Vegas Golden Knights,3,,"18,301",2:28,,2019-02-09
Florida Panthers,5,Washington Capitals,4,OT,"18,506",2:36,,2019-02-09
Colorado Avalanche,1,Boston Bruins,2,OT,"17,565",2:38,,2019-02-10
Winnipeg Jets,3,Buffalo Sabres,1,,"17,966",2:19,,2019-02-10
Detroit Red Wings,2,Chicago Blackhawks,5,,"21,941",2:31,,2019-02-10
Tampa Bay Lightning,5,Florida Panthers,2,,"13,566",2:31,,2019-02-10
Carolina Hurricanes,2,New Jersey Devils,3,,"16,514",2:36,,2019-02-10
St. Louis Blues,5,Nashville Predators,4,OT,"17,622",2:50,,2019-02-10
Minnesota Wild,1,New York Islanders,2,,"13,825",2:23,,2019-02-10
Toronto Maple Leafs,1,New York Rangers,4,,"17,445",2:25,,2019-02-10
Pittsburgh Penguins,4,Philadelphia Flyers,1,,"19,103",2:32,,2019-02-11
San Jose Sharks,7,Vancouver Canucks,2,,"18,576",2:22,,2019-02-11
Los Angeles Kings,4,Washington Capitals,6,,"18,506",2:25,,2019-02-11
Chicago Blackhawks,3,Boston Bruins,6,,"17,565",2:32,,2019-02-12
New York Islanders,1,Buffalo Sabres,3,,"16,894",2:21,,2019-02-12
Washington Capitals,0,Columbus Blue Jackets,3,,"15,701",2:26,,2019-02-12
Toronto Maple Leafs,5,Colorado Avalanche,2,,"16,426",2:25,,2019-02-12
Dallas Stars,3,Florida Panthers,0,,"9,472",2:26,,2019-02-12
Philadelphia Flyers,5,Minnesota Wild,4,,"18,607",2:33,,2019-02-12
Detroit Red Wings,3,Nashville Predators,2,,"17,260",2:29,,2019-02-12
Carolina Hurricanes,4,Ottawa Senators,1,,"10,648",2:22,,2019-02-12
New Jersey Devils,3,St. Louis Blues,8,,"17,509",2:28,,2019-02-12
Calgary Flames,3,Tampa Bay Lightning,6,,"19,092",2:30,,2019-02-12
Arizona Coyotes,5,Vegas Golden Knights,2,,"18,212",2:31,,2019-02-12
New York Rangers,3,Winnipeg Jets,4,,"15,321",2:22,,2019-02-12
Vancouver Canucks,0,Anaheim Ducks,1,,"17,174",2:33,,2019-02-13
Edmonton Oilers,1,Pittsburgh Penguins,3,,"18,570",2:30,,2019-02-13
St. Louis Blues,4,Arizona Coyotes,0,,"12,553",2:23,,2019-02-14
New York Islanders,3,Columbus Blue Jackets,0,,"16,531",2:21,,2019-02-14
New Jersey Devils,2,Chicago Blackhawks,5,,"21,038",2:28,,2019-02-14
Ottawa Senators,2,Detroit Red Wings,3,,"18,575",2:27,,2019-02-14
Calgary Flames,2,Florida Panthers,3,SO,"10,198",2:49,,2019-02-14
Vancouver Canucks,4,Los Angeles Kings,3,SO,"18,230",2:48,,2019-02-14
Montreal Canadiens,1,Nashville Predators,3,,"17,417",2:37,,2019-02-14
Washington Capitals,5,San Jose Sharks,1,,"17,562",2:16,,2019-02-14
Dallas Stars,0,Tampa Bay Lightning,6,,"19,092",2:28,,2019-02-14
Toronto Maple Leafs,6,Vegas Golden Knights,3,,"18,214",2:32,,2019-02-14
Colorado Avalanche,4,Winnipeg Jets,1,,"15,321",2:26,,2019-02-14
Boston Bruins,3,Anaheim Ducks,0,,"17,174",2:23,,2019-02-15
New York Rangers,6,Buffalo Sabres,2,,"19,070",2:29,,2019-02-15
Edmonton Oilers,1,Carolina Hurricanes,3,,"14,430",2:35,,2019-02-15
New Jersey Devils,5,Minnesota Wild,4,OT,"19,041",2:40,,2019-02-15
Toronto Maple Leafs,0,Arizona Coyotes,2,,"17,125",2:23,,2019-02-16
Dallas Stars,0,Carolina Hurricanes,3,,"14,369",2:23,,2019-02-16
Columbus Blue Jackets,5,Chicago Blackhawks,2,,"22,196",2:22,,2019-02-16
St. Louis Blues,3,Colorado Avalanche,0,,"18,076",2:26,,2019-02-16
Boston Bruins,4,Los Angeles Kings,2,,"18,230",2:22,,2019-02-16
Edmonton Oilers,2,New York Islanders,5,,"14,812",2:29,,2019-02-16
Detroit Red Wings,5,Philadelphia Flyers,6,OT,"19,342",2:37,,2019-02-16
Calgary Flames,5,Pittsburgh Penguins,4,,"18,667",2:31,,2019-02-16
Vancouver Canucks,2,San Jose Sharks,3,,"17,562",2:30,,2019-02-16
Montreal Canadiens,0,Tampa Bay Lightning,3,,"19,092",2:42,,2019-02-16
Nashville Predators,1,Vegas Golden Knights,5,,"18,430",2:39,,2019-02-16
Ottawa Senators,4,Winnipeg Jets,3,OT,"15,321",2:33,,2019-02-16
Washington Capitals,2,Anaheim Ducks,5,,"17,495",2:30,,2019-02-17
Philadelphia Flyers,3,Detroit Red Wings,1,,"19,515",2:34,,2019-02-17
Montreal Canadiens,3,Florida Panthers,6,,"16,212",2:37,,2019-02-17
St. Louis Blues,4,Minnesota Wild,0,,"19,102",2:22,,2019-02-17
Buffalo Sabres,1,New Jersey Devils,4,,"16,514",2:24,,2019-02-17
New York Rangers,5,Pittsburgh Penguins,6,,"18,646",2:32,,2019-02-17
Tampa Bay Lightning,5,Columbus Blue Jackets,1,,"16,411",2:31,,2019-02-18
Arizona Coyotes,2,Calgary Flames,5,,"18,985",2:25,,2019-02-18
Ottawa Senators,7,Chicago Blackhawks,8,,"21,338",2:33,,2019-02-18
Vegas Golden Knights,0,Colorado Avalanche,3,,"17,808",2:22,,2019-02-18
Washington Capitals,3,Los Angeles Kings,2,,"18,230",2:18,,2019-02-18
Boston Bruins,6,San Jose Sharks,5,OT,"17,562",2:43,,2019-02-18
New York Rangers,2,Carolina Hurricanes,1,,"13,343",2:29,,2019-02-19
Nashville Predators,5,Dallas Stars,3,,"17,985",2:38,,2019-02-19
Arizona Coyotes,3,Edmonton Oilers,2,SO,"18,347",2:39,,2019-02-19
Buffalo Sabres,2,Florida Panthers,4,,"10,340",2:40,,2019-02-19
Anaheim Ducks,4,Minnesota Wild,0,,"18,533",2:32,,2019-02-19
Columbus Blue Jackets,2,Montreal Canadiens,3,,"20,858",2:26,,2019-02-19
Pittsburgh Penguins,4,New Jersey Devils,3,,"15,824",2:24,,2019-02-19
Tampa Bay Lightning,5,Philadelphia Flyers,2,,"18,932",2:32,,2019-02-19
Toronto Maple Leafs,2,St. Louis Blues,3,OT,"18,598",2:37,,2019-02-19
New York Islanders,2,Calgary Flames,4,,"18,632",2:24,,2019-02-20
Winnipeg Jets,1,Colorado Avalanche,7,,"15,021",2:36,,2019-02-20
Chicago Blackhawks,5,Detroit Red Wings,4,OT,"18,806",2:38,,2019-02-20
Boston Bruins,3,Vegas Golden Knights,2,SO,"18,222",2:38,,2019-02-20
St. Louis Blues,2,Dallas Stars,5,,"17,945",2:33,,2019-02-21
New York Islanders,3,Edmonton Oilers,4,OT,"18,347",2:31,,2019-02-21
Carolina Hurricanes,4,Florida Panthers,3,,"10,750",2:38,,2019-02-21
Philadelphia Flyers,1,Montreal Canadiens,5,,"21,302",2:32,,2019-02-21
Ottawa Senators,0,New Jersey Devils,4,,"12,964",2:13,,2019-02-21
Los Angeles Kings,1,Nashville Predators,2,,"17,510",2:23,,2019-02-21
Minnesota Wild,4,New York Rangers,1,,"17,271",2:29,,2019-02-21
San Jose Sharks,4,Pittsburgh Penguins,0,,"18,362",2:36,,2019-02-21
Buffalo Sabres,1,Tampa Bay Lightning,2,SO,"19,092",2:48,,2019-02-21
Washington Capitals,3,Toronto Maple Leafs,2,,"19,378",2:25,,2019-02-21
Arizona Coyotes,3,Vancouver Canucks,2,OT,"18,568",2:32,,2019-02-21
Anaheim Ducks,1,Calgary Flames,2,,"18,960",2:19,,2019-02-22
Colorado Avalanche,5,Chicago Blackhawks,3,,"21,653",2:27,,2019-02-22
Minnesota Wild,3,Detroit Red Wings,2,,"19,515",2:30,,2019-02-22
Columbus Blue Jackets,3,Ottawa Senators,0,,"13,918",2:20,,2019-02-22
Winnipeg Jets,6,Vegas Golden Knights,3,,"18,280",2:35,,2019-02-22
Washington Capitals,2,Buffalo Sabres,5,,"19,070",2:30,,2019-02-23
San Jose Sharks,0,Columbus Blue Jackets,4,,"19,025",2:21,,2019-02-23
Carolina Hurricanes,3,Dallas Stars,0,,"18,532",2:29,,2019-02-23
Anaheim Ducks,1,Edmonton Oilers,2,,"18,347",2:31,,2019-02-23
Los Angeles Kings,1,Florida Panthers,6,,"14,290",2:22,,2019-02-23
Colorado Avalanche,5,Nashville Predators,0,,"17,760",2:33,,2019-02-23
New Jersey Devils,2,New York Rangers,5,,"17,371",2:31,,2019-02-23
Pittsburgh Penguins,3,Philadelphia Flyers,4,OT,"69,620",2:54,,2019-02-23
Boston Bruins,1,St. Louis Blues,2,SO,"18,425",2:39,,2019-02-23
Montreal Canadiens,3,Toronto Maple Leafs,6,,"19,506",2:39,,2019-02-23
New York Islanders,4,Vancouver Canucks,0,,"18,871",2:22,,2019-02-23
Winnipeg Jets,1,Arizona Coyotes,4,,"17,125",2:28,,2019-02-24
Dallas Stars,4,Chicago Blackhawks,3,,"21,474",2:32,,2019-02-24
San Jose Sharks,5,Detroit Red Wings,3,,"19,515",2:32,,2019-02-24
St. Louis Blues,1,Minnesota Wild,2,OT,"18,645",2:31,,2019-02-24
Calgary Flames,2,Ottawa Senators,1,,"13,160",2:24,,2019-02-24
New York Rangers,5,Washington Capitals,6,OT,"18,506",2:40,,2019-02-24
Florida Panthers,4,Colorado Avalanche,3,OT,"14,338",2:41,,2019-02-25
Montreal Canadiens,1,New Jersey Devils,2,,"12,791",2:41,,2019-02-25
Edmonton Oilers,2,Nashville Predators,3,SO,"17,481",2:46,,2019-02-25
Los Angeles Kings,3,Tampa Bay Lightning,4,SO,"19,092",3:23,,2019-02-25
Buffalo Sabres,3,Toronto Maple Leafs,5,,"19,026",2:29,,2019-02-25
Anaheim Ducks,0,Vancouver Canucks,4,,"18,542",2:23,,2019-02-25
Florida Panthers,3,Arizona Coyotes,4,SO,"11,912",2:48,,2019-02-26
San Jose Sharks,1,Boston Bruins,4,,"17,565",2:26,,2019-02-26
Los Angeles Kings,1,Carolina Hurricanes,6,,"13,042",2:25,,2019-02-26
Pittsburgh Penguins,5,Columbus Blue Jackets,2,,"18,776",2:25,,2019-02-26
Montreal Canadiens,8,Detroit Red Wings,1,,"18,845",2:29,,2019-02-26
Calgary Flames,3,New York Islanders,1,,"13,097",2:26,,2019-02-26
Buffalo Sabres,2,Philadelphia Flyers,5,,"18,466",2:30,,2019-02-26
Nashville Predators,0,St. Louis Blues,2,,"16,645",2:20,,2019-02-26
Dallas Stars,1,Vegas Golden Knights,4,,"18,261",2:39,,2019-02-26
Minnesota Wild,3,Winnipeg Jets,2,,"15,321",2:21,,2019-02-26
Ottawa Senators,2,Washington Capitals,7,,"18,506",2:27,,2019-02-26
Chicago Blackhawks,4,Anaheim Ducks,3,,"16,689",2:28,,2019-02-27
Vancouver Canucks,2,Colorado Avalanche,3,SO,"14,867",2:48,,2019-02-27
Calgary Flames,2,New Jersey Devils,1,,"12,019",2:29,,2019-02-27
Tampa Bay Lightning,4,New York Rangers,3,OT,"17,012",2:39,,2019-02-27
Edmonton Oilers,2,Toronto Maple Leafs,6,,"19,356",2:28,,2019-02-27
Vancouver Canucks,2,Arizona Coyotes,5,,"12,767",2:26,,2019-02-28
Tampa Bay Lightning,1,Boston Bruins,4,,"17,565",2:25,,2019-02-28
Philadelphia Flyers,3,Columbus Blue Jackets,4,OT,"17,169",2:46,,2019-02-28
Dallas Stars,4,Los Angeles Kings,3,OT,"18,230",2:39,,2019-02-28
Toronto Maple Leafs,1,New York Islanders,6,,"13,917",2:40,,2019-02-28
Edmonton Oilers,4,Ottawa Senators,2,,"18,358",2:24,,2019-02-28
Florida Panthers,5,Vegas Golden Knights,6,SO,"18,281",2:50,,2019-02-28
Vegas Golden Knights,3,Anaheim Ducks,0,,"16,456",2:22,,2019-03-01
Pittsburgh Penguins,3,Buffalo Sabres,4,OT,"19,070",2:41,,2019-03-01
St. Louis Blues,2,Carolina Hurricanes,5,,"15,363",2:30,,2019-03-01
Philadelphia Flyers,6,New Jersey Devils,3,,"15,247",2:33,,2019-03-01
Washington Capitals,3,New York Islanders,1,,"13,971",2:31,,2019-03-01
Montreal Canadiens,4,New York Rangers,2,,"17,334",2:23,,2019-03-01
Colorado Avalanche,3,San Jose Sharks,4,,"17,351",2:27,,2019-03-01
Nashville Predators,3,Winnipeg Jets,5,,"15,321",2:34,,2019-03-01
Detroit Red Wings,1,Arizona Coyotes,3,,"15,552",2:33,,2019-03-02
New Jersey Devils,0,Boston Bruins,1,,"17,565",2:21,,2019-03-02
Edmonton Oilers,4,Columbus Blue Jackets,0,,"18,628",2:22,,2019-03-02
Minnesota Wild,4,Calgary Flames,2,,"19,289",2:38,,2019-03-02
Carolina Hurricanes,4,Florida Panthers,3,OT,"13,923",2:29,,2019-03-02
Chicago Blackhawks,3,Los Angeles Kings,6,,"18,230",2:24,,2019-03-02
Pittsburgh Penguins,5,Montreal Canadiens,1,,"21,302",2:28,,2019-03-02
Dallas Stars,4,St. Louis Blues,1,,"18,166",2:32,,2019-03-02
Ottawa Senators,1,Tampa Bay Lightning,5,,"19,092",2:34,,2019-03-02
Buffalo Sabres,2,Toronto Maple Leafs,5,,"19,088",2:27,,2019-03-02
Colorado Avalanche,1,Anaheim Ducks,2,,"16,690",2:30,,2019-03-03
Winnipeg Jets,5,Columbus Blue Jackets,2,,"16,091",2:24,,2019-03-03
Ottawa Senators,3,Florida Panthers,2,,"11,752",2:28,,2019-03-03
Nashville Predators,3,Minnesota Wild,2,SO,"18,885",2:34,,2019-03-03
Philadelphia Flyers,4,New York Islanders,1,,"13,917",2:31,,2019-03-03
Washington Capitals,3,New York Rangers,2,SO,"17,517",2:42,,2019-03-03
Chicago Blackhawks,2,San Jose Sharks,5,,"17,252",2:17,,2019-03-03
Vancouver Canucks,0,Vegas Golden Knights,3,,"18,303",2:26,,2019-03-03
Edmonton Oilers,4,Buffalo Sabres,3,,"17,775",2:32,,2019-03-04
Toronto Maple Leafs,6,Calgary Flames,2,,"19,289",2:31,,2019-03-04
Anaheim Ducks,3,Arizona Coyotes,1,,"11,305",2:31,,2019-03-05
Carolina Hurricanes,3,Boston Bruins,4,OT,"17,565",2:38,,2019-03-05
Detroit Red Wings,3,Colorado Avalanche,4,OT,"18,011",2:36,,2019-03-05
New York Rangers,0,Dallas Stars,1,,"17,974",2:29,,2019-03-05
Montreal Canadiens,3,Los Angeles Kings,1,,"17,764",2:22,,2019-03-05
Columbus Blue Jackets,2,New Jersey Devils,1,SO,"12,085",2:37,,2019-03-05
Minnesota Wild,4,Nashville Predators,5,SO,"17,668",2:43,,2019-03-05
Ottawa Senators,4,New York Islanders,5,SO,"11,445",2:33,,2019-03-05
Florida Panthers,2,Pittsburgh Penguins,3,OT,"18,484",2:34,,2019-03-05
Winnipeg Jets,2,Tampa Bay Lightning,5,,"19,092",2:37,,2019-03-05
St. Louis Blues,5,Anaheim Ducks,4,,"16,854",2:34,,2019-03-06
Washington Capitals,5,Philadelphia Flyers,3,,"19,232",2:23,,2019-03-06
Toronto Maple Leafs,2,Vancouver Canucks,3,OT,"18,871",2:31,,2019-03-06
Calgary Flames,1,Vegas Golden Knights,2,,"18,422",2:43,,2019-03-06
Calgary Flames,0,Arizona Coyotes,2,,"13,341",2:21,,2019-03-07
Florida Panthers,3,Boston Bruins,4,,"17,565",2:29,,2019-03-07
Buffalo Sabres,4,Chicago Blackhawks,5,SO,"21,500",2:38,,2019-03-07
Colorado Avalanche,0,Dallas Stars,4,,"18,011",2:22,,2019-03-07
New York Rangers,2,Detroit Red Wings,3,SO,"18,333",2:44,,2019-03-07
Vancouver Canucks,2,Edmonton Oilers,3,,"18,347",2:26,,2019-03-07
St. Louis Blues,4,Los Angeles Kings,0,,"17,837",2:26,,2019-03-07
New York Islanders,4,Ottawa Senators,2,,"11,967",2:30,,2019-03-07
Columbus Blue Jackets,0,Pittsburgh Penguins,3,,"18,611",2:31,,2019-03-07
Montreal Canadiens,2,San Jose Sharks,5,,"17,471",2:21,,2019-03-07
Minnesota Wild,3,Tampa Bay Lightning,0,,"19,092",2:26,,2019-03-07
Montreal Canadiens,2,Anaheim Ducks,8,,"16,580",2:36,,2019-03-08
Winnipeg Jets,8,Carolina Hurricanes,1,,"15,928",2:27,,2019-03-08
Minnesota Wild,2,Florida Panthers,6,,"12,388",2:25,,2019-03-08
New Jersey Devils,0,Washington Capitals,3,,"18,506",2:23,,2019-03-08
Los Angeles Kings,2,Arizona Coyotes,4,,"14,976",2:30,,2019-03-09
Ottawa Senators,2,Boston Bruins,3,,"17,565",2:20,,2019-03-09
Pittsburgh Penguins,1,Columbus Blue Jackets,4,,"19,146",2:28,,2019-03-09
Buffalo Sabres,0,Colorado Avalanche,3,,"18,052",2:34,,2019-03-09
Chicago Blackhawks,2,Dallas Stars,1,,"18,532",2:25,,2019-03-09
Toronto Maple Leafs,3,Edmonton Oilers,2,,"18,347",2:23,,2019-03-09
Carolina Hurricanes,5,Nashville Predators,3,,"17,724",2:28,,2019-03-09
Philadelphia Flyers,5,New York Islanders,2,,"13,917",2:34,,2019-03-09
New Jersey Devils,2,New York Rangers,4,,"17,386",2:32,,2019-03-09
St. Louis Blues,2,San Jose Sharks,3,OT,"17,562",2:19,,2019-03-09
Detroit Red Wings,2,Tampa Bay Lightning,3,,"19,092",2:40,,2019-03-09
Vegas Golden Knights,6,Vancouver Canucks,2,,"18,286",2:22,,2019-03-09
Los Angeles Kings,3,Anaheim Ducks,2,,"17,174",2:26,,2019-03-10
Vegas Golden Knights,3,Calgary Flames,6,,"19,086",2:33,,2019-03-10
Detroit Red Wings,1,Florida Panthers,6,,"15,238",2:27,,2019-03-10
Boston Bruins,2,Pittsburgh Penguins,4,,"18,578",2:29,,2019-03-10
Winnipeg Jets,1,Washington Capitals,3,,"18,506",2:29,,2019-03-10
Arizona Coyotes,1,Chicago Blackhawks,7,,"21,574",2:27,,2019-03-11
Carolina Hurricanes,3,Colorado Avalanche,0,,"16,711",2:19,,2019-03-11
New York Rangers,2,Edmonton Oilers,3,OT,"18,347",2:37,,2019-03-11
San Jose Sharks,3,Minnesota Wild,0,,"18,907",2:20,,2019-03-11
Columbus Blue Jackets,0,New York Islanders,2,,"11,827",2:15,,2019-03-11
Ottawa Senators,2,Philadelphia Flyers,3,,"18,193",2:22,,2019-03-11
Tampa Bay Lightning,6,Toronto Maple Leafs,2,,"19,491",2:28,,2019-03-11
Nashville Predators,2,Anaheim Ducks,3,,"16,811",2:29,,2019-03-12
Dallas Stars,2,Buffalo Sabres,0,,"17,830",2:22,,2019-03-12
Boston Bruins,4,Columbus Blue Jackets,7,,"16,554",2:30,,2019-03-12
New Jersey Devils,4,Calgary Flames,9,,"18,529",2:32,,2019-03-12
Detroit Red Wings,1,Montreal Canadiens,3,,"21,302",2:23,,2019-03-12
Washington Capitals,3,Pittsburgh Penguins,5,,"18,640",2:32,,2019-03-12
Arizona Coyotes,3,St. Louis Blues,1,,"18,428",2:20,,2019-03-12
San Jose Sharks,5,Winnipeg Jets,4,,"15,321",2:29,,2019-03-12
New Jersey Devils,6,Edmonton Oilers,3,,"18,347",2:37,,2019-03-13
Chicago Blackhawks,5,Toronto Maple Leafs,4,,"19,342",2:28,,2019-03-13
New York Rangers,1,Vancouver Canucks,4,,"18,225",2:20,,2019-03-13
Anaheim Ducks,1,Arizona Coyotes,6,,"14,202",2:28,,2019-03-14
Pittsburgh Penguins,5,Buffalo Sabres,0,,"18,680",2:24,,2019-03-14
Tampa Bay Lightning,5,Detroit Red Wings,4,,"19,515",2:29,,2019-03-14
Nashville Predators,3,Los Angeles Kings,1,,"17,730",2:20,,2019-03-14
Dallas Stars,4,Minnesota Wild,1,,"18,919",2:22,,2019-03-14
Montreal Canadiens,1,New York Islanders,2,,"13,274",2:28,,2019-03-14
St. Louis Blues,0,Ottawa Senators,2,,"13,378",2:23,,2019-03-14
Washington Capitals,5,Philadelphia Flyers,2,,"19,475",2:26,,2019-03-14
Florida Panthers,4,San Jose Sharks,2,,"17,388",2:20,,2019-03-14
Boston Bruins,3,Winnipeg Jets,4,,"15,321",2:28,,2019-03-14
Carolina Hurricanes,0,Columbus Blue Jackets,3,,"18,832",2:32,,2019-03-15
New York Rangers,1,Calgary Flames,5,,"18,956",2:24,,2019-03-15
Anaheim Ducks,5,Colorado Avalanche,3,,"18,025",2:29,,2019-03-15
Vegas Golden Knights,2,Dallas Stars,1,,"18,532",2:29,,2019-03-15
Philadelphia Flyers,6,Toronto Maple Leafs,7,,"19,290",2:43,,2019-03-15
New Jersey Devils,3,Vancouver Canucks,2,SO,"17,552",2:52,,2019-03-15
Edmonton Oilers,3,Arizona Coyotes,2,OT,"15,016",2:32,,2019-03-16
Columbus Blue Jackets,1,Boston Bruins,2,OT,"17,565",2:33,,2019-03-16
Buffalo Sabres,2,Carolina Hurricanes,4,,"15,171",2:21,,2019-03-16
New York Islanders,1,Detroit Red Wings,2,,"19,515",2:21,,2019-03-16
Florida Panthers,4,Los Angeles Kings,3,,"18,022",2:31,,2019-03-16
New York Rangers,2,Minnesota Wild,5,,"18,844",2:36,,2019-03-16
Chicago Blackhawks,2,Montreal Canadiens,0,,"21,302",2:24,,2019-03-16
Toronto Maple Leafs,2,Ottawa Senators,6,,"18,607",2:25,,2019-03-16
St. Louis Blues,5,Pittsburgh Penguins,1,,"18,641",2:24,,2019-03-16
Nashville Predators,4,San Jose Sharks,2,,"17,562",2:26,,2019-03-16
Washington Capitals,3,Tampa Bay Lightning,6,,"19,092",2:34,,2019-03-16
Calgary Flames,1,Winnipeg Jets,2,,"15,321",2:22,,2019-03-16
Florida Panthers,2,Anaheim Ducks,3,,"16,523",2:26,,2019-03-17
St. Louis Blues,3,Buffalo Sabres,4,SO,"18,486",2:34,,2019-03-17
New Jersey Devils,0,Colorado Avalanche,3,,"18,037",2:28,,2019-03-17
Vancouver Canucks,3,Dallas Stars,2,SO,"18,125",2:45,,2019-03-17
New York Islanders,3,Minnesota Wild,2,OT,"18,696",2:35,,2019-03-17
Philadelphia Flyers,2,Pittsburgh Penguins,1,OT,"18,636",2:41,,2019-03-17
Edmonton Oilers,3,Vegas Golden Knights,6,,"18,317",2:30,,2019-03-17
Vancouver Canucks,3,Chicago Blackhawks,2,OT,"21,496",2:25,,2019-03-18
Winnipeg Jets,3,Los Angeles Kings,2,,"17,842",2:24,,2019-03-18
Vegas Golden Knights,7,San Jose Sharks,3,,"17,487",2:27,,2019-03-18
Arizona Coyotes,1,Tampa Bay Lightning,4,,"19,092",2:29,,2019-03-18
Pittsburgh Penguins,2,Carolina Hurricanes,3,SO,"14,677",2:48,,2019-03-19
Columbus Blue Jackets,2,Calgary Flames,4,,"18,288",2:35,,2019-03-19
Florida Panthers,2,Dallas Stars,4,,"17,654",2:36,,2019-03-19
Colorado Avalanche,3,Minnesota Wild,1,,"18,785",2:38,,2019-03-19
Washington Capitals,4,New Jersey Devils,1,,"14,815",2:20,,2019-03-19
Toronto Maple Leafs,0,Nashville Predators,3,,"17,499",2:18,,2019-03-19
Boston Bruins,5,New York Islanders,0,,"13,917",2:27,,2019-03-19
Detroit Red Wings,3,New York Rangers,2,,"17,183",2:27,,2019-03-19
Montreal Canadiens,3,Philadelphia Flyers,1,,"19,045",2:21,,2019-03-19
Edmonton Oilers,2,St. Louis Blues,7,,"17,873",2:31,,2019-03-19
Winnipeg Jets,3,Anaheim Ducks,0,,"16,846",2:20,,2019-03-20
Toronto Maple Leafs,4,Buffalo Sabres,2,,"19,070",2:33,,2019-03-20
Ottawa Senators,4,Vancouver Canucks,7,,"18,500",2:30,,2019-03-20
Tampa Bay Lightning,5,Washington Capitals,4,OT,"18,506",2:49,,2019-03-20
Tampa Bay Lightning,6,Carolina Hurricanes,3,,"13,785",2:34,,2019-03-21
Ottawa Senators,1,Calgary Flames,5,,"18,793",2:20,,2019-03-21
Philadelphia Flyers,3,Chicago Blackhawks,1,,"21,484",2:25,,2019-03-21
Colorado Avalanche,3,Dallas Stars,1,,"17,543",2:26,,2019-03-21
Columbus Blue Jackets,1,Edmonton Oilers,4,,"18,347",2:25,,2019-03-21
Arizona Coyotes,2,Florida Panthers,4,,"12,576",2:32,,2019-03-21
San Jose Sharks,2,Los Angeles Kings,4,,"18,230",2:28,,2019-03-21
New York Islanders,0,Montreal Canadiens,4,,"21,302",2:22,,2019-03-21
Boston Bruins,5,New Jersey Devils,1,,"14,649",2:19,,2019-03-21
Pittsburgh Penguins,2,Nashville Predators,1,SO,"17,729",2:39,,2019-03-21
Detroit Red Wings,2,St. Louis Blues,5,,"18,272",2:16,,2019-03-21
Winnipeg Jets,0,Vegas Golden Knights,5,,"18,430",2:21,,2019-03-21
San Jose Sharks,3,Anaheim Ducks,4,OT,"17,174",2:22,,2019-03-22
Minnesota Wild,2,Washington Capitals,1,,"18,506",2:25,,2019-03-22
Minnesota Wild,1,Carolina Hurricanes,5,,"16,751",2:24,,2019-03-23
Chicago Blackhawks,2,Colorado Avalanche,4,,"17,099",2:26,,2019-03-23
Pittsburgh Penguins,3,Dallas Stars,2,,"18,532",2:31,,2019-03-23
Ottawa Senators,4,Edmonton Oilers,3,OT,"18,347",2:28,,2019-03-23
Boston Bruins,7,Florida Panthers,3,,"17,129",2:34,,2019-03-23
Anaheim Ducks,3,Los Angeles Kings,4,SO,"18,230",2:37,,2019-03-23
Buffalo Sabres,4,Montreal Canadiens,7,,"21,302",2:35,,2019-03-23
Arizona Coyotes,1,New Jersey Devils,2,SO,"16,514",2:37,,2019-03-23
New York Islanders,4,Philadelphia Flyers,2,,"19,668",2:25,,2019-03-23
Tampa Bay Lightning,3,St. Louis Blues,4,,"18,127",2:30,,2019-03-23
New York Rangers,2,Toronto Maple Leafs,1,OT,"19,251",2:34,,2019-03-23
Calgary Flames,3,Vancouver Canucks,1,,"18,685",2:26,,2019-03-23
Detroit Red Wings,3,Vegas Golden Knights,2,OT,"18,437",2:27,,2019-03-23
Nashville Predators,0,Winnipeg Jets,5,,"15,321",2:26,,2019-03-23
Montreal Canadiens,1,Carolina Hurricanes,2,OT,"14,437",2:38,,2019-03-24
Colorado Avalanche,1,Chicago Blackhawks,2,OT,"21,410",2:35,,2019-03-24
Arizona Coyotes,0,New York Islanders,2,,"13,917",2:20,,2019-03-24
Columbus Blue Jackets,5,Vancouver Canucks,0,,"17,805",2:23,,2019-03-24
Philadelphia Flyers,1,Washington Capitals,3,,"18,506",2:27,,2019-03-24
Los Angeles Kings,3,Calgary Flames,0,,"18,471",2:29,,2019-03-25
Nashville Predators,1,Minnesota Wild,0,,"18,833",2:28,,2019-03-25
Buffalo Sabres,1,New Jersey Devils,3,,"12,053",2:34,,2019-03-25
Pittsburgh Penguins,5,New York Rangers,2,,"17,401",2:23,,2019-03-25
Detroit Red Wings,3,San Jose Sharks,2,,"17,393",2:26,,2019-03-25
Vegas Golden Knights,1,St. Louis Blues,3,,"18,247",2:22,,2019-03-25
Boston Bruins,4,Tampa Bay Lightning,5,,"19,092",2:29,,2019-03-25
Florida Panthers,5,Toronto Maple Leafs,7,,"19,125",2:37,,2019-03-25
Dallas Stars,5,Winnipeg Jets,2,,"15,321",2:30,,2019-03-25
Chicago Blackhawks,0,Arizona Coyotes,1,,"15,055",2:19,,2019-03-26
New York Islanders,0,Columbus Blue Jackets,4,,"17,928",2:26,,2019-03-26
Los Angeles Kings,4,Edmonton Oilers,8,,"18,347",2:34,,2019-03-26
Florida Panthers,1,Montreal Canadiens,6,,"21,029",2:37,,2019-03-26
Buffalo Sabres,0,Ottawa Senators,4,,"12,074",2:21,,2019-03-26
Anaheim Ducks,5,Vancouver Canucks,4,,"17,633",2:28,,2019-03-26
Carolina Hurricanes,1,Washington Capitals,4,,"18,506",2:26,,2019-03-26
New York Rangers,3,Boston Bruins,6,,"17,565",2:36,,2019-03-27
Dallas Stars,2,Calgary Flames,1,,"18,881",2:36,,2019-03-27
Vegas Golden Knights,3,Colorado Avalanche,4,,"16,799",2:38,,2019-03-27
Toronto Maple Leafs,4,Philadelphia Flyers,5,SO,"19,205",2:39,,2019-03-27
Detroit Red Wings,5,Buffalo Sabres,4,OT,"16,236",2:37,,2019-03-28
Washington Capitals,3,Carolina Hurricanes,2,,"14,680",2:18,,2019-03-28
Montreal Canadiens,2,Columbus Blue Jackets,6,,"18,641",2:32,,2019-03-28
Dallas Stars,3,Edmonton Oilers,2,SO,"18,347",2:44,,2019-03-28
Florida Panthers,5,Ottawa Senators,2,,"14,230",2:26,,2019-03-28
Chicago Blackhawks,5,San Jose Sharks,4,,"17,364",2:25,,2019-03-28
Los Angeles Kings,2,Vancouver Canucks,3,SO,"18,524",2:38,,2019-03-28
New York Islanders,5,Winnipeg Jets,4,,"15,321",2:30,,2019-03-28
Anaheim Ducks,1,Calgary Flames,6,,"19,030",2:19,,2019-03-29
Arizona Coyotes,2,Colorado Avalanche,3,SO,"18,045",2:44,,2019-03-29
New Jersey Devils,0,Detroit Red Wings,4,,"19,515",2:21,,2019-03-29
St. Louis Blues,2,New York Rangers,4,,"17,567",2:21,,2019-03-29
Nashville Predators,3,Pittsburgh Penguins,1,,"18,632",2:26,,2019-03-29
Minnesota Wild,3,Vegas Golden Knights,2,,"18,492",2:28,,2019-03-29
Florida Panthers,4,Boston Bruins,1,,"17,565",2:25,,2019-03-30
Philadelphia Flyers,2,Carolina Hurricanes,5,,"17,833",2:29,,2019-03-30
Anaheim Ducks,5,Edmonton Oilers,1,,"18,347",2:21,,2019-03-30
Chicago Blackhawks,2,Los Angeles Kings,3,OT,"18,230",2:36,,2019-03-30
St. Louis Blues,3,New Jersey Devils,2,OT,"16,514",2:23,,2019-03-30
Columbus Blue Jackets,5,Nashville Predators,2,,"17,751",2:28,,2019-03-30
Buffalo Sabres,1,New York Islanders,5,,"13,917",2:25,,2019-03-30
Toronto Maple Leafs,2,Ottawa Senators,4,,"18,655",2:26,,2019-03-30
Vegas Golden Knights,3,San Jose Sharks,4,OT,"17,562",2:33,,2019-03-30
Washington Capitals,6,Tampa Bay Lightning,3,,"19,092",2:34,,2019-03-30
Dallas Stars,2,Vancouver Canucks,3,SO,"18,663",2:42,,2019-03-30
Montreal Canadiens,3,Winnipeg Jets,1,,"15,321",2:27,,2019-03-30
Minnesota Wild,0,Arizona Coyotes,4,,"17,431",2:30,,2019-03-31
Columbus Blue Jackets,4,Buffalo Sabres,0,,"17,990",2:23,,2019-03-31
Boston Bruins,3,Detroit Red Wings,6,,"19,515",2:29,,2019-03-31
New York Rangers,3,Philadelphia Flyers,0,,"19,437",2:21,,2019-03-31
Carolina Hurricanes,1,Pittsburgh Penguins,3,,"18,616",2:40,,2019-03-31
Calgary Flames,5,San Jose Sharks,3,,"17,313",2:22,,2019-03-31
Winnipeg Jets,4,Chicago Blackhawks,3,OT,"21,314",2:33,,2019-04-01
Washington Capitals,3,Florida Panthers,5,,"14,376",2:27,,2019-04-01
Calgary Flames,7,Los Angeles Kings,2,,"18,117",2:25,,2019-04-01
New York Rangers,2,New Jersey Devils,4,,"14,776",2:33,,2019-04-01
Toronto Maple Leafs,2,New York Islanders,1,,"13,917",2:28,,2019-04-01
Tampa Bay Lightning,5,Ottawa Senators,2,,"13,628",2:23,,2019-04-01
Colorado Avalanche,2,St. Louis Blues,3,SO,"17,767",2:32,,2019-04-01
Edmonton Oilers,1,Vegas Golden Knights,3,,"18,367",2:24,,2019-04-01
Los Angeles Kings,3,Arizona Coyotes,1,,"14,687",2:26,,2019-04-02
Nashville Predators,3,Buffalo Sabres,2,,"16,569",2:32,,2019-04-02
Boston Bruins,6,Columbus Blue Jackets,2,,"18,890",2:32,,2019-04-02
Edmonton Oilers,2,Colorado Avalanche,6,,"17,021",2:22,,2019-04-02
Philadelphia Flyers,2,Dallas Stars,6,,"18,532",2:37,,2019-04-02
Pittsburgh Penguins,1,Detroit Red Wings,4,,"19,515",2:27,,2019-04-02
Winnipeg Jets,1,Minnesota Wild,5,,"18,590",2:22,,2019-04-02
Tampa Bay Lightning,2,Montreal Canadiens,4,,"21,302",2:29,,2019-04-02
Carolina Hurricanes,4,Toronto Maple Leafs,1,,"19,097",2:34,,2019-04-02
San Jose Sharks,2,Vancouver Canucks,4,,"18,524",2:22,,2019-04-02
Calgary Flames,1,Anaheim Ducks,3,,"17,174",2:19,,2019-04-03
St. Louis Blues,3,Chicago Blackhawks,4,SO,"21,482",2:39,,2019-04-03
Ottawa Senators,4,New York Rangers,1,,"16,562",2:23,,2019-04-03
Ottawa Senators,2,Buffalo Sabres,5,,"17,988",2:25,,2019-04-04
New Jersey Devils,1,Carolina Hurricanes,3,,"17,645",2:25,,2019-04-04
Winnipeg Jets,2,Colorado Avalanche,3,OT,"18,003",2:33,,2019-04-04
San Jose Sharks,3,Edmonton Oilers,2,,"18,347",2:27,,2019-04-04
New York Islanders,2,Florida Panthers,1,SO,"13,775",2:53,,2019-04-04
Boston Bruins,3,Minnesota Wild,0,,"19,074",2:20,,2019-04-04
Vancouver Canucks,2,Nashville Predators,3,,"17,669",2:24,,2019-04-04
Detroit Red Wings,1,Pittsburgh Penguins,4,,"18,574",2:26,,2019-04-04
Philadelphia Flyers,3,St. Louis Blues,7,,"18,203",2:34,,2019-04-04
Tampa Bay Lightning,3,Toronto Maple Leafs,1,,"19,400",2:17,,2019-04-04
Arizona Coyotes,4,Vegas Golden Knights,1,,"18,485",2:28,,2019-04-04
Montreal Canadiens,1,Washington Capitals,2,,"18,506",2:22,,2019-04-04
Los Angeles Kings,2,Anaheim Ducks,5,,"17,306",2:31,,2019-04-05
Dallas Stars,1,Chicago Blackhawks,6,,"21,626",2:24,,2019-04-05
Columbus Blue Jackets,3,New York Rangers,2,SO,"17,341",2:43,,2019-04-05
Winnipeg Jets,4,Arizona Coyotes,2,,"17,125",2:29,,2019-04-06
Tampa Bay Lightning,6,Boston Bruins,3,,"17,565",2:23,,2019-04-06
Edmonton Oilers,3,Calgary Flames,1,,"19,289",2:25,,2019-04-06
Minnesota Wild,0,Dallas Stars,3,,"18,532",2:30,,2019-04-06
Buffalo Sabres,7,Detroit Red Wings,1,,"19,515",2:22,,2019-04-06
New Jersey Devils,4,Florida Panthers,3,OT,"15,259",2:45,,2019-04-06
Vegas Golden Knights,2,Los Angeles Kings,5,,"18,230",2:30,,2019-04-06
Toronto Maple Leafs,5,Montreal Canadiens,6,SO,"21,302",2:51,,2019-04-06
Chicago Blackhawks,2,Nashville Predators,5,,"17,694",2:24,,2019-04-06
Columbus Blue Jackets,6,Ottawa Senators,2,,"18,425",2:17,,2019-04-06
Carolina Hurricanes,4,Philadelphia Flyers,3,,"19,433",2:25,,2019-04-06
New York Rangers,4,Pittsburgh Penguins,3,OT,"18,660",2:34,,2019-04-06
Colorado Avalanche,2,San Jose Sharks,5,,"17,562",2:21,,2019-04-06
Vancouver Canucks,2,St. Louis Blues,3,SO,"17,970",2:35,,2019-04-06
New York Islanders,3,Washington Capitals,0,,"18,506",2:17,,2019-04-06
